family,k,allow_frac,allow_threshold,allow_failure_rate,disallow_frac,disallow_threshold,disallow_valid_rate
neg_mean_logprob (untrained),1,0.02,0.2784067988395691,0.0,0.02,0.4574239253997803,1.0
neg_mean_logprob (untrained),2,0.04,0.2909470796585083,0.5,0.04,0.4525146186351776,1.0
neg_mean_logprob (untrained),3,0.06,0.2976907789707184,0.6666666666666666,0.06,0.4513210654258728,1.0
neg_mean_logprob (untrained),4,0.08,0.2981824278831482,0.5,0.08,0.4464852809906006,0.75
neg_mean_logprob (untrained),5,0.1,0.300372838973999,0.6,0.1,0.4434898197650909,0.6
neg_mean_logprob (untrained),6,0.12,0.3109472393989563,0.5,0.12,0.4253300726413727,0.5
neg_mean_logprob (untrained),7,0.14,0.3122232854366302,0.42857142857142855,0.14,0.4235201776027679,0.42857142857142855
neg_mean_logprob (untrained),8,0.16,0.3147023320198059,0.5,0.16,0.4208883047103882,0.375
neg_mean_logprob (untrained),9,0.18,0.3147500157356262,0.5555555555555556,0.18,0.4170417785644531,0.3333333333333333
neg_mean_logprob (untrained),10,0.2,0.3185172975063324,0.6,0.2,0.4116317927837372,0.3
neg_mean_logprob (untrained),11,0.22,0.3195741176605224,0.5454545454545454,0.22,0.3992764353752136,0.2727272727272727
neg_mean_logprob (untrained),12,0.24,0.3219490051269531,0.5,0.24,0.3925175964832306,0.3333333333333333
neg_mean_logprob (untrained),13,0.26,0.3258369863033294,0.46153846153846156,0.26,0.38837730884552,0.38461538461538464
neg_mean_logprob (untrained),14,0.28,0.3262226581573486,0.5,0.28,0.3827164769172668,0.35714285714285715
neg_mean_logprob (untrained),15,0.3,0.332952082157135,0.4666666666666667,0.3,0.3767172694206238,0.3333333333333333
neg_mean_logprob (untrained),16,0.32,0.333268940448761,0.4375,0.32,0.3759225904941559,0.3125
neg_mean_logprob (untrained),17,0.34,0.3359304964542389,0.47058823529411764,0.34,0.3722708523273468,0.35294117647058826
neg_mean_logprob (untrained),18,0.36,0.3364169895648956,0.4444444444444444,0.36,0.3699455261230469,0.3888888888888889
neg_mean_logprob (untrained),19,0.38,0.3371767699718475,0.42105263157894735,0.38,0.3697442412376404,0.3684210526315789
neg_mean_logprob (untrained),20,0.4,0.3394053876399994,0.45,0.4,0.367888331413269,0.35
neg_mean_logprob (untrained),21,0.42,0.3481570482254028,0.47619047619047616,0.42,0.367807924747467,0.38095238095238093
neg_mean_logprob (untrained),22,0.44,0.3542762100696563,0.5,0.44,0.3671063184738159,0.36363636363636365
neg_mean_logprob (untrained),23,0.46,0.3574434816837311,0.5217391304347826,0.46,0.3659122884273529,0.34782608695652173
neg_mean_logprob (untrained),24,0.48,0.3596958220005035,0.5,0.48,0.3638668656349182,0.375
neg_mean_logprob (untrained),25,0.5,0.3618748486042022,0.48,0.5,0.3627861142158508,0.36
neg_mean_logprob (untrained),26,0.52,0.3627861142158508,0.5,0.52,0.3618748486042022,0.38461538461538464
neg_mean_logprob (untrained),27,0.54,0.3638668656349182,0.48148148148148145,0.54,0.3596958220005035,0.4074074074074074
neg_mean_logprob (untrained),28,0.56,0.3659122884273529,0.5,0.56,0.3574434816837311,0.39285714285714285
neg_mean_logprob (untrained),29,0.58,0.3671063184738159,0.5172413793103449,0.58,0.3542762100696563,0.3793103448275862
neg_mean_logprob (untrained),30,0.6,0.367807924747467,0.5,0.6,0.3481570482254028,0.36666666666666664
neg_mean_logprob (untrained),31,0.62,0.367888331413269,0.5161290322580645,0.62,0.3394053876399994,0.3548387096774194
neg_mean_logprob (untrained),32,0.64,0.3697442412376404,0.53125,0.64,0.3371767699718475,0.375
neg_mean_logprob (untrained),33,0.66,0.3699455261230469,0.5151515151515151,0.66,0.3364169895648956,0.3939393939393939
neg_mean_logprob (untrained),34,0.68,0.3722708523273468,0.5,0.68,0.3359304964542389,0.38235294117647056
neg_mean_logprob (untrained),35,0.7,0.3759225904941559,0.5142857142857142,0.7,0.333268940448761,0.4
neg_mean_logprob (untrained),36,0.72,0.3767172694206238,0.5277777777777778,0.72,0.332952082157135,0.4166666666666667
neg_mean_logprob (untrained),37,0.74,0.3827164769172668,0.5405405405405406,0.74,0.3262226581573486,0.40540540540540543
neg_mean_logprob (untrained),38,0.76,0.38837730884552,0.5263157894736842,0.76,0.3258369863033294,0.42105263157894735
neg_mean_logprob (untrained),39,0.78,0.3925175964832306,0.5128205128205128,0.78,0.3219490051269531,0.4358974358974359
neg_mean_logprob (untrained),40,0.8,0.3992764353752136,0.525,0.8,0.3195741176605224,0.45
neg_mean_logprob (untrained),41,0.82,0.4116317927837372,0.5365853658536586,0.82,0.3185172975063324,0.43902439024390244
neg_mean_logprob (untrained),42,0.84,0.4170417785644531,0.5476190476190477,0.84,0.3147500157356262,0.42857142857142855
neg_mean_logprob (untrained),43,0.86,0.4208883047103882,0.5581395348837209,0.86,0.3147023320198059,0.4186046511627907
neg_mean_logprob (untrained),44,0.88,0.4235201776027679,0.5681818181818182,0.88,0.3122232854366302,0.4318181818181818
neg_mean_logprob (untrained),45,0.9,0.4253300726413727,0.5777777777777777,0.9,0.3109472393989563,0.4444444444444444
neg_mean_logprob (untrained),46,0.92,0.4434898197650909,0.5869565217391305,0.92,0.300372838973999,0.43478260869565216
neg_mean_logprob (untrained),47,0.94,0.4464852809906006,0.5957446808510638,0.94,0.2981824278831482,0.44680851063829785
neg_mean_logprob (untrained),48,0.96,0.4513210654258728,0.5833333333333334,0.96,0.2976907789707184,0.4375
neg_mean_logprob (untrained),49,0.98,0.4525146186351776,0.5714285714285714,0.98,0.2909470796585083,0.42857142857142855
neg_mean_logprob (untrained),50,1.0,0.4574239253997803,0.56,1.0,0.2784067988395691,0.44
token_entropy (untrained),1,0.02,0.6376352310180664,0.0,0.02,1.0287472009658811,1.0
token_entropy (untrained),2,0.04,0.6649773716926575,0.5,0.04,1.022603154182434,0.5
token_entropy (untrained),3,0.06,0.6907127499580383,0.6666666666666666,0.06,1.0147850513458252,0.3333333333333333
token_entropy (untrained),4,0.08,0.7000775933265686,0.75,0.08,0.9843850135803224,0.5
token_entropy (untrained),5,0.1,0.7128632068634033,0.6,0.1,0.954939603805542,0.6
token_entropy (untrained),6,0.12,0.7161551713943481,0.5,0.12,0.9430239796638488,0.5
token_entropy (untrained),7,0.14,0.7214963436126709,0.5714285714285714,0.14,0.9192487001419068,0.42857142857142855
token_entropy (untrained),8,0.16,0.7246747016906738,0.5,0.16,0.9098350405693054,0.375
token_entropy (untrained),9,0.18,0.7247830629348755,0.5555555555555556,0.18,0.8982593417167664,0.3333333333333333
token_entropy (untrained),10,0.2,0.7272183299064636,0.6,0.2,0.8926888108253479,0.3
token_entropy (untrained),11,0.22,0.7318493723869324,0.5454545454545454,0.22,0.887279748916626,0.2727272727272727
token_entropy (untrained),12,0.24,0.7356119155883789,0.5833333333333334,0.24,0.8740400671958923,0.25
token_entropy (untrained),13,0.26,0.7490003705024719,0.5384615384615384,0.26,0.8728743195533752,0.23076923076923078
token_entropy (untrained),14,0.28,0.755448043346405,0.5,0.28,0.871225118637085,0.2857142857142857
token_entropy (untrained),15,0.3,0.7593638896942139,0.4666666666666667,0.3,0.8627246022224426,0.3333333333333333
token_entropy (untrained),16,0.32,0.761131227016449,0.4375,0.32,0.8560827374458313,0.3125
token_entropy (untrained),17,0.34,0.7650501728057861,0.4117647058823529,0.34,0.8532184362411499,0.35294117647058826
token_entropy (untrained),18,0.36,0.7794031500816345,0.3888888888888889,0.36,0.8514088988304138,0.3333333333333333
token_entropy (untrained),19,0.38,0.7824462056159973,0.42105263157894735,0.38,0.8513584136962891,0.3684210526315789
token_entropy (untrained),20,0.4,0.7877841591835022,0.45,0.4,0.8509586453437805,0.35
token_entropy (untrained),21,0.42,0.7942149639129639,0.47619047619047616,0.42,0.8498930931091309,0.38095238095238093
token_entropy (untrained),22,0.44,0.8192981481552124,0.45454545454545453,0.44,0.8481024503707886,0.4090909090909091
token_entropy (untrained),23,0.46,0.8213589787483215,0.4782608695652174,0.46,0.8478759527206421,0.43478260869565216
token_entropy (untrained),24,0.48,0.822159469127655,0.5,0.48,0.8425200581550598,0.4166666666666667
token_entropy (untrained),25,0.5,0.8326449990272522,0.52,0.5,0.8360341191291809,0.4
token_entropy (untrained),26,0.52,0.8360341191291809,0.5384615384615384,0.52,0.8326449990272522,0.38461538461538464
token_entropy (untrained),27,0.54,0.8425200581550598,0.5555555555555556,0.54,0.822159469127655,0.37037037037037035
token_entropy (untrained),28,0.56,0.8478759527206421,0.5357142857142857,0.56,0.8213589787483215,0.35714285714285715
token_entropy (untrained),29,0.58,0.8481024503707886,0.5172413793103449,0.58,0.8192981481552124,0.3793103448275862
token_entropy (untrained),30,0.6,0.8498930931091309,0.5,0.6,0.7942149639129639,0.36666666666666664
token_entropy (untrained),31,0.62,0.8509586453437805,0.5161290322580645,0.62,0.7877841591835022,0.3548387096774194
token_entropy (untrained),32,0.64,0.8513584136962891,0.5,0.64,0.7824462056159973,0.34375
token_entropy (untrained),33,0.66,0.8514088988304138,0.5151515151515151,0.66,0.7794031500816345,0.36363636363636365
token_entropy (untrained),34,0.68,0.8532184362411499,0.5,0.68,0.7650501728057861,0.38235294117647056
token_entropy (untrained),35,0.7,0.8560827374458313,0.5142857142857142,0.7,0.761131227016449,0.4
token_entropy (untrained),36,0.72,0.8627246022224426,0.5,0.72,0.7593638896942139,0.4166666666666667
token_entropy (untrained),37,0.74,0.871225118637085,0.4864864864864865,0.74,0.755448043346405,0.43243243243243246
token_entropy (untrained),38,0.76,0.8728743195533752,0.5,0.76,0.7490003705024719,0.4473684210526316
token_entropy (untrained),39,0.78,0.8740400671958923,0.5128205128205128,0.78,0.7356119155883789,0.4358974358974359
token_entropy (untrained),40,0.8,0.887279748916626,0.525,0.8,0.7318493723869324,0.45
token_entropy (untrained),41,0.82,0.8926888108253479,0.5365853658536586,0.82,0.7272183299064636,0.43902439024390244
token_entropy (untrained),42,0.84,0.8982593417167664,0.5476190476190477,0.84,0.7247830629348755,0.42857142857142855
token_entropy (untrained),43,0.86,0.9098350405693054,0.5581395348837209,0.86,0.7246747016906738,0.4418604651162791
token_entropy (untrained),44,0.88,0.9192487001419068,0.5681818181818182,0.88,0.7214963436126709,0.4318181818181818
token_entropy (untrained),45,0.9,0.9430239796638488,0.5777777777777777,0.9,0.7161551713943481,0.4444444444444444
token_entropy (untrained),46,0.92,0.954939603805542,0.5652173913043478,0.92,0.7128632068634033,0.45652173913043476
token_entropy (untrained),47,0.94,0.9843850135803224,0.5531914893617021,0.94,0.7000775933265686,0.44680851063829785
token_entropy (untrained),48,0.96,1.0147850513458252,0.5625,0.96,0.6907127499580383,0.4375
token_entropy (untrained),49,0.98,1.022603154182434,0.5714285714285714,0.98,0.6649773716926575,0.42857142857142855
token_entropy (untrained),50,1.0,1.0287472009658811,0.56,1.0,0.6376352310180664,0.44
context_action,1,0.02,0.1698893385680503,0.0,0.02,0.9979622266466908,0.0
context_action,2,0.04,0.1981380943868247,0.0,0.04,0.9968232376146164,0.0
context_action,3,0.06,0.2050916330304988,0.0,0.06,0.9137267872445968,0.0
context_action,4,0.08,0.2331871756504026,0.0,0.08,0.8154554805089557,0.0
context_action,5,0.1,0.2433318838698153,0.0,0.1,0.7710165216207722,0.2
context_action,6,0.12,0.2540462437934915,0.0,0.12,0.7537959007449886,0.16666666666666666
context_action,7,0.14,0.2560764312860689,0.0,0.14,0.7525085255018031,0.14285714285714285
context_action,8,0.16,0.3310136216995694,0.125,0.16,0.7329417102008711,0.125
context_action,9,0.18,0.3438369907949402,0.1111111111111111,0.18,0.7259194062630119,0.1111111111111111
context_action,10,0.2,0.3466836074738979,0.2,0.2,0.7243614471001284,0.1
context_action,11,0.22,0.3619346255151754,0.2727272727272727,0.22,0.7233395074733614,0.18181818181818182
context_action,12,0.24,0.3903913741602101,0.3333333333333333,0.24,0.7184698363793324,0.16666666666666666
context_action,13,0.26,0.4000531821710733,0.3076923076923077,0.26,0.6685980295249464,0.23076923076923078
context_action,14,0.28,0.4223444823736945,0.2857142857142857,0.28,0.6461938630655569,0.21428571428571427
context_action,15,0.3,0.4255705451426414,0.3333333333333333,0.3,0.6318763927113489,0.26666666666666666
context_action,16,0.32,0.4305864157816951,0.3125,0.32,0.6310923488020869,0.25
context_action,17,0.34,0.4375998770356664,0.35294117647058826,0.34,0.6256205314951973,0.23529411764705882
context_action,18,0.36,0.4478033783935194,0.3888888888888889,0.36,0.6108446037202757,0.2222222222222222
context_action,19,0.38,0.4513198122280697,0.3684210526315789,0.38,0.610404916908724,0.21052631578947367
context_action,20,0.4,0.4533347728608859,0.35,0.4,0.6083309089106493,0.2
context_action,21,0.42,0.4570070952881725,0.38095238095238093,0.42,0.5976292566791801,0.19047619047619047
context_action,22,0.44,0.4683507696407777,0.36363636363636365,0.44,0.5862182252657201,0.22727272727272727
context_action,23,0.46,0.4690902942790196,0.34782608695652173,0.46,0.572533745723625,0.21739130434782608
context_action,24,0.48,0.4730328523351699,0.375,0.48,0.5470031909498333,0.25
context_action,25,0.5,0.490257545295083,0.36,0.5,0.4956575416364079,0.24
context_action,26,0.52,0.4956575416364079,0.38461538461538464,0.52,0.490257545295083,0.2692307692307692
context_action,27,0.54,0.5470031909498333,0.37037037037037035,0.54,0.4730328523351699,0.25925925925925924
context_action,28,0.56,0.572533745723625,0.39285714285714285,0.56,0.4690902942790196,0.2857142857142857
context_action,29,0.58,0.5862182252657201,0.3793103448275862,0.58,0.4683507696407777,0.3103448275862069
context_action,30,0.6,0.5976292566791801,0.4,0.6,0.4570070952881725,0.3
context_action,31,0.62,0.6083309089106493,0.41935483870967744,0.62,0.4533347728608859,0.3225806451612903
context_action,32,0.64,0.610404916908724,0.4375,0.64,0.4513198122280697,0.34375
context_action,33,0.66,0.6108446037202757,0.45454545454545453,0.66,0.4478033783935194,0.3333333333333333
context_action,34,0.68,0.6256205314951973,0.47058823529411764,0.68,0.4375998770356664,0.3235294117647059
context_action,35,0.7,0.6310923488020869,0.4857142857142857,0.7,0.4305864157816951,0.34285714285714286
context_action,36,0.72,0.6318763927113489,0.4722222222222222,0.72,0.4255705451426414,0.3333333333333333
context_action,37,0.74,0.6461938630655569,0.4864864864864865,0.74,0.4223444823736945,0.35135135135135137
context_action,38,0.76,0.6685980295249464,0.47368421052631576,0.76,0.4000531821710733,0.3684210526315789
context_action,39,0.78,0.7184698363793324,0.48717948717948717,0.78,0.3903913741602101,0.358974358974359
context_action,40,0.8,0.7233395074733614,0.475,0.8,0.3619346255151754,0.35
context_action,41,0.82,0.7243614471001284,0.4878048780487805,0.82,0.3466836074738979,0.34146341463414637
context_action,42,0.84,0.7259194062630119,0.5,0.84,0.3438369907949402,0.35714285714285715
context_action,43,0.86,0.7329417102008711,0.5116279069767442,0.86,0.3310136216995694,0.3488372093023256
context_action,44,0.88,0.7525085255018031,0.5227272727272727,0.88,0.2560764312860689,0.36363636363636365
context_action,45,0.9,0.7537959007449886,0.5333333333333333,0.9,0.2540462437934915,0.37777777777777777
context_action,46,0.92,0.7710165216207722,0.5217391304347826,0.92,0.2433318838698153,0.391304347826087
context_action,47,0.94,0.8154554805089557,0.5319148936170213,0.94,0.2331871756504026,0.40425531914893614
context_action,48,0.96,0.9137267872445968,0.5416666666666666,0.96,0.2050916330304988,0.4166666666666667
context_action,49,0.98,0.9968232376146164,0.5510204081632653,0.98,0.1981380943868247,0.42857142857142855
context_action,50,1.0,0.9979622266466908,0.56,1.0,0.1698893385680503,0.44
token_confidence,1,0.02,0.4579657526016049,1.0,0.02,0.7820419158085619,0.0
token_confidence,2,0.04,0.473607773624764,1.0,0.04,0.7763345604149002,0.0
token_confidence,3,0.06,0.502423986861283,0.6666666666666666,0.06,0.7743193620462616,0.0
token_confidence,4,0.08,0.5050302966119017,0.75,0.08,0.7568048329408293,0.0
token_confidence,5,0.1,0.5053921916555049,0.8,0.1,0.7444519469165495,0.0
token_confidence,6,0.12,0.5066921115546608,0.6666666666666666,0.12,0.7349643616974045,0.16666666666666666
token_confidence,7,0.14,0.5074669490724726,0.5714285714285714,0.14,0.6686423815221854,0.2857142857142857
token_confidence,8,0.16,0.5084529292375642,0.5,0.16,0.6579957770364775,0.375
token_confidence,9,0.18,0.5092065126037353,0.4444444444444444,0.18,0.6410183713685063,0.3333333333333333
token_confidence,10,0.2,0.5108264548389119,0.5,0.2,0.6381737190963186,0.4
token_confidence,11,0.22,0.5205929112681698,0.5454545454545454,0.22,0.6368009558909169,0.36363636363636365
token_confidence,12,0.24,0.5335503343938733,0.5,0.24,0.6281391933331107,0.4166666666666667
token_confidence,13,0.26,0.5452347839646583,0.5384615384615384,0.26,0.6200511031752001,0.46153846153846156
token_confidence,14,0.28,0.5539028748190971,0.5714285714285714,0.28,0.6169685456237588,0.42857142857142855
token_confidence,15,0.3,0.5542609606670801,0.5333333333333333,0.3,0.6162271685170545,0.4666666666666667
token_confidence,16,0.32,0.5652871533510625,0.5,0.32,0.6152807977797405,0.5
token_confidence,17,0.34,0.5654794305875496,0.5294117647058824,0.34,0.6149298845431268,0.5294117647058824
token_confidence,18,0.36,0.5689153754968943,0.5555555555555556,0.36,0.6112160368601114,0.5
token_confidence,19,0.38,0.5763960456184613,0.5789473684210527,0.38,0.6026625186662818,0.5263157894736842
token_confidence,20,0.4,0.5775838124487352,0.55,0.4,0.6011538961456865,0.55
token_confidence,21,0.42,0.5817512803464238,0.5714285714285714,0.42,0.5962521393304808,0.5238095238095238
token_confidence,22,0.44,0.5823583460987108,0.5454545454545454,0.44,0.5927933390765404,0.5
token_confidence,23,0.46,0.5826194055376985,0.5652173913043478,0.46,0.5871290511912023,0.4782608695652174
token_confidence,24,0.48,0.5840539748754484,0.5833333333333334,0.48,0.58637941280449,0.4583333333333333
token_confidence,25,0.5,0.5859462073384993,0.6,0.5,0.5862044015819187,0.48
token_confidence,26,0.52,0.5862044015819187,0.5769230769230769,0.52,0.5859462073384993,0.46153846153846156
token_confidence,27,0.54,0.58637941280449,0.5925925925925926,0.54,0.5840539748754484,0.4444444444444444
token_confidence,28,0.56,0.5871290511912023,0.6071428571428571,0.56,0.5826194055376985,0.42857142857142855
token_confidence,29,0.58,0.5927933390765404,0.6206896551724138,0.58,0.5823583460987108,0.4482758620689655
token_confidence,30,0.6,0.5962521393304808,0.6333333333333333,0.6,0.5817512803464238,0.43333333333333335
token_confidence,31,0.62,0.6011538961456865,0.6129032258064516,0.62,0.5775838124487352,0.45161290322580644
token_confidence,32,0.64,0.6026625186662818,0.59375,0.64,0.5763960456184613,0.4375
token_confidence,33,0.66,0.6112160368601114,0.6060606060606061,0.66,0.5689153754968943,0.42424242424242425
token_confidence,34,0.68,0.6149298845431268,0.5882352941176471,0.68,0.5654794305875496,0.4117647058823529
token_confidence,35,0.7,0.6152807977797405,0.5714285714285714,0.7,0.5652871533510625,0.42857142857142855
token_confidence,36,0.72,0.6162271685170545,0.5555555555555556,0.72,0.5542609606670801,0.4444444444444444
token_confidence,37,0.74,0.6169685456237588,0.5675675675675675,0.74,0.5539028748190971,0.43243243243243246
token_confidence,38,0.76,0.6200511031752001,0.5526315789473685,0.76,0.5452347839646583,0.42105263157894735
token_confidence,39,0.78,0.6281391933331107,0.5384615384615384,0.78,0.5335503343938733,0.4358974358974359
token_confidence,40,0.8,0.6368009558909169,0.55,0.8,0.5205929112681698,0.425
token_confidence,41,0.82,0.6381737190963186,0.5365853658536586,0.82,0.5108264548389119,0.4146341463414634
token_confidence,42,0.84,0.6410183713685063,0.5476190476190477,0.84,0.5092065126037353,0.42857142857142855
token_confidence,43,0.86,0.6579957770364775,0.5348837209302325,0.86,0.5084529292375642,0.4418604651162791
token_confidence,44,0.88,0.6686423815221854,0.5227272727272727,0.88,0.5074669490724726,0.45454545454545453
token_confidence,45,0.9,0.7349643616974045,0.5111111111111111,0.9,0.5066921115546608,0.4666666666666667
token_confidence,46,0.92,0.7444519469165495,0.5217391304347826,0.92,0.5053921916555049,0.45652173913043476
token_confidence,47,0.94,0.7568048329408293,0.5319148936170213,0.94,0.5050302966119017,0.44680851063829785
token_confidence,48,0.96,0.7743193620462616,0.5416666666666666,0.96,0.502423986861283,0.4583333333333333
token_confidence,49,0.98,0.7763345604149002,0.5510204081632653,0.98,0.473607773624764,0.4489795918367347
token_confidence,50,1.0,0.7820419158085619,0.56,1.0,0.4579657526016049,0.44
attention,1,0.02,0.3871450938512836,1.0,0.02,0.9030899240510112,0.0
attention,2,0.04,0.476033824235754,0.5,0.04,0.8101057973936842,0.5
attention,3,0.06,0.479849168589973,0.3333333333333333,0.06,0.8041103159125825,0.6666666666666666
attention,4,0.08,0.4892828331350203,0.25,0.08,0.8000373745367193,0.5
attention,5,0.1,0.4973223462592287,0.2,0.1,0.7671102253434849,0.4
attention,6,0.12,0.4976217128293566,0.16666666666666666,0.12,0.7664632257086742,0.5
attention,7,0.14,0.5071152789794212,0.2857142857142857,0.14,0.7561504656883471,0.42857142857142855
attention,8,0.16,0.5073325656923883,0.25,0.16,0.7551734055812124,0.5
attention,9,0.18,0.5146820521661163,0.2222222222222222,0.18,0.740604884245168,0.5555555555555556
attention,10,0.2,0.5268947305529543,0.3,0.2,0.7311847545365077,0.5
attention,11,0.22,0.531738385602507,0.36363636363636365,0.22,0.7251574195670834,0.45454545454545453
attention,12,0.24,0.5318155865507297,0.4166666666666667,0.24,0.7184509830992811,0.4166666666666667
attention,13,0.26,0.5330917895248904,0.46153846153846156,0.26,0.6585417635654387,0.46153846153846156
attention,14,0.28,0.5339138248035505,0.5,0.28,0.6354292320249373,0.5
attention,15,0.3,0.5469320086936759,0.4666666666666667,0.3,0.6312613600278909,0.4666666666666667
attention,16,0.32,0.5600518723374187,0.5,0.32,0.6276820645757781,0.5
attention,17,0.34,0.5650265323073145,0.47058823529411764,0.34,0.623419929765066,0.47058823529411764
attention,18,0.36,0.5654350412165893,0.5,0.36,0.6142905878736731,0.4444444444444444
attention,19,0.38,0.5673253972847876,0.5263157894736842,0.38,0.6137158625170519,0.42105263157894735
attention,20,0.4,0.5713102956317558,0.55,0.4,0.5969361963156784,0.45
attention,21,0.42,0.5713274068131535,0.5714285714285714,0.42,0.5948316811021499,0.42857142857142855
attention,22,0.44,0.5733503060166277,0.5454545454545454,0.44,0.5920114471055493,0.4090909090909091
attention,23,0.46,0.5756687768763569,0.5217391304347826,0.46,0.591787792956021,0.43478260869565216
attention,24,0.48,0.5796516208638834,0.5416666666666666,0.48,0.5887867291594844,0.4166666666666667
attention,25,0.5,0.5833514050961599,0.52,0.5,0.5851504822877501,0.4
attention,26,0.52,0.5851504822877501,0.5384615384615384,0.52,0.5833514050961599,0.4230769230769231
attention,27,0.54,0.5887867291594844,0.5555555555555556,0.54,0.5796516208638834,0.4074074074074074
attention,28,0.56,0.591787792956021,0.5357142857142857,0.56,0.5756687768763569,0.42857142857142855
attention,29,0.58,0.5920114471055493,0.5517241379310345,0.58,0.5733503060166277,0.4482758620689655
attention,30,0.6,0.5948316811021499,0.5666666666666667,0.6,0.5713274068131535,0.43333333333333335
attention,31,0.62,0.5969361963156784,0.5483870967741935,0.62,0.5713102956317558,0.41935483870967744
attention,32,0.64,0.6137158625170519,0.5625,0.64,0.5673253972847876,0.40625
attention,33,0.66,0.6142905878736731,0.5757575757575758,0.66,0.5654350412165893,0.3939393939393939
attention,34,0.68,0.623419929765066,0.5882352941176471,0.68,0.5650265323073145,0.4117647058823529
attention,35,0.7,0.6276820645757781,0.5714285714285714,0.7,0.5600518723374187,0.4
attention,36,0.72,0.6312613600278909,0.5833333333333334,0.72,0.5469320086936759,0.4166666666666667
attention,37,0.74,0.6354292320249373,0.5675675675675675,0.74,0.5339138248035505,0.40540540540540543
attention,38,0.76,0.6585417635654387,0.5526315789473685,0.76,0.5330917895248904,0.39473684210526316
attention,39,0.78,0.7184509830992811,0.5641025641025641,0.78,0.5318155865507297,0.38461538461538464
attention,40,0.8,0.7251574195670834,0.575,0.8,0.531738385602507,0.375
attention,41,0.82,0.7311847545365077,0.5853658536585366,0.82,0.5268947305529543,0.36585365853658536
attention,42,0.84,0.740604884245168,0.5714285714285714,0.84,0.5146820521661163,0.38095238095238093
attention,43,0.86,0.7551734055812124,0.5581395348837209,0.86,0.5073325656923883,0.3953488372093023
attention,44,0.88,0.7561504656883471,0.5681818181818182,0.88,0.5071152789794212,0.38636363636363635
attention,45,0.9,0.7664632257086742,0.5555555555555556,0.9,0.4976217128293566,0.4
attention,46,0.92,0.7671102253434849,0.5652173913043478,0.92,0.4973223462592287,0.41304347826086957
attention,47,0.94,0.8000373745367193,0.574468085106383,0.94,0.4892828331350203,0.425531914893617
attention,48,0.96,0.8041103159125825,0.5625,0.96,0.479849168589973,0.4375
attention,49,0.98,0.8101057973936842,0.5510204081632653,0.98,0.476033824235754,0.4489795918367347
attention,50,1.0,0.9030899240510112,0.56,1.0,0.3871450938512836,0.44
attention+token_confidence,1,0.02,0.4262822028217515,0.0,0.02,0.8757143723632832,0.0
attention+token_confidence,2,0.04,0.4578607576405616,0.5,0.04,0.8422112351556101,0.0
attention+token_confidence,3,0.06,0.4609899991051264,0.3333333333333333,0.06,0.773779709339199,0.0
attention+token_confidence,4,0.08,0.4878537266449659,0.5,0.08,0.7659687719193782,0.25
attention+token_confidence,5,0.1,0.4881904460042055,0.4,0.1,0.7577353273590194,0.2
attention+token_confidence,6,0.12,0.4894937623034702,0.5,0.12,0.757645913571335,0.3333333333333333
attention+token_confidence,7,0.14,0.4954722031440824,0.5714285714285714,0.14,0.7546667457426914,0.2857142857142857
attention+token_confidence,8,0.16,0.4963634705330154,0.5,0.16,0.7522719969820947,0.375
attention+token_confidence,9,0.18,0.5078272619560462,0.4444444444444444,0.18,0.7485541467029757,0.3333333333333333
attention+token_confidence,10,0.2,0.5167586619891408,0.5,0.2,0.7399372102743147,0.4
attention+token_confidence,11,0.22,0.5283649216914774,0.5454545454545454,0.22,0.72255845685975,0.45454545454545453
attention+token_confidence,12,0.24,0.5301273905832758,0.5833333333333334,0.24,0.7176510537412759,0.4166666666666667
attention+token_confidence,13,0.26,0.5304901080004033,0.6153846153846154,0.26,0.6925612256480062,0.46153846153846156
attention+token_confidence,14,0.28,0.5322308048542085,0.6428571428571429,0.28,0.6628772244414273,0.5
attention+token_confidence,15,0.3,0.5346210593543188,0.6,0.3,0.646978708205278,0.5333333333333333
attention+token_confidence,16,0.32,0.5358351236625654,0.625,0.32,0.6453301060885505,0.5
attention+token_confidence,17,0.34,0.5363676759854035,0.6470588235294118,0.34,0.612205019129002,0.47058823529411764
attention+token_confidence,18,0.36,0.5445578538951903,0.6666666666666666,0.36,0.6117786742214175,0.5
attention+token_confidence,19,0.38,0.5489750505065455,0.6842105263157895,0.38,0.609847312603738,0.47368421052631576
attention+token_confidence,20,0.4,0.5500903281211186,0.65,0.4,0.6033914874573786,0.45
attention+token_confidence,21,0.42,0.551180891045496,0.6190476190476191,0.42,0.6003386419019455,0.47619047619047616
attention+token_confidence,22,0.44,0.556627303620987,0.5909090909090909,0.44,0.5958304787134865,0.45454545454545453
attention+token_confidence,23,0.46,0.5667969618460504,0.5652173913043478,0.46,0.5870602651766852,0.43478260869565216
attention+token_confidence,24,0.48,0.5706906669636576,0.5416666666666666,0.48,0.5844202969483249,0.4166666666666667
attention+token_confidence,25,0.5,0.5710404765298263,0.56,0.5,0.5777189963947162,0.44
attention+token_confidence,26,0.52,0.5777189963947162,0.5384615384615384,0.52,0.5710404765298263,0.4230769230769231
attention+token_confidence,27,0.54,0.5844202969483249,0.5555555555555556,0.54,0.5706906669636576,0.4444444444444444
attention+token_confidence,28,0.56,0.5870602651766852,0.5714285714285714,0.56,0.5667969618460504,0.4642857142857143
attention+token_confidence,29,0.58,0.5958304787134865,0.5862068965517241,0.58,0.556627303620987,0.4827586206896552
attention+token_confidence,30,0.6,0.6003386419019455,0.5666666666666667,0.6,0.551180891045496,0.5
attention+token_confidence,31,0.62,0.6033914874573786,0.5806451612903226,0.62,0.5500903281211186,0.5161290322580645
attention+token_confidence,32,0.64,0.609847312603738,0.59375,0.64,0.5489750505065455,0.5
attention+token_confidence,33,0.66,0.6117786742214175,0.5757575757575758,0.66,0.5445578538951903,0.48484848484848486
attention+token_confidence,34,0.68,0.612205019129002,0.5882352941176471,0.68,0.5363676759854035,0.47058823529411764
attention+token_confidence,35,0.7,0.6453301060885505,0.6,0.7,0.5358351236625654,0.45714285714285713
attention+token_confidence,36,0.72,0.646978708205278,0.5833333333333334,0.72,0.5346210593543188,0.4722222222222222
attention+token_confidence,37,0.74,0.6628772244414273,0.5675675675675675,0.74,0.5322308048542085,0.4594594594594595
attention+token_confidence,38,0.76,0.6925612256480062,0.5526315789473685,0.76,0.5304901080004033,0.4473684210526316
attention+token_confidence,39,0.78,0.7176510537412759,0.5641025641025641,0.78,0.5301273905832758,0.4358974358974359
attention+token_confidence,40,0.8,0.72255845685975,0.55,0.8,0.5283649216914774,0.425
attention+token_confidence,41,0.82,0.7399372102743147,0.5365853658536586,0.82,0.5167586619891408,0.4146341463414634
attention+token_confidence,42,0.84,0.7485541467029757,0.5476190476190477,0.84,0.5078272619560462,0.42857142857142855
attention+token_confidence,43,0.86,0.7522719969820947,0.5348837209302325,0.86,0.4963634705330154,0.4418604651162791
attention+token_confidence,44,0.88,0.7546667457426914,0.5454545454545454,0.88,0.4954722031440824,0.4318181818181818
attention+token_confidence,45,0.9,0.757645913571335,0.5333333333333333,0.9,0.4894937623034702,0.4222222222222222
attention+token_confidence,46,0.92,0.7577353273590194,0.5434782608695652,0.92,0.4881904460042055,0.43478260869565216
attention+token_confidence,47,0.94,0.7659687719193782,0.5319148936170213,0.94,0.4878537266449659,0.425531914893617
attention+token_confidence,48,0.96,0.773779709339199,0.5416666666666666,0.96,0.4609899991051264,0.4375
attention+token_confidence,49,0.98,0.8422112351556101,0.5510204081632653,0.98,0.4578607576405616,0.42857142857142855
attention+token_confidence,50,1.0,0.8757143723632832,0.56,1.0,0.4262822028217515,0.44
all_internal,1,0.02,0.5946496952635765,0.0,0.02,0.6119151912930557,1.0
all_internal,2,0.04,0.5946496952635765,0.5,0.04,0.6119151912930557,0.5
all_internal,3,0.06,0.5946496952635765,0.6666666666666666,0.06,0.6108345891511927,0.3333333333333333
all_internal,4,0.08,0.5946496952635765,0.5,0.08,0.6093926922548334,0.5
all_internal,5,0.1,0.5946496952635765,0.6,0.1,0.6093609650771165,0.4
all_internal,6,0.12,0.5946496952635765,0.6666666666666666,0.12,0.6091989283862853,0.5
all_internal,7,0.14,0.5946496952635765,0.7142857142857143,0.14,0.6086923169468174,0.42857142857142855
all_internal,8,0.16,0.5946496952635765,0.625,0.16,0.6084508525089436,0.5
all_internal,9,0.18,0.5946496952635765,0.6666666666666666,0.18,0.6073515888330988,0.4444444444444444
all_internal,10,0.2,0.5946496952635765,0.7,0.2,0.6071127273277197,0.4
all_internal,11,0.22,0.5946496952635765,0.6363636363636364,0.22,0.6058832676193013,0.36363636363636365
all_internal,12,0.24,0.5952495142637644,0.5833333333333334,0.24,0.6058687565881182,0.3333333333333333
all_internal,13,0.26,0.5962476958127351,0.5384615384615384,0.26,0.6049261925135677,0.38461538461538464
all_internal,14,0.28,0.59667277108041,0.5714285714285714,0.28,0.6042793888682507,0.35714285714285715
all_internal,15,0.3,0.5967808551962374,0.5333333333333333,0.3,0.6040516782549006,0.3333333333333333
all_internal,16,0.32,0.5970719709408752,0.5625,0.32,0.6038467085978485,0.375
all_internal,17,0.34,0.5972018322200907,0.5882352941176471,0.34,0.6032413740195799,0.4117647058823529
all_internal,18,0.36,0.5973171321130629,0.5555555555555556,0.36,0.6030879677544513,0.4444444444444444
all_internal,19,0.38,0.5979288919519467,0.5263157894736842,0.38,0.6029434586231881,0.47368421052631576
all_internal,20,0.4,0.597953948547547,0.5,0.4,0.6025370575137159,0.45
all_internal,21,0.42,0.5994893325714389,0.5238095238095238,0.42,0.6024593289780121,0.42857142857142855
all_internal,22,0.44,0.599535743957492,0.5,0.44,0.6022614457364817,0.45454545454545453
all_internal,23,0.46,0.6007681357116066,0.5217391304347826,0.46,0.6019717865176176,0.43478260869565216
all_internal,24,0.48,0.6008013684573391,0.5416666666666666,0.48,0.6018117265962621,0.4166666666666667
all_internal,25,0.5,0.6013527079484531,0.56,0.5,0.6017564248351586,0.44
all_internal,26,0.52,0.6017564248351586,0.5384615384615384,0.52,0.6013527079484531,0.4230769230769231
all_internal,27,0.54,0.6018117265962621,0.5555555555555556,0.54,0.6008013684573391,0.4074074074074074
all_internal,28,0.56,0.6019717865176176,0.5714285714285714,0.56,0.6007681357116066,0.39285714285714285
all_internal,29,0.58,0.6022614457364817,0.5517241379310345,0.58,0.599535743957492,0.41379310344827586
all_internal,30,0.6,0.6024593289780121,0.5666666666666667,0.6,0.5994893325714389,0.4
all_internal,31,0.62,0.6025370575137159,0.5806451612903226,0.62,0.597953948547547,0.41935483870967744
all_internal,32,0.64,0.6029434586231881,0.5625,0.64,0.5979288919519467,0.4375
all_internal,33,0.66,0.6030879677544513,0.5454545454545454,0.66,0.5973171321130629,0.45454545454545453
all_internal,34,0.68,0.6032413740195799,0.5294117647058824,0.68,0.5972018322200907,0.4411764705882353
all_internal,35,0.7,0.6038467085978485,0.5142857142857142,0.7,0.5970719709408752,0.42857142857142855
all_internal,36,0.72,0.6040516782549006,0.5277777777777778,0.72,0.5967808551962374,0.4444444444444444
all_internal,37,0.74,0.6042793888682507,0.5405405405405406,0.74,0.59667277108041,0.43243243243243246
all_internal,38,0.76,0.6049261925135677,0.5263157894736842,0.76,0.5962476958127351,0.4473684210526316
all_internal,39,0.78,0.6058687565881182,0.5384615384615384,0.78,0.5952495142637644,0.46153846153846156
all_internal,40,0.8,0.6058832676193013,0.55,0.8,0.5946496952635765,0.475
all_internal,41,0.82,0.6071127273277197,0.5609756097560976,0.82,0.5946496952635765,0.4634146341463415
all_internal,42,0.84,0.6073515888330988,0.5714285714285714,0.84,0.5946496952635765,0.4523809523809524
all_internal,43,0.86,0.6084508525089436,0.5581395348837209,0.86,0.5946496952635765,0.46511627906976744
all_internal,44,0.88,0.6086923169468174,0.5681818181818182,0.88,0.5946496952635765,0.45454545454545453
all_internal,45,0.9,0.6091989283862853,0.5555555555555556,0.9,0.5946496952635765,0.4444444444444444
all_internal,46,0.92,0.6093609650771165,0.5652173913043478,0.92,0.5946496952635765,0.43478260869565216
all_internal,47,0.94,0.6093926922548334,0.5531914893617021,0.94,0.5946496952635765,0.44680851063829785
all_internal,48,0.96,0.6108345891511927,0.5625,0.96,0.5946496952635765,0.4375
all_internal,49,0.98,0.6119151912930557,0.5510204081632653,0.98,0.5946496952635765,0.42857142857142855
all_internal,50,1.0,0.6119151912930557,0.56,1.0,0.5946496952635765,0.44
context_action+all_internal,1,0.02,0.5973472605594394,0.0,0.02,0.6012414366456988,1.0
context_action+all_internal,2,0.04,0.5973778500493351,0.5,0.04,0.6012414366456988,0.5
context_action+all_internal,3,0.06,0.5976678230221498,0.6666666666666666,0.06,0.6012414366456988,0.3333333333333333
context_action+all_internal,4,0.08,0.5977311004705643,0.5,0.08,0.6012414366456988,0.5
context_action+all_internal,5,0.1,0.5978426003936781,0.6,0.1,0.6012414366456988,0.4
context_action+all_internal,6,0.12,0.5980947822207958,0.5,0.12,0.6012414366456988,0.3333333333333333
context_action+all_internal,7,0.14,0.5981329172285421,0.42857142857142855,0.14,0.6012414366456988,0.2857142857142857
context_action+all_internal,8,0.16,0.5981995018405076,0.5,0.16,0.6012414366456988,0.375
context_action+all_internal,9,0.18,0.5983286906023252,0.5555555555555556,0.18,0.6012414366456988,0.3333333333333333
context_action+all_internal,10,0.2,0.598417820852246,0.6,0.2,0.6012414366456988,0.3
context_action+all_internal,11,0.22,0.5985994413290888,0.6363636363636364,0.22,0.6012414366456988,0.36363636363636365
context_action+all_internal,12,0.24,0.5986384715287072,0.6666666666666666,0.24,0.6010198494110222,0.4166666666666667
context_action+all_internal,13,0.26,0.5989763284965923,0.6153846153846154,0.26,0.6007566693245304,0.38461538461538464
context_action+all_internal,14,0.28,0.5990470546237936,0.5714285714285714,0.28,0.600726632065927,0.42857142857142855
context_action+all_internal,15,0.3,0.5990786865347412,0.6,0.3,0.600600772113178,0.4
context_action+all_internal,16,0.32,0.5991980535285398,0.625,0.32,0.6005990662295376,0.4375
context_action+all_internal,17,0.34,0.5992463600884,0.5882352941176471,0.34,0.6005812847188757,0.4117647058823529
context_action+all_internal,18,0.36,0.5992622001055335,0.5555555555555556,0.36,0.6005202171306486,0.4444444444444444
context_action+all_internal,19,0.38,0.5993482013828977,0.5263157894736842,0.38,0.6004595980668688,0.47368421052631576
context_action+all_internal,20,0.4,0.5993540426561347,0.55,0.4,0.6004393195490997,0.5
context_action+all_internal,21,0.42,0.5994415123277161,0.5238095238095238,0.42,0.6002457423714933,0.5238095238095238
context_action+all_internal,22,0.44,0.5994695615815268,0.5454545454545454,0.44,0.6001427456796978,0.5
context_action+all_internal,23,0.46,0.599509883280837,0.5217391304347826,0.46,0.6000389342198926,0.4782608695652174
context_action+all_internal,24,0.48,0.5995155150066774,0.5416666666666666,0.48,0.5997638355349701,0.4583333333333333
context_action+all_internal,25,0.5,0.5995473500065486,0.56,0.5,0.5995512491636075,0.44
context_action+all_internal,26,0.52,0.5995512491636075,0.5769230769230769,0.52,0.5995473500065486,0.4230769230769231
context_action+all_internal,27,0.54,0.5997638355349701,0.5925925925925926,0.54,0.5995155150066774,0.4074074074074074
context_action+all_internal,28,0.56,0.6000389342198926,0.6071428571428571,0.56,0.599509883280837,0.42857142857142855
context_action+all_internal,29,0.58,0.6001427456796978,0.6206896551724138,0.58,0.5994695615815268,0.41379310344827586
context_action+all_internal,30,0.6,0.6002457423714933,0.6,0.6,0.5994415123277161,0.43333333333333335
context_action+all_internal,31,0.62,0.6004393195490997,0.5806451612903226,0.62,0.5993540426561347,0.41935483870967744
context_action+all_internal,32,0.64,0.6004595980668688,0.5625,0.64,0.5993482013828977,0.4375
context_action+all_internal,33,0.66,0.6005202171306486,0.5454545454545454,0.66,0.5992622001055335,0.45454545454545453
context_action+all_internal,34,0.68,0.6005812847188757,0.5588235294117647,0.68,0.5992463600884,0.47058823529411764
context_action+all_internal,35,0.7,0.6005990662295376,0.5428571428571428,0.7,0.5991980535285398,0.45714285714285713
context_action+all_internal,36,0.72,0.600600772113178,0.5555555555555556,0.72,0.5990786865347412,0.4444444444444444
context_action+all_internal,37,0.74,0.600726632065927,0.5405405405405406,0.74,0.5990470546237936,0.4594594594594595
context_action+all_internal,38,0.76,0.6007566693245304,0.5526315789473685,0.76,0.5989763284965923,0.47368421052631576
context_action+all_internal,39,0.78,0.6010198494110222,0.5384615384615384,0.78,0.5986384715287072,0.46153846153846156
context_action+all_internal,40,0.8,0.6012414366456988,0.525,0.8,0.5985994413290888,0.45
context_action+all_internal,41,0.82,0.6012414366456988,0.5365853658536586,0.82,0.598417820852246,0.43902439024390244
context_action+all_internal,42,0.84,0.6012414366456988,0.5476190476190477,0.84,0.5983286906023252,0.42857142857142855
context_action+all_internal,43,0.86,0.6012414366456988,0.5348837209302325,0.86,0.5981995018405076,0.4186046511627907
context_action+all_internal,44,0.88,0.6012414366456988,0.5454545454545454,0.88,0.5981329172285421,0.4318181818181818
context_action+all_internal,45,0.9,0.6012414366456988,0.5555555555555556,0.9,0.5980947822207958,0.4444444444444444
context_action+all_internal,46,0.92,0.6012414366456988,0.5652173913043478,0.92,0.5978426003936781,0.43478260869565216
context_action+all_internal,47,0.94,0.6012414366456988,0.5531914893617021,0.94,0.5977311004705643,0.44680851063829785
context_action+all_internal,48,0.96,0.6012414366456988,0.5625,0.96,0.5976678230221498,0.4375
context_action+all_internal,49,0.98,0.6012414366456988,0.5714285714285714,0.98,0.5973778500493351,0.42857142857142855
context_action+all_internal,50,1.0,0.6012414366456988,0.56,1.0,0.5973472605594394,0.44
