family,rule,alpha_allow,beta_disallow,tau_low,tau_high,dev_frac_allow,dev_frac_disallow,n,n_allow,n_verify,n_disallow,frac_allow,frac_verify,frac_disallow,simulator_calls_saved_frac,escaped_failures,allow_failure_rate,allow_failure_rate_cp95_upper,escaped_failure_rate_all,lost_viable,disallow_valid_rate,disallow_valid_rate_cp95_upper,lost_viable_rate_all,verify_failure_rate,random_escaped_failures_mean,random_escaped_failures_p97.5,random_lost_viable_mean,random_lost_viable_p97.5,C_gen_mean_s,C_f_mean_s,C_v_mean_s,T_always_s,T_policy_s,time_saved_s,time_saved_pct_of_always,verifier_time_saved_s,router_overhead_s,breakeven_verifier_cost_s,whatif_saved_per_candidate_at_cstr_cv_s,whatif_saved_pct_of_verification_at_cstr_cv
neg_mean_logprob (untrained),ucb,0.0,0.1,0.0,1.0,0.0,0.0040241448692152,498,0,493,5,0.0,0.9899598393574296,0.0100401606425702,0.0100401606425702,0,,,0.0,4,0.8,0.9897937816869884,0.0080321285140562,0.6937119675456389,0.0,0.0,1.56,4.0,0.8274789664651343,0.060071444177455885,4.079957827752695e-07,412.08472848153673,442.0003060531097,-29.915577571572953,-7.259569574880111,1.628800033358857e-06,29.91557920037303,5.983115840074655,0.009707672288407007,0.13967873796269076
neg_mean_logprob (untrained),ucb,0.05,0.05,0.0,1.0,0.0,0.0040241448692152,498,0,493,5,0.0,0.9899598393574296,0.0100401606425702,0.0100401606425702,0,,,0.0,4,0.8,0.9897937816869884,0.0080321285140562,0.6937119675456389,0.0,0.0,1.56,4.0,0.8274789664651343,0.060071444177455885,4.079957827752695e-07,412.08472848153673,442.0003060531097,-29.915577571572953,-7.259569574880111,1.628800033358857e-06,29.91557920037303,5.983115840074655,0.009707672288407007,0.13967873796269076
neg_mean_logprob (untrained),ucb,0.1,0.1,0.0,1.0,0.0,0.0040241448692152,498,0,493,5,0.0,0.9899598393574296,0.0100401606425702,0.0100401606425702,0,,,0.0,4,0.8,0.9897937816869884,0.0080321285140562,0.6937119675456389,0.0,0.0,1.56,4.0,0.8274789664651343,0.060071444177455885,4.079957827752695e-07,412.08472848153673,442.0003060531097,-29.915577571572953,-7.259569574880111,1.628800033358857e-06,29.91557920037303,5.983115840074655,0.009707672288407007,0.13967873796269076
neg_mean_logprob (untrained),ucb,0.2,0.2,0.0,0.280880957841873,0.0,0.2997987927565392,498,0,350,148,0.0,0.7028112449799196,0.2971887550200803,0.2971887550200803,0,,,0.0,22,0.1486486486486486,0.2054097270282815,0.0441767068273092,0.62,0.0,0.0,45.9065,55.0,0.8274789664651343,0.060071444177455885,4.079957827752695e-07,412.08472848153673,442.00024460540976,-29.915516123873033,-7.259554663456397,6.307649999507703e-05,29.91557920037303,0.2021322918944124,2.005390403212102,28.8545381757137
neg_mean_logprob (untrained),point,0.0,0.1,0.0011352214496582,0.7212831377983092,0.0020120724346076,0.0221327967806841,498,0,487,11,0.0,0.9779116465863452,0.0220883534136546,0.0220883534136546,0,,,0.0,6,0.5454545454545454,0.8004238501161631,0.0120481927710843,0.6940451745379876,0.0,0.0,3.424,7.0,0.8274789664651343,0.060071444177455885,4.079957827752695e-07,412.08472848153673,442.0003036760097,-29.91557519447298,-7.2595689980327265,4.005900031188503e-06,29.91557920037303,2.719598109124823,0.09344261204744361,1.3444980150711312
neg_mean_logprob (untrained),point,0.05,0.05,0.0011352214496582,1.1306420564651487,0.0020120724346076,0.0020120724346076,498,0,496,2,0.0,0.9959839357429718,0.0040160642570281,0.0040160642570281,0,,,0.0,2,1.0,1.0,0.0040160642570281,0.6915322580645161,0.0,0.0,0.6315,2.0,0.8274789664651343,0.060071444177455885,4.079957827752695e-07,412.08472848153673,442.0003070523597,-29.91557857082296,-7.259569817366652,6.295500206761062e-07,29.91557920037303,14.957789600186562,-0.03215979759111059,-0.4627309005915192
neg_mean_logprob (untrained),point,0.1,0.1,0.0011352214496582,0.7212831377983092,0.0020120724346076,0.0221327967806841,498,0,487,11,0.0,0.9779116465863452,0.0220883534136546,0.0220883534136546,0,,,0.0,6,0.5454545454545454,0.8004238501161631,0.0120481927710843,0.6940451745379876,0.0,0.0,3.424,7.0,0.8274789664651343,0.060071444177455885,4.079957827752695e-07,412.08472848153673,442.0003036760097,-29.91557519447298,-7.2595689980327265,4.005900031188503e-06,29.91557920037303,2.719598109124823,0.09344261204744361,1.3444980150711312
neg_mean_logprob (untrained),point,0.2,0.2,0.0049412939697504,0.1049962639808653,0.0321931589537223,0.6981891348088531,498,18,127,353,0.036144578313253,0.2550200803212851,0.7088353413654619,0.7449799196787149,3,0.1666666666666666,0.3766791509598426,0.0060240963855421,74,0.2096317280453258,0.2484476440899849,0.1485943775100401,0.4803149606299212,12.403,16.0,109.7285,119.0,0.8274789664651343,0.060071444177455885,4.079957827752695e-07,412.08472848153673,442.0001526435098,-29.91542416197308,-7.25953234719627,0.0001550383999128826,29.91557920037303,0.08063498436758229,5.117538997589613,73.63365464157717
token_entropy (untrained),ucb,0.0,0.1,0.0,1.0,0.0,0.0,498,0,498,0,0.0,1.0,0.0,0.0,0,,,0.0,0,,,0.0,0.6887550200803213,0.0,0.0,0.0,0.0,0.8274789664651343,0.060071444177455885,4.079957827752695e-07,412.08472848153673,442.00030768190976,-29.91557920037303,-7.259569970138649,0.0,29.91557920037303,,-0.060071444177455885,-0.8643373262943292
token_entropy (untrained),ucb,0.05,0.05,0.0,1.0,0.0,0.0,498,0,498,0,0.0,1.0,0.0,0.0,0,,,0.0,0,,,0.0,0.6887550200803213,0.0,0.0,0.0,0.0,0.8274789664651343,0.060071444177455885,4.079957827752695e-07,412.08472848153673,442.00030768190976,-29.91557920037303,-7.259569970138649,0.0,29.91557920037303,,-0.060071444177455885,-0.8643373262943292
token_entropy (untrained),ucb,0.1,0.1,0.0,1.0,0.0,0.0,498,0,498,0,0.0,1.0,0.0,0.0,0,,,0.0,0,,,0.0,0.6887550200803213,0.0,0.0,0.0,0.0,0.8274789664651343,0.060071444177455885,4.079957827752695e-07,412.08472848153673,442.00030768190976,-29.91557920037303,-7.259569970138649,0.0,29.91557920037303,,-0.060071444177455885,-0.8643373262943292
token_entropy (untrained),ucb,0.2,0.2,0.0,0.27153143286705,0.0,0.5130784708249497,498,0,237,261,0.0,0.4759036144578313,0.5240963855421686,0.5240963855421686,0,,,0.0,34,0.1302681992337164,0.169622405124352,0.0682730923694779,0.4894514767932489,0.0,0.0,81.104,91.0,0.8274789664651343,0.060071444177455885,4.079957827752695e-07,412.08472848153673,442.00019582090977,-29.915467339373038,-7.2595428249929395,0.00011186099995393305,29.91557920037303,0.11461907739606526,3.5823984353406164,51.54530122792254
token_entropy (untrained),point,0.0,0.1,0.0080084819346666,0.3556408584117888,0.0020120724346076,0.3420523138832998,498,0,342,156,0.0,0.6867469879518072,0.3132530120481928,0.3132530120481928,0,,,0.0,14,0.0897435897435897,0.1367367874908208,0.0281124497991967,0.5877192982456141,0.0,0.0,48.417,58.0,0.8274789664651343,0.060071444177455885,4.079957827752695e-07,412.08472848153673,442.0002399122098,-29.915511430673064,-7.2595535245644065,6.776969996280967e-05,29.91557920037303,0.19176653333572455,2.117036989557484,30.460963878524954
token_entropy (untrained),point,0.05,0.05,0.0080084819346666,0.6456640362739562,0.0020120724346076,0.0100603621730382,498,0,496,2,0.0,0.9959839357429718,0.0040160642570281,0.0040160642570281,0,,,0.0,0,0.0,0.776393202250021,0.0,0.6875,0.0,0.0,0.6315,2.0,0.8274789664651343,0.060071444177455885,4.079957827752695e-07,412.08472848153673,442.0003070688098,-29.915578587273046,-7.259569821358571,6.130999827291817e-07,29.91557920037303,14.957789600186562,-0.03215979759111059,-0.4627309005915192
token_entropy (untrained),point,0.1,0.1,0.0080084819346666,0.3556408584117888,0.0020120724346076,0.3420523138832998,498,0,342,156,0.0,0.6867469879518072,0.3132530120481928,0.3132530120481928,0,,,0.0,14,0.0897435897435897,0.1367367874908208,0.0281124497991967,0.5877192982456141,0.0,0.0,48.417,58.0,0.8274789664651343,0.060071444177455885,4.079957827752695e-07,412.08472848153673,442.0002399122098,-29.915511430673064,-7.2595535245644065,6.776969996280967e-05,29.91557920037303,0.19176653333572455,2.117036989557484,30.460963878524954
token_entropy (untrained),point,0.2,0.2,0.0246902983635664,0.2143074721097945,0.0301810865191146,0.6639839034205232,498,12,163,323,0.0240963855421686,0.3273092369477912,0.6485943775100401,0.6726907630522089,1,0.0833333333333333,0.3386806684340323,0.002008032128514,57,0.1764705882352941,0.2150898945616517,0.1144578313253012,0.4662576687116564,8.27,11.0,100.355,110.0,0.8274789664651343,0.060071444177455885,4.079957827752695e-07,412.08472848153673,442.0001654151098,-29.915436933573062,-7.25953544646181,0.00014226679995772427,29.91557920037303,0.08930023641902397,4.615129359035397,66.40473897892656
context_action,ucb,0.0,0.1,0.0,0.8710108880032655,0.0,0.3199195171026157,498,0,334,164,0.0,0.6706827309236948,0.3293172690763052,0.3293172690763052,0,,,0.0,5,0.0304878048780487,0.0630312041176033,0.0100401606425702,0.5508982035928144,0.0,0.0,50.9455,61.0,0.8274789664651343,0.0006743500125594437,4.079957827752695e-07,412.08472848153673,412.0853321192495,-0.000603637712742966,-0.00014648388329440646,7.071229978464544e-05,0.0006743500125594437,0.0020477213796012378,2.2880806700677616,32.92202402975197
context_action,ucb,0.05,0.05,0.0,0.986149987540966,0.0,0.1368209255533199,498,0,443,55,0.0,0.8895582329317269,0.110441767068273,0.110441767068273,0,,,0.0,0,0.0,0.0530110549512537,0.0,0.6501128668171557,0.0,0.0,17.0675,24.0,0.8274789664651343,0.0006743500125594437,4.079957827752695e-07,412.08472848153673,412.0853863840493,-0.0006579025125574844,-0.0001596522431155712,1.6447499976493414e-05,0.0006743500125594437,0.006105932840992786,0.7668959311119379,11.034473828948746
context_action,ucb,0.1,0.1,0.0,0.8710108880032655,0.0,0.3199195171026157,498,0,334,164,0.0,0.6706827309236948,0.3293172690763052,0.3293172690763052,0,,,0.0,5,0.0304878048780487,0.0630312041176033,0.0100401606425702,0.5508982035928144,0.0,0.0,50.9455,61.0,0.8274789664651343,0.0006743500125594437,4.079957827752695e-07,412.08472848153673,412.0853321192495,-0.000603637712742966,-0.00014648388329440646,7.071229978464544e-05,0.0006743500125594437,0.0020477213796012378,2.2880806700677616,32.92202402975197
context_action,ucb,0.2,0.2,0.1176863774279585,0.6096737526890934,0.096579476861167,0.716297786720322,498,52,100,346,0.1044176706827309,0.2008032128514056,0.6947791164658634,0.7991967871485943,2,0.0384615384615384,0.1161674631803363,0.0040160642570281,52,0.1502890173410404,0.1855617718968009,0.1044176706827309,0.47,35.859,42.0,107.6385,117.0,0.8274789664651343,0.0006743500125594437,4.079957827752695e-07,412.08472848153673,412.08523708404925,-0.0005086025125251581,-0.00012342182987447103,0.00016574749999563208,0.0006743500125594437,0.000843784689081917,5.553743320670171,79.90997583698088
context_action,point,0.0,0.1,0.0432909527271117,0.7601279165328442,0.056338028169014,0.5070422535211268,498,32,202,264,0.0642570281124498,0.4056224899598393,0.5301204819277109,0.5943775100401606,0,0.0,0.0893681989862647,0.0,26,0.0984848484848484,0.1340171506610543,0.0522088353413654,0.5198019801980198,22.0585,27.0,82.021,92.0,0.8274789664651343,0.0006743500125594437,4.079957827752695e-07,412.08472848153673,412.08527818509947,-0.0005497035627399782,-0.00013339576178072503,0.0001246464498108253,0.0006743500125594437,0.0011345483319412264,4.130249344766557,59.428048126137504
context_action,point,0.05,0.05,0.0779879669213472,0.9002160667491557,0.0885311871227364,0.2676056338028169,498,47,317,134,0.0943775100401606,0.6365461847389559,0.2690763052208835,0.3634538152610442,2,0.0425531914893617,0.1279605395456506,0.0040160642570281,2,0.0149253731343283,0.0462360693522938,0.0040160642570281,0.6593059936908517,32.4135,38.0,41.655,51.0,0.8274789664651343,0.0006743500125594437,4.079957827752695e-07,412.08472848153673,412.0853329634493,-0.0006044819125463619,-0.00014668874402935935,6.986809996305964e-05,0.0006743500125594437,0.001855393957207751,2.525329666051698,36.33567864822587
context_action,point,0.1,0.1,0.1176863774279585,0.7601279165328442,0.096579476861167,0.5070422535211268,498,52,182,264,0.1044176706827309,0.3654618473895582,0.5301204819277109,0.6345381526104418,2,0.0384615384615384,0.1161674631803363,0.0040160642570281,26,0.0984848484848484,0.1340171506610543,0.0522088353413654,0.5659340659340659,35.859,42.0,82.0415,92.0,0.8274789664651343,0.0006743500125594437,4.079957827752695e-07,412.08472848153673,412.08527228389937,-0.0005438023626425093,-0.00013196372616047433,0.00013054764989647082,0.0006743500125594437,0.0010627414754892498,4.409365810630011,63.44411238316563
context_action,point,0.2,0.2,0.1427585115061826,0.4563340899872492,0.1006036217303823,0.8249496981891348,498,56,46,396,0.1124497991967871,0.0923694779116465,0.7951807228915663,0.9076305220883534,6,0.1071428571428571,0.2005546757065887,0.0120481927710843,75,0.1893939393939394,0.2247404046767128,0.1506024096385542,0.3478260869565217,38.6195,44.02499999999986,123.1975,131.0,0.8274789664651343,0.0006743500125594437,4.079957827752695e-07,412.08472848153673,412.08521654979927,-0.00048806826254121916,-0.00011843881338181811,0.00018628175000776537,0.0006743500125594437,0.0007429785536606261,6.307357778501497,90.7533493309568
token_confidence,ucb,0.0,0.1,0.0,1.0,0.0,0.0,498,0,498,0,0.0,1.0,0.0,0.0,0,,,0.0,0,,,0.0,0.6887550200803213,0.0,0.0,0.0,0.0,0.8274789664651343,0.06070749418941854,4.079957827752695e-07,412.08472848153673,442.31706058786716,-30.232332106330432,-7.3364359358162865,0.0,30.232332106330432,,-0.06070749418941854,-0.8734891250276049
token_confidence,ucb,0.05,0.05,0.0,1.0,0.0,0.0,498,0,498,0,0.0,1.0,0.0,0.0,0,,,0.0,0,,,0.0,0.6887550200803213,0.0,0.0,0.0,0.0,0.8274789664651343,0.06070749418941854,4.079957827752695e-07,412.08472848153673,442.31706058786716,-30.232332106330432,-7.3364359358162865,0.0,30.232332106330432,,-0.06070749418941854,-0.8734891250276049
token_confidence,ucb,0.1,0.1,0.0,1.0,0.0,0.0,498,0,498,0,0.0,1.0,0.0,0.0,0,,,0.0,0,,,0.0,0.6887550200803213,0.0,0.0,0.0,0.0,0.8274789664651343,0.06070749418941854,4.079957827752695e-07,412.08472848153673,442.31706058786716,-30.232332106330432,-7.3364359358162865,0.0,30.232332106330432,,-0.06070749418941854,-0.8734891250276049
token_confidence,ucb,0.2,0.2,0.0,0.7114386200182673,0.0,0.5674044265593562,498,0,220,278,0.0,0.4417670682730923,0.5582329317269076,0.5582329317269076,0,,,0.0,31,0.1115107913669064,0.1475200436702639,0.0622489959839357,0.4363636363636363,0.0,0.0,86.3075,97.0,0.8274789664651343,0.06070749418941854,4.079957827752695e-07,412.08472848153673,442.3169385580172,-30.2322100764805,-7.336406323010594,0.00012202984991017726,30.232332106330432,0.10874939606593681,3.819011381312589,54.94980404766315
token_confidence,point,0.0,0.1,0.0466727100384736,0.8550789349313773,0.0040241448692152,0.2957746478873239,498,3,359,136,0.0060240963855421,0.7208835341365462,0.2730923694779116,0.2791164658634538,0,0.0,0.6315968501359612,0.0,11,0.0808823529411764,0.1303274593573855,0.0220883534136546,0.6072423398328691,2.0715,3.0,42.2225,51.0,0.8274789664651343,0.06070749418941854,4.079957827752695e-07,412.08472848153673,442.3169993095672,-30.232270828030494,-7.336421065500621,6.127829989418387e-05,30.232332106330432,0.21749879213187362,1.8791519435615853,27.038157461317773
token_confidence,point,0.05,0.05,0.0466727100384736,0.9575255994982832,0.0040241448692152,0.0442655935613682,498,3,473,22,0.0060240963855421,0.9497991967871486,0.0441767068273092,0.0502008032128514,0,0.0,0.6315968501359612,0.0,0,0.0,0.1273054316548387,0.0,0.678646934460888,2.0715,3.0,6.846,11.0,0.8274789664651343,0.06070749418941854,4.079957827752695e-07,412.08472848153673,442.3170507990671,-30.23232231753036,-7.336433560382451,9.788800030946732e-06,30.232332106330432,1.2092932842532174,0.2881880881398987,4.1465911962575355
token_confidence,point,0.1,0.1,0.1154382396590145,0.8550789349313773,0.0221327967806841,0.2957746478873239,498,13,349,136,0.0261044176706827,0.7008032128514057,0.2730923694779116,0.2991967871485944,2,0.1538461538461538,0.4100986048338161,0.0040160642570281,11,0.0808823529411764,0.1303274593573855,0.0220883534136546,0.6189111747851003,8.9505,12.0,42.1665,51.0,0.8274789664651343,0.06070749418941854,4.079957827752695e-07,412.08472848153673,442.3169962561673,-30.232267774630543,-7.336420324536508,6.433169989031739e-05,30.232332106330432,0.20290155776060692,2.0187101764933124,29.046189589831833
token_confidence,point,0.2,0.2,0.1727086064829404,0.616977440707139,0.0422535211267605,0.7203219315895373,498,24,120,354,0.0481927710843373,0.2409638554216867,0.7108433734939759,0.7590361445783133,3,0.125,0.2922731965079893,0.0060240963855421,61,0.1723163841807909,0.2087633113145466,0.1224899598393574,0.3916666666666666,16.532,20.0,110.072,119.0,0.8274789664651343,0.06070749418941854,4.079957827752695e-07,412.08472848153673,442.3169005261671,-30.232172044630374,-7.336397093876997,0.0001600617000076454,30.232332106330432,0.07997971456701172,5.214593710629859,75.03012533280372
attention,ucb,0.0,0.1,0.0,0.8997281319940627,0.0,0.2696177062374245,498,0,357,141,0.0,0.7168674698795181,0.2831325301204819,0.2831325301204819,0,,,0.0,4,0.0283687943262411,0.0637392522646222,0.0080321285140562,0.5770308123249299,0.0,0.0,43.762,53.0,0.8274789664651343,0.06073754418540342,4.079957827752695e-07,412.08472848153673,442.33196245921755,-30.24723397768082,-7.340052151201239,6.302665005205198e-05,30.247297004330903,0.21451983691014828,1.9070335401519458,27.439331512977635
attention,ucb,0.05,0.05,0.0,1.0,0.0,0.0,498,0,498,0,0.0,1.0,0.0,0.0,0,,,0.0,0,,,0.0,0.6887550200803213,0.0,0.0,0.0,0.0,0.8274789664651343,0.06073754418540342,4.079957827752695e-07,412.08472848153673,442.33202548586763,-30.247297004330903,-7.3400674457864845,0.0,30.247297004330903,,-0.06073754418540342,-0.8739214990705528
attention,ucb,0.1,0.1,0.0,0.8997281319940627,0.0,0.2696177062374245,498,0,357,141,0.0,0.7168674698795181,0.2831325301204819,0.2831325301204819,0,,,0.0,4,0.0283687943262411,0.0637392522646222,0.0080321285140562,0.5770308123249299,0.0,0.0,43.762,53.0,0.8274789664651343,0.06073754418540342,4.079957827752695e-07,412.08472848153673,442.33196245921755,-30.24723397768082,-7.340052151201239,6.302665005205198e-05,30.247297004330903,0.21451983691014828,1.9070335401519458,27.439331512977635
attention,ucb,0.2,0.2,0.1087019505632891,0.528827445672379,0.062374245472837,0.7364185110663984,498,36,102,360,0.072289156626506,0.2048192771084337,0.7228915662650602,0.7951807228915663,3,0.0833333333333333,0.2015199320793526,0.0060240963855421,53,0.1472222222222222,0.1814902071157531,0.1064257028112449,0.3235294117647059,24.802,30.0,111.958,121.0,0.8274789664651343,0.06073754418540342,4.079957827752695e-07,412.08472848153673,442.3318586574677,-30.247130175930977,-7.340026961782009,0.00016682839987333865,30.247297004330903,0.07638206314224975,5.465768479910983,78.64415079008607
attention,point,0.0,0.1,0.1028798934121528,0.8012096016608633,0.0523138832997987,0.4627766599597585,498,35,230,233,0.0702811244979919,0.4618473895582329,0.4678714859437751,0.5381526104417671,3,0.0857142857142857,0.2068809182191373,0.0060240963855421,18,0.0772532188841201,0.1124078675808805,0.036144578313253,0.5434782608695652,24.113,29.0,72.362,83.0,0.8274789664651343,0.06073754418540342,4.079957827752695e-07,412.08472848153673,442.33191215251765,-30.247183670980917,-7.34003994334775,0.00011333334996015765,30.247297004330903,0.11286304852362276,3.679423098384878,52.94133954510616
attention,point,0.05,0.05,0.1082861787947475,0.9000798715901976,0.0603621730382293,0.2655935613682093,498,36,321,141,0.072289156626506,0.6445783132530121,0.2831325301204819,0.3554216867469879,3,0.0833333333333333,0.2015199320793526,0.0060240963855421,4,0.0283687943262411,0.0637392522646222,0.0080321285140562,0.632398753894081,24.802,30.0,43.7925,53.0,0.8274789664651343,0.06073754418540342,4.079957827752695e-07,412.08472848153673,442.3319522472675,-30.24722376573078,-7.340049673082217,7.323860010365025e-05,30.247297004330903,0.17088868364028761,2.4094431787061623,34.66824717562823
attention,point,0.1,0.1,0.184067947159512,0.8012096016608633,0.0865191146881287,0.4627766599597585,498,51,214,233,0.1024096385542168,0.429718875502008,0.4678714859437751,0.570281124497992,5,0.0980392156862745,0.1951510409118354,0.0100401606425702,18,0.0772532188841201,0.1124078675808805,0.036144578313253,0.5747663551401869,35.164,41.0,72.3585,83.0,0.8274789664651343,0.06073754418540342,4.079957827752695e-07,412.08472848153673,442.33190741471765,-30.24717893318092,-7.340038793632735,0.00011807114994735458,30.247297004330903,0.1065045669166581,3.902716271075641,56.15419095072864
attention,point,0.2,0.2,0.2916774176758113,0.3889356763020215,0.1327967806841046,0.8249496981891348,498,71,22,405,0.142570281124498,0.0441767068273092,0.8132530120481928,0.9558232931726908,12,0.1690140845070422,0.2594100493293395,0.0240963855421686,81,0.2,0.2355234356004731,0.1626506024096385,0.3181818181818182,48.941,56.0,126.0055,134.0,0.8274789664651343,0.06073754418540342,4.079957827752695e-07,412.08472848153673,442.33183007201774,-30.24710159048101,-7.340020024992558,0.0001954138498404063,30.247297004330903,0.06354474160573718,6.582234343364798,94.70840781819852
attention+token_confidence,ucb,0.0,0.1,0.0,0.9208321225954208,0.0,0.2354124748490945,498,0,381,117,0.0,0.7650602409638554,0.2349397590361445,0.2349397590361445,0,,,0.0,3,0.0256410256410256,0.0649350147450748,0.0060240963855421,0.6010498687664042,0.0,0.0,36.353,45.0,0.8274789664651343,0.06073539416903226,4.079957827752695e-07,412.08472848153673,442.3309019975647,-30.246173516027966,-7.339794810518714,5.2780150086618954e-05,30.246226296178065,0.2585147546681887,1.572095931132172,22.620085340031252
attention+token_confidence,ucb,0.05,0.05,0.0,1.0,0.0,0.0,498,0,498,0,0.0,1.0,0.0,0.0,0,,,0.0,0,,,0.0,0.6887550200803213,0.0,0.0,0.0,0.0,0.8274789664651343,0.06073539416903226,4.079957827752695e-07,412.08472848153673,442.3309547777148,-30.246226296178065,-7.339807618600754,0.0,30.246226296178065,,-0.06073539416903226,-0.8738905635831979
attention+token_confidence,ucb,0.1,0.1,0.0,0.9208321225954208,0.0,0.2354124748490945,498,0,381,117,0.0,0.7650602409638554,0.2349397590361445,0.2349397590361445,0,,,0.0,3,0.0256410256410256,0.0649350147450748,0.0060240963855421,0.6010498687664042,0.0,0.0,36.353,45.0,0.8274789664651343,0.06073539416903226,4.079957827752695e-07,412.08472848153673,442.3309019975647,-30.246173516027966,-7.339794810518714,5.2780150086618954e-05,30.246226296178065,0.2585147546681887,1.572095931132172,22.620085340031252
attention+token_confidence,ucb,0.2,0.2,0.176123893568367,0.5212963285612557,0.0925553319919517,0.7364185110663984,498,57,81,360,0.1144578313253012,0.1626506024096385,0.7228915662650602,0.8373493975903614,8,0.1403508771929824,0.239017832995956,0.0160642570281124,57,0.1583333333333333,0.1934521073371147,0.1144578313253012,0.3950617283950617,39.299,45.0,111.9265,121.0,0.8274789664651343,0.06073539416903226,4.079957827752695e-07,412.08472848153673,442.3307816769649,-30.246053195428146,-7.339765612494254,0.00017310074990382418,30.246226296178065,0.07253291677740543,5.75884291908398,82.86104919545295
attention+token_confidence,point,0.0,0.1,0.075366782838307,0.8242985009080706,0.0503018108651911,0.4426559356136821,498,31,250,217,0.0622489959839357,0.5020080321285141,0.4357429718875502,0.4979919678714859,2,0.064516129032258,0.1894644674255387,0.0040160642570281,14,0.064516129032258,0.0990212761903404,0.0281124497991967,0.552,21.369,26.0,67.4095,77.0,0.8274789664651343,0.06073539416903226,4.079957827752695e-07,412.08472848153673,442.3308504266148,-30.246121945078073,-7.339782295871525,0.00010435109998797998,30.246226296178065,0.12196058990394382,3.400308782537795,48.925306223565386
attention+token_confidence,point,0.05,0.05,0.0856722490591179,0.9260079493589536,0.0603621730382293,0.221327967806841,498,32,355,111,0.0642570281124498,0.7128514056224899,0.2228915662650602,0.28714859437751,2,0.0625,0.1839434681769287,0.0040160642570281,2,0.018018018018018,0.0556312330956754,0.0040160642570281,0.6535211267605634,22.0585,27.0,34.429,43.0,0.8274789664651343,0.06073539416903226,4.079957827752695e-07,412.08472848153673,442.3308955401146,-30.246167058577896,-7.339793243498724,5.923760012956336e-05,30.246226296178065,0.21151207200124525,1.9349473367546624,27.8409688741678
attention+token_confidence,point,0.1,0.1,0.176123893568367,0.8242985009080706,0.0925553319919517,0.4426559356136821,498,57,224,217,0.1144578313253012,0.4497991967871486,0.4357429718875502,0.5502008032128514,8,0.1403508771929824,0.239017832995956,0.0160642570281124,14,0.064516129032258,0.0990212761903404,0.0281124497991967,0.5892857142857143,39.299,45.0,67.3825,78.0,0.8274789664651343,0.06073539416903226,4.079957827752695e-07,412.08472848153673,442.33084228031476,-30.246113798778026,-7.3397803190207735,0.00011249740002676844,30.246226296178065,0.11038768721232871,3.7631601881602847,54.14618975770194
attention+token_confidence,point,0.2,0.2,0.3012673700358292,0.3839566436757711,0.1428571428571428,0.8148893360160966,498,77,21,400,0.1546184738955823,0.0421686746987951,0.8032128514056225,0.9578313253012049,14,0.1818181818181818,0.2695431536357281,0.0281124497991967,77,0.1925,0.227836372574323,0.1546184738955823,0.2857142857142857,53.0535,60.0,124.439,132.0,0.8274789664651343,0.06073539416903226,4.079957827752695e-07,412.08472848153673,442.33075971881493,-30.246031237278203,-7.339760283942034,0.00019505889984429816,30.246226296178065,0.06340927944691419,6.596192316674342,94.9092419665373
all_internal,ucb,0.0,0.1,0.0,0.9279797604323085,0.0,0.2012072434607646,498,0,410,88,0.0,0.8232931726907631,0.1767068273092369,0.1767068273092369,0,,,0.0,2,0.0227272727272727,0.0698167303545206,0.0040160642570281,0.6268292682926829,0.0,0.0,27.3125,35.0,0.8274789664651343,0.06767624416753246,4.079957827752695e-07,412.08472848153673,445.7874591703678,-33.70273068883108,-8.178592497960311,3.890660006436519e-05,33.702769595431164,0.3829860181298997,1.160436205631664,16.69692382203833
all_internal,ucb,0.05,0.05,0.0,1.0,0.0,0.0,498,0,498,0,0.0,1.0,0.0,0.0,0,,,0.0,0,,,0.0,0.6887550200803213,0.0,0.0,0.0,0.0,0.8274789664651343,0.06767624416753246,4.079957827752695e-07,412.08472848153673,445.7874980769679,-33.702769595431164,-8.178601939368205,0.0,33.702769595431164,,-0.06767624416753246,-0.9737589088853591
all_internal,ucb,0.1,0.1,0.0,0.9279797604323085,0.0,0.2012072434607646,498,0,410,88,0.0,0.8232931726907631,0.1767068273092369,0.1767068273092369,0,,,0.0,2,0.0227272727272727,0.0698167303545206,0.0040160642570281,0.6268292682926829,0.0,0.0,27.3125,35.0,0.8274789664651343,0.06767624416753246,4.079957827752695e-07,412.08472848153673,445.7874591703678,-33.70273068883108,-8.178592497960311,3.890660006436519e-05,33.702769595431164,0.3829860181298997,1.160436205631664,16.69692382203833
all_internal,ucb,0.2,0.2,0.0943343495435599,0.6161180189052861,0.0744466800804829,0.7002012072434608,498,36,127,335,0.072289156626506,0.2550200803212851,0.6726907630522089,0.7449799196787149,2,0.0555555555555555,0.1647347330240544,0.0040160642570281,53,0.1582089552238806,0.1947383445786938,0.1064257028112449,0.4645669291338583,24.802,30.0,104.1275,114.0,0.8274789664651343,0.06767624416753246,4.079957827752695e-07,412.08472848153673,445.78734324116806,-33.70261475963133,-8.178564365590502,0.00015483579979627392,33.702769595431164,0.09084304473162039,5.109934197599537,73.52423305898614
all_internal,point,0.0,0.1,0.0697031420745276,0.8333510463768302,0.056338028169014,0.4064386317907444,498,28,287,183,0.0562248995983935,0.5763052208835341,0.3674698795180723,0.4236947791164658,2,0.0714285714285714,0.2082047131794119,0.0040160642570281,14,0.0765027322404371,0.1170121727965009,0.0281124497991967,0.5993031358885017,19.301,24.0,56.8705,67.0,0.8274789664651343,0.06767624416753246,4.079957827752695e-07,412.08472848153673,445.7874091484679,-33.702680666931144,-8.178580359218815,8.892850001575425e-05,33.702769595431164,0.15972876585512402,2.877002470691905,41.39571900276122
all_internal,point,0.05,0.05,0.0797808738064462,0.92483598039886,0.0663983903420523,0.2052313883299799,498,35,371,92,0.0702811244979919,0.7449799196787149,0.1847389558232931,0.2550200803212851,2,0.0571428571428571,0.1691516294717535,0.0040160642570281,2,0.0217391304347826,0.0668522349136302,0.0040160642570281,0.6765498652291105,24.113,29.0,28.517,36.0,0.8274789664651343,0.06767624416753246,4.079957827752695e-07,412.08472848153673,445.7874481037178,-33.702719622181064,-8.178589812432493,4.997325007570907e-05,33.702769595431164,0.2653761385467021,1.704713314065399,24.52824912324315
all_internal,point,0.1,0.1,0.1147652573349975,0.8333510463768302,0.0824949698189134,0.4064386317907444,498,42,273,183,0.0843373493975903,0.5481927710843374,0.3674698795180723,0.4518072289156626,3,0.0714285714285714,0.1743915478447115,0.0060240963855421,14,0.0765027322404371,0.1170121727965009,0.0281124497991967,0.6263736263736264,28.942,34.0,56.866,66.02499999999986,0.8274789664651343,0.06767624416753246,4.079957827752695e-07,412.08472848153673,445.7874051197178,-33.70267663818106,-8.178579381567909,9.295725007541479e-05,33.702769595431164,0.14979008709080519,3.0723839967963227,44.206963982680904
all_internal,point,0.2,0.2,0.2893077293117836,0.4422507025679081,0.124748490945674,0.8169014084507042,498,66,30,402,0.1325301204819277,0.0602409638554216,0.8072289156626506,0.9397590361445785,9,0.1363636363636363,0.2258955740314638,0.0180722891566265,81,0.2014925373134328,0.2372413280621879,0.1626506024096385,0.4333333333333333,45.5075,52.0,125.064,133.0,0.8274789664651343,0.06767624416753246,4.079957827752695e-07,412.08472848153673,445.78730594901805,-33.70257746748132,-8.178555315958851,0.00019212794979102908,33.702769595431164,0.07201446494750248,6.463649057037288,93.00214470557249
context_action+all_internal,ucb,0.0,0.1,0.0,0.8844353531426,0.0,0.2937625754527163,498,0,361,137,0.0,0.7248995983935743,0.2751004016064257,0.2751004016064257,0,,,0.0,4,0.0291970802919708,0.0655650302224504,0.0080321285140562,0.5817174515235457,0.0,0.0,42.5085,52.0,0.8274789664651343,0.06962119419259546,4.079957827752695e-07,412.08472848153673,446.7560279165992,-34.67129943506245,-8.413633662868408,5.527285006246529e-05,34.67135470791254,0.2530755818095806,1.842326596972063,26.50829635931026
context_action+all_internal,ucb,0.05,0.05,0.0,0.9496081078489944,0.0,0.187122736418511,498,0,416,82,0.0,0.8353413654618473,0.1646586345381526,0.1646586345381526,0,,,0.0,1,0.0121951219512195,0.0565479663860701,0.002008032128514,0.6298076923076923,0.0,0.0,25.4855,33.0,0.8274789664651343,0.06962119419259546,4.079957827752695e-07,412.08472848153673,446.7560521485492,-34.67132366701247,-8.413639543200375,3.104090003762394e-05,34.67135470791254,0.4228213988769822,1.074756315847565,15.46411965248295
context_action+all_internal,ucb,0.1,0.1,0.0853955623736225,0.8844353531426,0.0684104627766599,0.2937625754527163,498,28,333,137,0.0562248995983935,0.6686746987951807,0.2751004016064257,0.3313253012048193,0,0.0,0.1014657355727246,0.0,4,0.0291970802919708,0.0655650302224504,0.0080321285140562,0.6306306306306306,19.301,24.0,42.563,52.0,0.8274789664651343,0.06962119419259546,4.079957827752695e-07,412.08472848153673,446.75602013694913,-34.6712916554124,-8.413631774992078,6.305250010336748e-05,34.67135470791254,0.2101294224721972,2.2330896491808985,32.13078631914962
context_action+all_internal,ucb,0.2,0.2,0.2027002186576652,0.6182217939408496,0.0945674044265593,0.682092555331992,498,49,116,333,0.0983935742971887,0.2329317269076305,0.6686746987951807,0.7670682730923695,4,0.0816326530612244,0.1771478819674805,0.0080321285140562,54,0.1621621621621621,0.1991122724640367,0.108433734939759,0.5172413793103449,33.7865,40.0,103.5755,113.0,0.8274789664651343,0.06962119419259546,4.079957827752695e-07,412.08472848153673,446.7559258351494,-34.67119735361268,-8.413608890911886,0.00015735429985215887,34.67135470791254,0.09076270865945692,5.261503303799373,75.70508350790465
context_action+all_internal,point,0.0,0.1,0.0853955623736225,0.8014719367971669,0.0684104627766599,0.4527162977867203,498,28,260,210,0.0562248995983935,0.5220883534136547,0.4216867469879518,0.4779116465863454,0,0.0,0.1014657355727246,0.0,17,0.0809523809523809,0.1189539799883095,0.0341365461847389,0.5769230769230769,19.301,24.0,65.261,75.0,0.8274789664651343,0.06962119419259546,4.079957827752695e-07,412.08472848153673,446.75598558414924,-34.671257102612515,-8.413623390114527,9.760530001949518e-05,34.67135470791254,0.14567796095761573,3.251864749582505,46.789420857302225
context_action+all_internal,point,0.05,0.05,0.0998019746466098,0.8851627340521835,0.0704225352112676,0.2917505030181087,498,35,327,136,0.0702811244979919,0.6566265060240963,0.2730923694779116,0.3433734939759036,1,0.0285714285714285,0.1285010363413007,0.002008032128514,4,0.0294117647058823,0.0660379316395381,0.0080321285140562,0.6422018348623854,24.113,29.0,42.2295,51.0,0.8274789664651343,0.06962119419259546,4.079957827752695e-07,412.08472848153673,446.7560182167491,-34.67128973521238,-8.41363130901994,6.497270011459477e-05,34.67135470791254,0.20275646028019031,2.3168245889399346,33.335605596258056
context_action+all_internal,point,0.1,0.1,0.2027002186576652,0.8014719367971669,0.0945674044265593,0.4527162977867203,498,49,239,210,0.0983935742971887,0.4799196787148594,0.4216867469879518,0.5200803212851406,4,0.0816326530612244,0.1771478819674805,0.0080321285140562,17,0.0809523809523809,0.1189539799883095,0.0341365461847389,0.6108786610878661,33.7865,40.0,65.262,76.0,0.8274789664651343,0.06962119419259546,4.079957827752695e-07,412.08472848153673,446.7559792885492,-34.671250807012484,-8.41362186237045,0.00010390090005239472,34.67135470791254,0.13386623439348472,3.544937038739132,51.00628832718176
context_action+all_internal,point,0.2,0.2,0.3609949044010264,0.424091113303219,0.1448692152917505,0.8289738430583501,498,78,9,411,0.1566265060240964,0.0180722891566265,0.8253012048192772,0.9819277108433736,13,0.1666666666666666,0.2518639003306943,0.0261044176706827,87,0.2116788321167883,0.2475423577943415,0.1746987951807229,0.6666666666666666,53.731,61.0,127.887,136.0,0.8274789664651343,0.06962119419259546,4.079957827752695e-07,412.08472848153673,446.7558835966495,-34.671155115112754,-8.413598640956717,0.0001995927997631952,34.67135470791254,0.07090256586485182,6.754776396168852,97.19102728300506
grounding,ucb,0.0,0.1,0.0,0.8973461216791383,0.0,0.2635814889336016,498,0,369,129,0.0,0.7409638554216867,0.2590361445783132,0.2590361445783132,0,,,0.0,6,0.0465116279069767,0.0897323928821678,0.0120481927710843,0.5962059620596206,0.0,0.0,40.0035,49.0,0.8274789664651343,0.06068789415658979,4.079957827752695e-07,412.08472848153673,442.30724382761815,-30.222515346081423,-7.334053716925239,5.594390028272755e-05,30.222571289981715,0.23428349837195134,1.739613310662687,25.030407347664564
grounding,ucb,0.05,0.05,0.0,1.0,0.0,0.0,498,0,498,0,0.0,1.0,0.0,0.0,0,,,0.0,0,,,0.0,0.6887550200803213,0.0,0.0,0.0,0.0,0.8274789664651343,0.06068789415658979,4.079957827752695e-07,412.08472848153673,442.30729977151844,-30.222571289981715,-7.334067292749924,0.0,30.222571289981715,,-0.06068789415658979,-0.8732071101667596
grounding,ucb,0.1,0.1,0.0454349987296038,0.8973461216791383,0.062374245472837,0.2635814889336016,498,32,337,129,0.0642570281124498,0.6767068273092369,0.2590361445783132,0.3232931726907631,2,0.0625,0.1839434681769287,0.0040160642570281,6,0.0465116279069767,0.0897323928821678,0.0120481927710843,0.6468842729970327,22.0585,27.0,40.0435,49.0,0.8274789664651343,0.06068789415658979,4.079957827752695e-07,412.08472848153673,442.3072339875681,-30.222505506031382,-7.334051329054649,6.578395032556727e-05,30.222571289981715,0.1877178340992653,2.1861996560442134,31.456110158909546
grounding,ucb,0.2,0.2,0.1537539290370407,0.5981836226033956,0.1086519114688128,0.7665995975855131,498,56,76,366,0.1124497991967871,0.1526104417670682,0.7349397590361446,0.8473895582329317,5,0.0892857142857142,0.1786092314671811,0.0100401606425702,52,0.1420765027322404,0.1756224499950593,0.1044176706827309,0.3157894736842105,38.6195,44.02499999999986,113.802,122.0,0.8274789664651343,0.06068789415658979,4.079957827752695e-07,412.08472848153673,442.30712528051856,-30.222396798981833,-7.334024949273493,0.00017449099986697547,30.222571289981715,0.07161746751180502,5.828669535562287,83.86574871312642
grounding,point,0.0,0.1,0.0454349987296038,0.855990818972888,0.062374245472837,0.4668008048289738,498,32,241,225,0.0642570281124498,0.4839357429718876,0.4518072289156626,0.5160642570281124,2,0.0625,0.1839434681769287,0.0040160642570281,13,0.0577777777777777,0.0902917176783242,0.0261044176706827,0.5352697095435685,22.0585,27.0,69.898,80.0,0.8274789664651343,0.06068789415658979,4.079957827752695e-07,412.08472848153673,442.3071923921183,-30.222463910581553,-7.334041235147509,0.00010737940014223569,30.222571289981715,0.11759755365751641,3.5259586921887918,50.733218592644484
grounding,point,0.05,0.05,0.0987938435386275,0.900236516083498,0.096579476861167,0.2515090543259557,498,43,333,122,0.0863453815261044,0.6686746987951807,0.2449799196787148,0.3313253012048193,4,0.0930232558139534,0.2003592867863195,0.0080321285140562,6,0.0491803278688524,0.0947560466074035,0.0120481927710843,0.6696696696696697,29.63,35.0,37.892,47.0,0.8274789664651343,0.06068789415658979,4.079957827752695e-07,412.08472848153673,442.3072344935681,-30.222506012031374,-7.334051451844927,6.527795031433924e-05,30.222571289981715,0.18316709872716191,2.242022949216904,32.25932301031517
grounding,point,0.1,0.1,0.1537539290370407,0.855990818972888,0.1086519114688128,0.4668008048289738,498,56,217,225,0.1124497991967871,0.4357429718875502,0.4518072289156626,0.5642570281124498,5,0.0892857142857142,0.1786092314671811,0.0100401606425702,13,0.0577777777777777,0.0902917176783242,0.0261044176706827,0.5806451612903226,38.6195,44.02499999999986,69.8725,81.0,0.8274789664651343,0.06068789415658979,4.079957827752695e-07,412.08472848153673,442.30718447136826,-30.22245598983153,-7.3340393130306545,0.00011530015015159733,30.222571289981715,0.10755363448392069,3.8608984512249367,55.55249570107822
grounding,point,0.2,0.2,0.378194998621651,0.411535326057313,0.1569416498993963,0.8269617706237424,498,94,5,399,0.1887550200803212,0.0100401606425702,0.8012048192771084,0.9899598393574296,14,0.1489361702127659,0.2229938327601235,0.0281124497991967,72,0.1804511278195488,0.2151106973656385,0.144578313253012,0.4,64.7905,73.0,124.2315,132.0,0.8274789664651343,0.06068789415658979,4.079957827752695e-07,412.08472848153673,442.3070988049686,-30.222370323431846,-7.334018524490394,0.00020096654986264184,30.222571289981715,0.06130339004053087,6.819532989377547,98.12277682557621
context_action+grounding,ucb,0.0,0.1,0.0,0.8572113686201467,0.0,0.4386317907444668,498,0,277,221,0.0,0.5562248995983936,0.4437751004016064,0.4437751004016064,0,,,0.0,8,0.0361990950226244,0.0643657449708785,0.0160642570281124,0.4693140794223827,0.0,0.0,68.686,78.0,0.8274789664651343,0.060668444183110876,4.079957827752695e-07,412.08472848153673,442.2975206530758,-30.212792171539093,-7.331694208341129,9.303165008896031e-05,30.212885203189217,0.13670988779723628,3.0235685036080535,43.504582785727386
context_action+grounding,ucb,0.05,0.05,0.0,0.934122879680442,0.0,0.2032193158953722,498,0,396,102,0.0,0.7951807228915663,0.2048192771084337,0.2048192771084337,0,,,0.0,0,0.0,0.0289428195829262,0.0,0.6085858585858586,0.0,0.0,31.734,40.0,0.8274789664651343,0.060668444183110876,4.079957827752695e-07,412.08472848153673,442.2975746165259,-30.21284613498915,-7.331707303572843,3.906820001429878e-05,30.212885203189217,0.296204756894012,1.3628255317205034,19.609000456410122
context_action+grounding,ucb,0.1,0.1,0.0624892648865506,0.8572113686201467,0.0784708249496981,0.4386317907444668,498,35,242,221,0.0702811244979919,0.4859437751004016,0.4437751004016064,0.5140562248995983,0,0.0,0.0820316358566704,0.0,8,0.0361990950226244,0.0643657449708785,0.0160642570281124,0.5371900826446281,24.113,29.0,68.6475,79.0,0.8274789664651343,0.060668444183110876,4.079957827752695e-07,412.08472848153673,442.2975104165758,-30.21278193503906,-7.331691724264597,0.0001032681501528714,30.212885203189217,0.11801908282495789,3.5120223188690978,50.53269523552658
context_action+grounding,ucb,0.2,0.2,0.2456668692944919,0.5744444275331098,0.1307847082494969,0.7806841046277666,498,78,56,364,0.1566265060240964,0.1124497991967871,0.7309236947791165,0.8875502008032129,10,0.1282051282051282,0.2077571739700036,0.0200803212851405,47,0.1291208791208791,0.1616728524938118,0.0943775100401606,0.2857142857142857,53.731,61.0,113.176,122.0,0.8274789664651343,0.060668444183110876,4.079957827752695e-07,412.08472848153673,442.297432426226,-30.21270394468928,-7.331672798460171,0.00018125849991338326,30.212885203189217,0.06835494389861813,6.107805451399219,87.88209282588805
context_action+grounding,point,0.0,0.1,0.0624892648865506,0.7730011434938032,0.0784708249496981,0.6036217303822937,498,35,177,286,0.0702811244979919,0.3554216867469879,0.5742971887550201,0.6445783132530121,0,0.0,0.0820316358566704,0.0,23,0.0804195804195804,0.1120103492047033,0.0461847389558232,0.4519774011299435,24.113,29.0,88.8445,99.0,0.8274789664651343,0.060668444183110876,4.079957827752695e-07,412.08472848153673,442.29748083537595,-30.21275235383922,-7.3316845458379785,0.00013284934996045196,30.212885203189217,0.0941211377046393,4.4191508329253235,63.584904070867964
context_action+grounding,point,0.05,0.05,0.1037395409945338,0.8853355615025303,0.0985915492957746,0.3561368209255533,498,48,273,177,0.0963855421686747,0.5481927710843374,0.3554216867469879,0.4518072289156626,2,0.0416666666666666,0.1254144044744802,0.0040160642570281,3,0.0169491525423728,0.0432208295190771,0.0060240963855421,0.6117216117216118,33.1,39.0,55.024,65.0,0.8274789664651343,0.060668444183110876,4.079957827752695e-07,412.08472848153673,442.2975249991758,-30.21279651763905,-7.331695263002866,8.868555011576973e-05,30.212885203189217,0.1342794897919521,3.0793917967807443,44.30779563713301
context_action+grounding,point,0.1,0.1,0.2220591832758001,0.7730011434938032,0.1227364185110664,0.6036217303822937,498,73,139,286,0.1465863453815261,0.2791164658634538,0.5742971887550201,0.7208835341365462,8,0.1095890410958904,0.1890563532069362,0.0160642570281124,23,0.0804195804195804,0.1120103492047033,0.0461847389558232,0.5179856115107914,50.321,57.0,88.857,99.0,0.8274789664651343,0.060668444183110876,4.079957827752695e-07,412.08472848153673,442.29746773047594,-30.212739248939215,-7.331681365691008,0.00014595424995059148,30.212885203189217,0.08415845460498389,4.949472118065885,71.21542615922137
context_action+grounding,point,0.2,0.2,0.4948724213677384,0.4948724213677384,0.1971830985915492,0.8028169014084507,498,122,0,376,0.2449799196787148,0.0,0.7550200803212851,1.0,22,0.180327868852459,0.2473774527672818,0.0441767068273092,55,0.1462765957446808,0.1796581856145404,0.110441767068273,,84.0995,93.0,117.0995,126.0,0.8274789664651343,0.060668444183110876,4.079957827752695e-07,412.08472848153673,442.2974105028261,-30.212682021289368,-7.331667478340691,0.00020318189982208423,30.212885203189217,0.060668444183110876,6.88933155581689,99.12707274556676
context_action+all_internal+grounding,ucb,0.0,0.1,0.0,0.8760697817135125,0.0,0.3440643863179074,498,0,332,166,0.0,0.6666666666666666,0.3333333333333333,0.3333333333333333,0,,,0.0,7,0.0421686746987951,0.0777429250262434,0.0140562248995983,0.5542168674698795,0.0,0.0,51.59,61.02499999999986,0.8274789664651343,0.0682269941702631,4.079957827752695e-07,412.08472848153673,446.0617018656277,-33.97697338409097,-8.245142572812739,6.971270003123208e-05,33.97704309679102,0.20468098251078928,2.2484396724964033,32.351649963977025
context_action+all_internal+grounding,ucb,0.05,0.05,0.0,0.9294760288292364,0.0,0.2293762575452716,498,0,386,112,0.0,0.7751004016064257,0.2248995983935743,0.2248995983935743,0,,,0.0,2,0.0178571428571428,0.0551440637102072,0.0040160642570281,0.6036269430051814,0.0,0.0,34.867,43.0,0.8274789664651343,0.0682269941702631,4.079957827752695e-07,412.08472848153673,446.06172624452773,-33.976997762991004,-8.245148488804853,4.533379999338649e-05,33.97704309679102,0.3033664562213484,1.4948252146650782,21.508276470001125
context_action+all_internal+grounding,ucb,0.1,0.1,0.0328018477164341,0.8760697817135125,0.0603621730382293,0.3440643863179074,498,24,308,166,0.0481927710843373,0.6184738955823293,0.3333333333333333,0.3815261044176707,0,0.0,0.1173461561549487,0.0,7,0.0421686746987951,0.0777429250262434,0.0140562248995983,0.5974025974025974,16.532,20.0,51.5735,61.0,0.8274789664651343,0.0682269941702631,4.079957827752695e-07,412.08472848153673,446.06169518437764,-33.97696670284091,-8.245140951483533,7.639395009027792e-05,33.97704309679102,0.17882654261468958,2.5833794315325482,37.17092707241076
context_action+all_internal+grounding,ucb,0.2,0.2,0.3216701135753445,0.5150400025504823,0.1408450704225352,0.7907444668008048,498,84,37,377,0.1686746987951807,0.07429718875502,0.7570281124497992,0.92570281124498,11,0.1309523809523809,0.2074370339407993,0.0220883534136546,58,0.1538461538461538,0.1877558418853941,0.1164658634538152,0.3513513513513513,57.903,65.02499999999986,117.2745,126.0,0.8274789664651343,0.0682269941702631,4.079957827752695e-07,412.08472848153673,446.0615831529279,-33.97685467139115,-8.245113764975027,0.00018842539985780606,33.97704309679102,0.07370291344206295,6.365407543982348,91.5885977551417
context_action+all_internal+grounding,point,0.0,0.1,0.0328018477164341,0.7961903076715511,0.0603621730382293,0.5291750503018109,498,24,230,244,0.0481927710843373,0.4618473895582329,0.4899598393574297,0.5381526104417671,0,0.0,0.1173461561549487,0.0,18,0.0737704918032786,0.107433361330813,0.036144578313253,0.508695652173913,16.532,20.0,75.781,86.0,0.8274789664651343,0.0682269941702631,4.079957827752695e-07,412.08472848153673,446.06166159682766,-33.97693311529093,-8.24513280084177,0.00010998150004888884,33.97704309679102,0.12678001155519036,3.6719336484000182,52.833577674820404
context_action+all_internal+grounding,point,0.05,0.05,0.0919346908595888,0.8886363967744929,0.0845070422535211,0.3219315895372233,498,40,305,153,0.0803212851405622,0.6124497991967871,0.3072289156626506,0.3875502008032128,2,0.05,0.1491519612732129,0.0040160642570281,5,0.0326797385620915,0.0674805853056185,0.0100401606425702,0.6327868852459017,27.5635,33.0,47.513,57.0,0.8274789664651343,0.0682269941702631,4.079957827752695e-07,412.08472848153673,446.06169629437767,-33.97696781284094,-8.245141220845621,7.528395007830112e-05,33.97704309679102,0.1760468554237877,2.6252469014120656,37.773336710964976
context_action+all_internal+grounding,point,0.1,0.1,0.2352458742170311,0.7961903076715511,0.124748490945674,0.5291750503018109,498,70,184,244,0.1405622489959839,0.3694779116465863,0.4899598393574297,0.6305220883534136,8,0.1142857142857142,0.1967722734203974,0.0160642570281124,18,0.0737704918032786,0.107433361330813,0.036144578313253,0.592391304347826,48.263,55.0,75.8325,86.0,0.8274789664651343,0.0682269941702631,4.079957827752695e-07,412.08472848153673,446.0616460763277,-33.97691759479096,-8.24512903450468,0.00012550200000987388,33.97704309679102,0.10820714362035358,4.313901519885962,62.07052546598507
context_action+all_internal+grounding,point,0.2,0.2,0.5150400025504825,0.5150400025504825,0.2112676056338028,0.7887323943661971,498,121,0,377,0.2429718875502008,0.0,0.7570281124497992,1.0,24,0.1983471074380165,0.2674517023781744,0.0481927710843373,58,0.1538461538461538,0.1877558418853941,0.1164658634538152,,83.4075,92.0,117.4075,126.0,0.8274789664651343,0.0682269941702631,4.079957827752695e-07,412.08472848153673,446.0615683964279,-33.97683991489117,-8.245110184036701,0.00020318189982208423,33.97704309679102,0.0682269941702631,6.8817730058297375,99.01831663064371
