family,severity,n,triggered,pre_fault_trigger,usable,nochange_pass,move_pass,move_pass_when_nochange_fails,fix_x065,fix_x05
cool_stuck_closed,"{""stuck_opening"": 0.35}",1,1,0,1,0.0,0.0,0.0,1.0,1.0
cool_stuck_closed,"{""stuck_opening"": 0.3}",1,1,0,1,0.0,0.0,0.0,1.0,1.0
cool_stuck_closed,"{""stuck_opening"": 0.45}",1,0,0,0,,,,,
cool_stuck_closed,"{""stuck_opening"": 0.4}",1,1,0,1,0.0,0.0,0.0,1.0,1.0
cool_stuck_closed,"{""stuck_opening"": 0.55}",1,0,0,0,,,,,
cool_stuck_closed,"{""stuck_opening"": 0.5}",1,0,0,0,,,,,
cool_stuck_closed,"{""stuck_opening"": 0.6}",1,1,0,1,0.0,0.0,0.0,1.0,1.0
fouling,"{""fouling_max"": 0.4, ""fouling_tau"": 2000.0}",1,0,0,0,,,,,
fouling,"{""fouling_max"": 0.45, ""fouling_tau"": 2000.0}",1,0,0,0,,,,,
fouling,"{""fouling_max"": 0.5, ""fouling_tau"": 2000.0}",1,1,0,1,0.0,0.0,0.0,1.0,1.0
fouling,"{""fouling_max"": 0.55, ""fouling_tau"": 2000.0}",1,1,0,1,0.0,0.0,0.0,0.0,0.0
fouling,"{""fouling_max"": 0.6, ""fouling_tau"": 2000.0}",1,1,0,1,0.0,0.0,0.0,1.0,1.0
fouling,"{""fouling_max"": 0.65, ""fouling_tau"": 2000.0}",1,1,0,1,0.0,0.0,0.0,1.0,1.0
fouling,"{""fouling_max"": 0.7, ""fouling_tau"": 2000.0}",1,1,0,1,0.0,0.0,0.0,1.0,1.0
outlet_block,"{""outlet_block_factor"": 0.35}",1,1,0,1,0.0,0.0,0.0,1.0,1.0
outlet_block,"{""outlet_block_factor"": 0.45}",1,1,0,1,0.0,0.0,0.0,1.0,1.0
outlet_block,"{""outlet_block_factor"": 0.4}",1,1,0,1,0.0,0.0,0.0,1.0,1.0
outlet_block,"{""outlet_block_factor"": 0.55}",1,1,0,1,1.0,1.0,,1.0,1.0
outlet_block,"{""outlet_block_factor"": 0.5}",1,1,0,1,0.0,0.0,0.0,1.0,1.0
outlet_block,"{""outlet_block_factor"": 0.65}",1,1,0,1,1.0,1.0,,1.0,1.0
outlet_block,"{""outlet_block_factor"": 0.6}",1,0,0,0,,,,,
pump_degrade,"{""pump_degrade_factor"": 0.35}",1,1,0,1,0.0,0.0,0.0,1.0,1.0
pump_degrade,"{""pump_degrade_factor"": 0.45}",1,1,0,1,1.0,1.0,,1.0,1.0
pump_degrade,"{""pump_degrade_factor"": 0.4}",1,1,0,1,0.0,0.0,0.0,1.0,1.0
pump_degrade,"{""pump_degrade_factor"": 0.55}",1,1,0,1,1.0,1.0,,1.0,1.0
pump_degrade,"{""pump_degrade_factor"": 0.5}",1,1,0,1,0.0,0.0,0.0,1.0,1.0
pump_degrade,"{""pump_degrade_factor"": 0.65}",1,0,0,0,,,,,
pump_degrade,"{""pump_degrade_factor"": 0.6}",1,1,0,1,1.0,1.0,,1.0,1.0
