family,severity,seed,onset_s,plant_CA_in_base,plant_CD_in_base,plant_Fc_max,plant_Fin_sp,plant_L_sp,plant_Tc_base,plant_Tin_base,plant_UA,triggered,pre_fault_trigger,t_trigger,no_change,feed_x0.65,feed_x0.5,move_pass_share,move_passes
cool_stuck_closed,"{""stuck_opening"": 0.35}",1107485106,1648.7431043832498,0.10310299397490233,0.049930195928223425,0.5015306178228195,0.03368874041351085,9.88189040661007,294.3892393286398,347.17158567474536,519.9211294534877,True,False,1716.0,False,True,True,0.0,"[false, false]"
cool_stuck_closed,"{""stuck_opening"": 0.3}",745263582,1656.4157480753445,0.09130477160420777,0.04614741991575872,0.518220337424584,0.03963860480163606,9.614851865499816,286.80366460756665,353.2472107222674,534.7113381247848,True,False,1699.0,False,True,True,0.0,"[false, false]"
cool_stuck_closed,"{""stuck_opening"": 0.45}",1568556114,4550.931210774994,0.09126686872204338,0.05481405750362953,0.49480371452789196,0.02910006565288848,9.024164332280709,290.4951731333742,348.97386749005733,506.68006968999055,False,False,,,,,,
cool_stuck_closed,"{""stuck_opening"": 0.4}",290043221,3252.218120504671,0.10119796903145488,0.05192792008312011,0.4792101002281252,0.02767344468890186,8.375596811818523,294.12588969615723,354.2876463295625,478.3297743309289,True,False,3321.0,False,True,True,0.0,"[false, false]"
cool_stuck_closed,"{""stuck_opening"": 0.55}",769952406,4892.422072716467,0.10528772906662183,0.04558080473821234,0.5347727846405842,0.034676576608654266,8.905558773677239,286.45843320604683,346.8744433504971,560.9957598236911,False,False,,,,,,
cool_stuck_closed,"{""stuck_opening"": 0.5}",1508591950,4542.427258325131,0.100631651027787,0.04735270410762933,0.4900983486746608,0.027080022102772133,8.823536703970417,285.85353483799963,353.38753629308866,511.39068686158106,False,False,,,,,,
cool_stuck_closed,"{""stuck_opening"": 0.6}",835621388,4927.713641414082,0.0920217200740861,0.04848227022864794,0.48087215416407536,0.033576425212792256,9.584435796278274,294.41980100760117,352.8307143200692,467.71250343611183,True,False,5017.0,False,True,True,0.0,"[false, false]"
fouling,"{""fouling_max"": 0.4, ""fouling_tau"": 2000.0}",787254898,2379.065227322807,0.09606015893052018,0.04829653314266677,0.4657259669939782,0.03185308949830804,9.384095840876363,292.47533112228535,353.1306752882466,513.9420946128802,False,False,,,,,,
fouling,"{""fouling_max"": 0.45, ""fouling_tau"": 2000.0}",1556937506,2112.511393505745,0.10922016667680016,0.05399625544803177,0.47007547676402495,0.03603203988857324,8.291286724976375,286.9461202928724,349.8254558579825,425.93050808304963,False,False,,,,,,
fouling,"{""fouling_max"": 0.5, ""fouling_tau"": 2000.0}",1667086064,3186.7759647508956,0.09845516086591043,0.0503959272836863,0.4980581995948719,0.03784402303885903,8.399237511603149,289.5332773723245,353.8547571053081,543.4765716596208,True,False,6645.0,False,True,True,0.0,"[false, false]"
fouling,"{""fouling_max"": 0.55, ""fouling_tau"": 2000.0}",604660734,4165.243605292731,0.1072987292387313,0.04863714945852151,0.4800327832598225,0.03595544368869556,9.605412112586391,288.00252090204964,354.46733285118603,484.7552000788292,True,False,6955.0,False,False,False,0.0,"[false, false]"
fouling,"{""fouling_max"": 0.6, ""fouling_tau"": 2000.0}",1196349882,2711.704541145802,0.09381151996509596,0.04982152191327457,0.4738031145919067,0.038684116415381366,9.49412153391391,291.0916734143358,346.82566503757084,488.9955399678179,True,False,5175.0,False,True,True,0.0,"[false, false]"
fouling,"{""fouling_max"": 0.65, ""fouling_tau"": 2000.0}",1988807268,3712.505442231495,0.09210237478348308,0.05359100171065689,0.46115564921427504,0.03475917622084733,9.919765339502224,293.0639365183854,350.75179021128844,538.6743204880786,True,False,5851.0,False,True,True,0.0,"[false, false]"
fouling,"{""fouling_max"": 0.7, ""fouling_tau"": 2000.0}",337452864,1977.5379410387286,0.09083289565934212,0.0510595403954171,0.49665997751062335,0.03096162370339904,9.050003985541771,291.4612279887165,345.2493166253612,508.1779990820548,True,False,5524.0,False,True,True,0.0,"[false, false]"
outlet_block,"{""outlet_block_factor"": 0.35}",1999255633,4002.7170930187194,0.09776426307576425,0.046571285653372506,0.5324879139961745,0.03434087903982705,9.111251306368048,291.42119701178433,347.49757705044027,452.4304674351582,True,False,4039.0,False,True,True,0.0,"[false, false]"
outlet_block,"{""outlet_block_factor"": 0.45}",867376013,2909.323254537143,0.09691732659242558,0.04951314952700774,0.453222170779873,0.03553260936250706,9.173545272495662,285.1869863283865,352.1871086449249,514.07461564975,True,False,2954.0,False,True,True,0.0,"[false, false]"
outlet_block,"{""outlet_block_factor"": 0.4}",287734629,4119.439480578223,0.10531957200097657,0.05062672066632135,0.47986384088271133,0.03382885693507425,9.377991118840308,290.6881350941387,347.3777487482713,550.6111428389014,True,False,4161.0,False,True,True,0.0,"[false, false]"
outlet_block,"{""outlet_block_factor"": 0.55}",278143975,1998.6506264542159,0.10336248848085054,0.050161559369631896,0.4931576326904331,0.038709150853117914,9.600255629743177,291.74325367980146,354.2172886184849,481.362407628939,True,False,2053.0,True,True,True,1.0,"[true, true]"
outlet_block,"{""outlet_block_factor"": 0.5}",2029542898,4098.124140245703,0.10851457690806435,0.05412542157611078,0.4942620383515552,0.03899168519606923,9.885028313187137,288.0461624904529,354.8723428115238,449.84842245025,True,False,4144.0,False,True,True,0.0,"[false, false]"
outlet_block,"{""outlet_block_factor"": 0.65}",4941261,4276.112996147098,0.10764478150267039,0.051707401405600095,0.5383954507176033,0.03929477573520821,9.345888321458844,291.2091582797457,347.58167488163633,498.88015327774315,True,False,4370.0,True,True,True,1.0,"[true, true]"
outlet_block,"{""outlet_block_factor"": 0.6}",1969506858,3509.275943625299,0.10066805719775482,0.052522228302963686,0.4513213902079413,0.027596938574673106,8.6090061846613,286.9587545420369,352.29133429650636,458.2833837125249,False,False,,,,,,
pump_degrade,"{""pump_degrade_factor"": 0.35}",2000175596,3017.042692916176,0.10275167210649923,0.054314197085473616,0.5202426009744937,0.03520634932038721,9.531833878141402,286.1094381993889,346.7894709471363,513.1055349751474,True,False,3053.0,False,True,True,0.0,"[false, false]"
pump_degrade,"{""pump_degrade_factor"": 0.45}",1569611902,2234.0136252558464,0.0957011676783079,0.053695446791759055,0.5479649219007352,0.02748691636058064,9.145697843365683,289.41213776278795,350.74791131122316,508.2529726775185,True,False,2296.0,True,True,True,1.0,"[true, true]"
pump_degrade,"{""pump_degrade_factor"": 0.4}",1412108700,2795.6827569902916,0.10253325422560351,0.05179317288718535,0.5279450692228596,0.03085639013767895,8.131639069103075,289.34299207762854,351.2910332922701,447.9913868347524,True,False,2842.0,False,True,True,0.0,"[false, false]"
pump_degrade,"{""pump_degrade_factor"": 0.55}",681825585,4848.5777629525755,0.09729579069691002,0.04623029386529088,0.5199867391176027,0.03758140508450169,9.129207201273092,292.49303347039444,353.00534165489535,514.113546605221,True,False,4905.0,True,True,True,1.0,"[true, true]"
pump_degrade,"{""pump_degrade_factor"": 0.5}",1241348239,3753.1813664083083,0.10158711360264627,0.04856437406520887,0.5319791307752493,0.03830280158018417,9.569062364211533,290.9174624623158,350.7416943018882,544.5333756274533,True,False,3800.0,False,True,True,0.0,"[false, false]"
pump_degrade,"{""pump_degrade_factor"": 0.65}",1606679116,4674.903698478423,0.09764414906675051,0.050768088016991515,0.5278125278742154,0.031308504056489335,8.776377948140444,293.8196298358354,350.53810732206233,457.7335053449127,False,False,,,,,,
pump_degrade,"{""pump_degrade_factor"": 0.6}",1542870486,3154.4521581698446,0.09382695624995033,0.051133937217110625,0.47481907067921986,0.031122609588819024,8.390054169778823,294.6047265210349,350.2845114957793,563.3246356875118,True,False,3274.0,True,True,True,1.0,"[true, true]"
