source,dT_sp,dL_sp,Fin_ratio
cstr_dev_cal_00000_r0,3.0,0.1779818151559045,1.125699471245938
cstr_dev_cal_00001_r0,0.0,0.0,1.0
cstr_dev_cal_00002_r0,0.0,0.0,1.0
cstr_dev_cal_00003_r0,0.5,0.169233788573127,1.0097163837101637
cstr_dev_cal_00004_r0,3.0,0.20113404916949484,0.984044512057749
cstr_dev_cal_00005_r0,0.0,0.0,1.0
cstr_dev_cal_00006_r0,2.0,-0.006131098459361439,0.9718659692471601
cstr_dev_cal_00007_r0,0.0,0.0,1.0
cstr_dev_cal_00008_r0,-1.0,0.0,0.8793459126938422
cstr_dev_cal_00009_r0,0.0,0.6281994477050379,1.7387844442174896
cstr_dev_cal_00010_r0,0.5,0.7342392785858394,1.000149186583204
cstr_dev_cal_00011_r0,0.0,0.00021871795059702492,1.0
cstr_dev_cal_00012_r0,3.0,-0.5301934040646632,1.0151569993487433
cstr_dev_cal_00013_r0,0.0,0.0,1.0
cstr_dev_cal_00014_r0,0.0,0.0,1.0
cstr_dev_cal_00015_r0,0.0,0.0,1.0
cstr_dev_cal_00016_r0,0.25,-0.6950000000000003,1.0
cstr_dev_cal_00017_r0,0.14999999999997726,-0.721670262499714,1.0
cstr_dev_cal_00018_r0,0.0,0.7021871126842214,1.0
cstr_dev_cal_00019_r0,0.0,0.698585698773666,1.0536919692861038
cstr_dev_thr_00000_r0,0.0,-0.018579767202211883,1.0123735236569429
cstr_dev_thr_00001_r0,0.5,0.298351468960508,1.0607085593893273
cstr_dev_thr_00002_r0,0.0,0.0,1.0
cstr_dev_thr_00003_r0,0.0,0.2584952331070163,1.0803184601631306
cstr_dev_thr_00005_r0,3.0,0.24883082198914153,1.0771063574179711
cstr_dev_thr_00006_r0,0.0,-0.08046444324751967,1.1130563010748753
cstr_dev_thr_00007_r0,2.0,-0.0016734538185172454,0.9989313979239002
cstr_dev_thr_00008_r0,3.0,0.2462791772668389,1.2894006513062397
cstr_dev_thr_00009_r0,0.0,0.0,1.0
cstr_dev_thr_00010_r0,0.0,0.0,1.0002809937876
cstr_dev_thr_00011_r0,0.0,0.6026563293831408,1.020020112176354
cstr_dev_thr_00012_r0,0.0,0.0,1.0637709995032503
cstr_dev_thr_00013_r0,0.0,0.0,1.0178310767743781
cstr_dev_thr_00014_r0,-2.0,-0.003686671795421148,1.0
cstr_dev_thr_00015_r0,-2.0,0.0,1.0
cstr_dev_thr_00016_r0,0.0,0.0,1.0
cstr_dev_thr_00017_r0,0.0,0.11752819790332758,1.071766347625379
cstr_dev_thr_00018_r0,0.4399999999999977,0.0,1.0
cstr_dev_thr_00019_r0,-0.5,0.707424301932571,1.0
cstr_dev_thr_00020_r0,0.0,-3.464111024342742e-05,1.0
