model,family,allow,verify,disallow,calls_saved,failures_let_through,lost_valid,whatif_saved_pct_at_6.95s
Qwen/Qwen2.5-3B-Instruct,context_action,45,370,85,0.26,0,10,25.99209784164777
Qwen/Qwen2.5-3B-Instruct,token_confidence,30,389,81,0.222,0,6,20.875105617243022
Qwen/Qwen2.5-3B-Instruct,attention,40,392,68,0.216,1,4,20.274261732311277
Qwen/Qwen2.5-3B-Instruct,attention+token_confidence,40,371,89,0.258,0,6,24.474773243228697
Qwen/Qwen2.5-3B-Instruct,all_internal,41,347,112,0.306,0,14,29.131370365507685
Qwen/Qwen2.5-3B-Instruct,context_action+all_internal,65,304,131,0.392,1,17,37.74249122890723
meta-llama/Llama-3.2-3B-Instruct,context_action,39,268,193,0.464,0,14,46.39278057552958
meta-llama/Llama-3.2-3B-Instruct,token_confidence,0,386,114,0.228,0,11,21.99883071655523
meta-llama/Llama-3.2-3B-Instruct,attention,3,357,140,0.286,0,11,27.798558054702344
meta-llama/Llama-3.2-3B-Instruct,attention+token_confidence,25,309,166,0.382,0,17,37.39843359426519
meta-llama/Llama-3.2-3B-Instruct,all_internal,26,274,200,0.452,1,22,44.20626165177983
meta-llama/Llama-3.2-3B-Instruct,context_action+all_internal,47,235,218,0.53,2,22,51.96569762306863
Qwen/Qwen2.5-1.5B-Instruct,context_action,32,202,264,0.5943775100401606,0,26,59.42853229913602
Qwen/Qwen2.5-1.5B-Instruct,token_confidence,3,359,136,0.2791164658634538,0,11,27.03895458382697
Qwen/Qwen2.5-1.5B-Instruct,attention,35,230,233,0.5381526104417671,3,18,52.93851148758412
Qwen/Qwen2.5-1.5B-Instruct,attention+token_confidence,31,250,217,0.4979919678714859,2,14,48.92185442510243
Qwen/Qwen2.5-1.5B-Instruct,all_internal,28,287,183,0.4236947791164658,2,14,41.3558664847106
Qwen/Qwen2.5-1.5B-Instruct,context_action+all_internal,28,260,210,0.4779116465863454,0,17,46.82716905890504
