episode_id,family,params,onset_s,noise_seed,partition,triggered,t_trigger,sim_wall_s,selected
cstr_train_00000,outlet_block,{'outlet_block_factor': 0.5299955510759264},1983.2489393977169,976871785,train,True,2046.0,5.197225000010803,True
cstr_train_00001,outlet_block,{'outlet_block_factor': 0.469073023899087},1810.6921539101772,1524391918,train,True,1861.0,4.9465347999939695,True
cstr_train_00002,pump_degrade,{'pump_degrade_factor': 0.41410506844924605},2084.87231644469,1884329533,train,True,2129.0,5.852546200010693,True
cstr_train_00003,outlet_block,{'outlet_block_factor': 0.4441503226893801},1982.5101665009015,203859808,train,True,2030.0,5.562398400012171,True
cstr_train_00004,fouling,"{'fouling_max': 0.6699210885951283, 'fouling_tau': 2441.0034489610457}",2028.3276803725337,1539404654,train,True,5287.0,14.67512239998905,True
cstr_train_00005,outlet_block,{'outlet_block_factor': 0.4269730788665379},1878.7450845464814,1417333362,train,True,1924.0,5.672713699983433,True
cstr_train_00006,pump_degrade,{'pump_degrade_factor': 0.3565255489207737},2022.192645678383,1498422815,train,True,2062.0,5.870692600001348,True
cstr_train_00007,pump_degrade,{'pump_degrade_factor': 0.38768113813009447},2134.82775631693,572790828,train,True,2176.0,6.233705299993744,True
cstr_train_00008,outlet_block,{'outlet_block_factor': 0.4338470983643561},1859.4337972696324,1803656934,train,True,1906.0,4.748676599992905,True
cstr_train_00009,cool_stuck_closed,{'stuck_opening': 0.4220014216424335},1855.3879164563339,1788630208,train,True,1986.0,5.295099200011464,True
cstr_train_00010,outlet_block,{'outlet_block_factor': 0.4018044219755153},1888.1817037164979,521837939,train,True,1931.0,5.2646947000175714,True
cstr_train_00011,cool_stuck_closed,{'stuck_opening': 0.37268884586192796},2057.5437630289057,47914085,train,True,2135.0,5.670489600015571,True
cstr_train_00012,fouling,"{'fouling_max': 0.6227640140469186, 'fouling_tau': 2098.20288903642}",1898.070789772432,444593401,train,True,5129.0,13.978327500022715,True
cstr_train_00013,pump_degrade,{'pump_degrade_factor': 0.3516849430672649},2121.5431998226823,1145580492,train,True,2160.0,6.245072999998229,True
cstr_train_00014,outlet_block,{'outlet_block_factor': 0.3856563354607983},2133.1160462336347,940794650,train,True,2175.0,5.9938489999913145,True
cstr_train_00015,cool_stuck_closed,{'stuck_opening': 0.31475872744891104},1922.34195296171,1944197225,train,True,1990.0,5.33589290000964,True
cstr_train_00016,fouling,"{'fouling_max': 0.6574478587623646, 'fouling_tau': 2114.9407822972807}",2080.5804202600666,1528159985,train,True,5058.0,14.030363599973498,True
cstr_train_00017,pump_degrade,{'pump_degrade_factor': 0.3649838448086855},1996.657910751712,1245504186,train,True,2036.0,5.945161599986022,True
cstr_train_00018,fouling,"{'fouling_max': 0.6491053380667012, 'fouling_tau': 2403.340211951925}",1999.3597154675385,910999453,train,True,5401.0,14.780403000011574,True
cstr_train_00019,cool_stuck_closed,{'stuck_opening': 0.3666844438477418},2088.645492479872,481690022,train,True,2201.0,5.970116499986034,True
cstr_train_00020,outlet_block,{'outlet_block_factor': 0.3662716105160925},2188.442313916028,653916212,train,True,2228.0,5.649810000002617,True
cstr_train_00021,cool_stuck_closed,{'stuck_opening': 0.35893712991052573},2087.098023033298,1106335392,train,True,2191.0,6.0945113000052515,True
cstr_train_00022,fouling,"{'fouling_max': 0.6062921806187334, 'fouling_tau': 2086.5743065524352}",2172.4583068764314,1773218007,train,True,5610.0,14.582805500016548,True
cstr_train_00023,pump_degrade,{'pump_degrade_factor': 0.3740227047762234},1830.427413736551,1803693448,train,True,1871.0,4.649871300003724,True
cstr_train_00024,fouling,"{'fouling_max': 0.615598205674585, 'fouling_tau': 2466.868013635014}",2035.5055439940809,443736262,train,True,5912.0,15.12170970000443,True
cstr_train_00025,cool_stuck_closed,{'stuck_opening': 0.39357906889001976},2128.9058841942956,373269972,train,True,2235.0,6.063172499998473,True
cstr_train_00026,pump_degrade,{'pump_degrade_factor': 0.4478929978932962},1849.3710222016964,1374736932,train,True,1898.0,4.750910000002477,True
cstr_train_00027,outlet_block,{'outlet_block_factor': 0.44386877922836376},1901.957425843289,167451522,train,True,1949.0,5.213394399994286,True
cstr_train_00028,cool_stuck_closed,{'stuck_opening': 0.39101009575042184},2077.0709978438226,275455699,train,True,2182.0,5.758212399989134,True
cstr_train_00029,outlet_block,{'outlet_block_factor': 0.4035668876968552},2102.8693461564017,1677106487,train,True,2146.0,6.372445999993943,True
cstr_train_00030,fouling,"{'fouling_max': 0.6397056473464426, 'fouling_tau': 1788.6896133486757}",2168.792704014305,1303708321,train,True,4934.0,13.803773399995407,True
cstr_train_00031,cool_stuck_closed,{'stuck_opening': 0.4479604947270637},2059.590450719409,939280325,train,True,3196.0,8.530144399992423,True
cstr_train_00032,fouling,"{'fouling_max': 0.6658447438982035, 'fouling_tau': 2078.4010559741137}",1933.4212446734564,1420897863,train,True,4735.0,12.532901200000197,True
cstr_train_00033,cool_stuck_closed,{'stuck_opening': 0.38685440578232266},1854.022585415721,1335326151,train,True,1945.0,5.252845499984687,True
cstr_train_00034,cool_stuck_closed,{'stuck_opening': 0.40285327390536607},2059.3887387996997,656146874,train,False,,17.7321188999922,False
cstr_train_00035,cool_stuck_closed,{'stuck_opening': 0.38525366212314727},2110.601274672941,1789457912,train,True,2207.0,5.418510200019227,True
cstr_train_00036,pump_degrade,{'pump_degrade_factor': 0.3507349430711243},2040.2388846354002,1393615430,train,True,2079.0,5.60176719998708,True
cstr_train_00037,fouling,"{'fouling_max': 0.6108869056850351, 'fouling_tau': 1826.7013436621492}",2194.594482202733,1436604261,train,True,5182.0,14.977166700002272,True
cstr_train_00038,outlet_block,{'outlet_block_factor': 0.4686958330691896},1975.1669720953937,1181083237,train,True,2026.0,5.573125900002196,True
cstr_train_00039,cool_stuck_closed,{'stuck_opening': 0.4272008538951806},1809.977992522482,966611445,train,True,2004.0,5.636798199993791,True
cstr_train_00040,fouling,"{'fouling_max': 0.6982211708950565, 'fouling_tau': 1643.1160552517103}",1975.275533387289,1444188703,train,True,4198.0,11.805864399997517,True
cstr_train_00041,fouling,"{'fouling_max': 0.6979453708031792, 'fouling_tau': 1818.5003245292683}",1861.6054551710688,1535741755,train,True,4245.0,12.133433999988483,True
cstr_train_00042,outlet_block,{'outlet_block_factor': 0.4881719163891907},1963.0193424207084,275062548,train,True,2017.0,5.507575900002848,True
cstr_train_00043,fouling,"{'fouling_max': 0.6215411465878539, 'fouling_tau': 1795.5122846046038}",1953.1795372512072,627440022,train,True,4940.0,13.491064100002404,True
cstr_train_00044,fouling,"{'fouling_max': 0.6952393732388435, 'fouling_tau': 1511.768506083059}",2193.663243859742,694124394,train,True,4283.0,12.027323699992849,True
cstr_train_00045,cool_stuck_closed,{'stuck_opening': 0.33209992054465187},2055.4458063406214,835881740,train,True,2118.0,6.146951600007014,True
cstr_train_00046,pump_degrade,{'pump_degrade_factor': 0.37797964234968073},2041.6330018849017,1171457892,train,True,2082.0,5.753561499994248,True
cstr_train_00047,cool_stuck_closed,{'stuck_opening': 0.41094398886299427},1975.4223171341268,669252090,train,True,2131.0,5.9150326999952085,True
cstr_train_00048,fouling,"{'fouling_max': 0.6874194957062938, 'fouling_tau': 1882.085941898662}",2031.4002650472582,177167105,train,True,4562.0,12.062120399990818,True
cstr_train_00049,fouling,"{'fouling_max': 0.6337354231952105, 'fouling_tau': 2026.3496725917548}",2139.111282940891,1266379449,train,True,5241.0,13.473682499985443,True
cstr_train_00050,cool_stuck_closed,{'stuck_opening': 0.32708712227503933},1990.96047540731,1268847257,train,True,2056.0,5.396662599989213,True
cstr_train_00051,fouling,"{'fouling_max': 0.6022843261402863, 'fouling_tau': 2118.6615913683904}",1853.9957001828768,1968606271,train,True,5389.0,13.408659499982605,True
cstr_train_00052,fouling,"{'fouling_max': 0.6513898983311238, 'fouling_tau': 1557.2488793283792}",2098.4951295622836,8099626,train,True,4421.0,11.53971929999534,True
cstr_train_00053,fouling,"{'fouling_max': 0.6868330877183177, 'fouling_tau': 2339.9048589762974}",1940.0654479513569,1177065998,train,True,4970.0,13.116621799999848,True
cstr_train_00054,cool_stuck_closed,{'stuck_opening': 0.3937157699035278},1857.628594265477,1630041184,train,True,1950.0,4.96160469998722,True
cstr_train_00055,outlet_block,{'outlet_block_factor': 0.4459838782652217},1974.9793798439725,1567921188,train,True,2022.0,5.0125952000089455,True
cstr_train_00056,outlet_block,{'outlet_block_factor': 0.38645663916153905},2156.359805687664,2049878084,train,True,2198.0,5.824841699999524,True
cstr_train_00057,pump_degrade,{'pump_degrade_factor': 0.41147499266774284},1999.0276413924908,789034921,train,True,2043.0,6.248248299991246,True
cstr_train_00058,fouling,"{'fouling_max': 0.6086000023696911, 'fouling_tau': 1667.5127607980635}",1849.7087379324066,1563938546,train,True,4706.0,13.084094399993774,True
cstr_train_00059,outlet_block,{'outlet_block_factor': 0.5067034600303987},2111.7145008731195,1827487920,train,True,2169.0,5.92320039999322,True
cstr_train_00060,outlet_block,{'outlet_block_factor': 0.4240585264164161},1978.8143970620013,1900967808,train,True,2024.0,5.238720499997726,True
cstr_train_00061,cool_stuck_closed,{'stuck_opening': 0.3284300831201411},2106.072060470553,76789204,train,True,2155.0,5.890751300001284,True
cstr_train_00062,fouling,"{'fouling_max': 0.6225726134381673, 'fouling_tau': 1808.436086599381}",2103.421939092534,815149212,train,True,4933.0,12.779250399995362,True
cstr_train_00063,fouling,"{'fouling_max': 0.6664005604969533, 'fouling_tau': 1834.8212544804492}",2118.80964068362,1590092315,train,True,4784.0,11.837940500001423,True
cstr_train_00064,outlet_block,{'outlet_block_factor': 0.44741913645854137},1811.8569794585237,361820954,train,True,1859.0,4.5736690999765415,True
cstr_train_00065,cool_stuck_closed,{'stuck_opening': 0.335035837571581},2198.0918525984516,212941256,train,True,2261.0,5.785029799997574,True
cstr_train_00066,cool_stuck_closed,{'stuck_opening': 0.3157877002316247},1982.3549973205509,1594853907,train,True,2039.0,5.196698099985952,True
cstr_train_00067,cool_stuck_closed,{'stuck_opening': 0.39770667325489956},1848.6542277979083,1938039640,train,True,1979.0,5.090248900000006,True
cstr_train_00068,fouling,"{'fouling_max': 0.6462441701683856, 'fouling_tau': 2078.9088202028915}",1874.4174035644335,103653454,train,True,4993.0,12.306870100001106,True
cstr_train_00069,pump_degrade,{'pump_degrade_factor': 0.41460561738734525},1966.865236409423,1903718494,train,True,2010.0,5.079369399987627,True
cstr_train_00070,cool_stuck_closed,{'stuck_opening': 0.41438008030135354},1973.951958441815,1205575929,train,True,2129.0,5.371020300022792,True
cstr_train_00071,outlet_block,{'outlet_block_factor': 0.4386926248808992},2043.2956826681755,256136137,train,True,2090.0,5.42460790000041,True
cstr_train_00072,cool_stuck_closed,{'stuck_opening': 0.3679126268653379},1887.1917846661468,1459568737,train,True,1977.0,5.508453599992208,True
cstr_train_00073,pump_degrade,{'pump_degrade_factor': 0.36283419670874406},1829.3315717626263,1184153950,train,True,1869.0,5.067379999993136,True
cstr_train_00074,outlet_block,{'outlet_block_factor': 0.35043163145283},1809.971629257853,1437938038,train,True,1848.0,4.9355551000044215,True
cstr_train_00075,pump_degrade,{'pump_degrade_factor': 0.3793982274154207},1984.9470255161784,1772956970,train,True,2025.0,5.639984400011599,True
cstr_train_00076,fouling,"{'fouling_max': 0.6616853511201238, 'fouling_tau': 1614.9235961786433}",2061.5971445848763,77994279,train,True,4433.0,11.138922699989052,True
cstr_train_00077,pump_degrade,{'pump_degrade_factor': 0.4050177041943488},2020.7619257164874,1939336088,train,True,2064.0,5.535427399998298,True
cstr_train_00078,outlet_block,{'outlet_block_factor': 0.5074453885133416},2076.5429736950227,975351832,train,True,2134.0,5.37290159999975,True
cstr_train_00079,fouling,"{'fouling_max': 0.6395571906278674, 'fouling_tau': 2436.5453112870705}",1870.2160630793842,152852848,train,True,5393.0,13.754197600006592,True
cstr_train_00080,pump_degrade,{'pump_degrade_factor': 0.3740142622449148},2161.8692747189684,1184701323,train,True,2201.0,5.8975515000056475,True
cstr_train_00081,pump_degrade,{'pump_degrade_factor': 0.4236897915613611},1937.2748889831835,1063918948,train,True,1983.0,5.537366199976532,True
cstr_train_00082,pump_degrade,{'pump_degrade_factor': 0.3744356053949552},2168.8542780595635,152531895,train,True,2208.0,6.248464499978581,True
cstr_train_00083,cool_stuck_closed,{'stuck_opening': 0.32405034547813144},1919.5127449831439,1565677974,train,True,1979.0,5.358873899996979,True
cstr_train_00084,pump_degrade,{'pump_degrade_factor': 0.38887703197121126},1838.1854668596889,714767203,train,True,1880.0,4.557832099992083,True
cstr_train_00085,fouling,"{'fouling_max': 0.6114316913628037, 'fouling_tau': 2118.1352218073184}",1961.1244870728424,852199892,train,True,5409.0,13.581592300004559,True
cstr_train_00086,pump_degrade,{'pump_degrade_factor': 0.4449961889457451},1989.8978095075486,1675122438,train,True,2037.0,5.274011100002099,True
cstr_train_00087,pump_degrade,{'pump_degrade_factor': 0.3647269057255497},1959.8482750739336,693923065,train,True,1999.0,5.1290397999982815,True
cstr_train_00088,outlet_block,{'outlet_block_factor': 0.3509301446451114},2077.6241374674523,436349647,train,True,2116.0,5.883176699979231,True
cstr_train_00089,cool_stuck_closed,{'stuck_opening': 0.3839450134241907},2188.0619745804697,1788688758,train,True,2294.0,6.352378299983684,True
cstr_train_00090,fouling,"{'fouling_max': 0.6050602126184631, 'fouling_tau': 1542.8555897700794}",1877.9762974637197,837604660,train,True,4572.0,12.711093599995365,True
cstr_train_00091,outlet_block,{'outlet_block_factor': 0.39008296833311296},1917.4982201227192,1227157291,train,True,1959.0,5.428607300011208,True
cstr_train_00092,outlet_block,{'outlet_block_factor': 0.47626244553968405},1866.786825206547,1804272127,train,True,1918.0,5.404816700000083,True
cstr_train_00093,pump_degrade,{'pump_degrade_factor': 0.37738684628284247},1902.357042707866,3174625,train,True,1943.0,5.552063200011617,True
cstr_train_00094,outlet_block,{'outlet_block_factor': 0.4004678854367227},2124.3197894320947,445967436,train,True,2167.0,6.105258900002809,True
cstr_train_00095,fouling,"{'fouling_max': 0.6436199073540556, 'fouling_tau': 1912.3705485470318}",2028.7313141597092,1047105413,train,True,4943.0,13.426553400000557,True
cstr_train_00096,outlet_block,{'outlet_block_factor': 0.3534604915456101},1879.6127604333947,2063036137,train,True,1918.0,5.370902099995874,True
cstr_train_00097,cool_stuck_closed,{'stuck_opening': 0.34560445256071465},2011.3932407837578,569567470,train,True,2073.0,5.872838499984937,True
cstr_train_00098,fouling,"{'fouling_max': 0.669828633680815, 'fouling_tau': 1516.2538476316329}",2108.0272084017265,1423483204,train,True,4315.0,12.238028399995528,True
cstr_train_00099,fouling,"{'fouling_max': 0.60107343481676, 'fouling_tau': 1600.7730239990306}",1836.900240040058,658235205,train,True,4686.0,13.131007600022713,True
cstr_train_00100,outlet_block,{'outlet_block_factor': 0.4801501552932839},1888.4678564067794,2003142382,train,True,1941.0,5.3862283999915235,True
cstr_train_00101,pump_degrade,{'pump_degrade_factor': 0.412069960629664},1916.6259403314257,303176508,train,True,1960.0,5.544367399998009,True
cstr_train_00102,cool_stuck_closed,{'stuck_opening': 0.33414800260864286},2153.110341260518,1224785211,train,True,2229.0,6.147854000009829,True
cstr_train_00103,outlet_block,{'outlet_block_factor': 0.3693780087259222},1964.683079266769,1099969552,train,True,2004.0,5.616166799998609,True
cstr_train_00104,cool_stuck_closed,{'stuck_opening': 0.33426902327783},1976.1052321700765,2144733772,train,True,2027.0,5.294076299993321,True
cstr_train_00105,outlet_block,{'outlet_block_factor': 0.44275925478011113},1980.556661549975,332972939,train,True,2028.0,5.121929299988551,True
cstr_train_00106,pump_degrade,{'pump_degrade_factor': 0.44200960588251087},2109.3378628008145,581357559,train,True,2157.0,5.609421600005589,True
cstr_train_00107,outlet_block,{'outlet_block_factor': 0.36139836468168685},2199.4442946708555,1178613821,train,True,2239.0,5.592812299990328,True
cstr_train_00108,cool_stuck_closed,{'stuck_opening': 0.35212456361370187},2190.075946706735,1910636160,train,True,2272.0,5.770611699990695,True
cstr_train_00109,cool_stuck_closed,{'stuck_opening': 0.40199683879413634},2161.022130292085,1596010095,train,True,2289.0,6.162194999982603,True
cstr_train_00110,cool_stuck_closed,{'stuck_opening': 0.3403914674732496},1842.641387353262,111745902,train,True,1936.0,4.931713500001933,True
cstr_train_00111,outlet_block,{'outlet_block_factor': 0.5198625013043086},2085.4142779879226,565794251,train,True,2146.0,5.69128189998446,True
cstr_train_00112,pump_degrade,{'pump_degrade_factor': 0.36492976596375093},1946.320388760533,960218293,train,True,1986.0,5.153861400001915,True
cstr_train_00113,outlet_block,{'outlet_block_factor': 0.4090755092239328},1822.6171897095635,161906810,train,True,1866.0,4.811450400011381,True
cstr_train_00114,pump_degrade,{'pump_degrade_factor': 0.3540376941569977},1933.1933899830804,2015418360,train,True,1972.0,4.901110099977814,True
cstr_train_00115,cool_stuck_closed,{'stuck_opening': 0.3159758216444056},1980.5856302017391,1523989671,train,True,2041.0,5.205505699996138,True
cstr_train_00116,cool_stuck_closed,{'stuck_opening': 0.42507845572651404},2173.002575995297,1958401929,train,True,2369.0,6.605454500007909,True
cstr_train_00117,pump_degrade,{'pump_degrade_factor': 0.4217056658946804},2194.465744752908,388222851,train,True,2239.0,6.376623399992241,True
cstr_train_00118,cool_stuck_closed,{'stuck_opening': 0.37056566868495516},2180.5218326225076,990017816,train,True,2275.0,6.299512600002345,True
cstr_train_00119,pump_degrade,{'pump_degrade_factor': 0.3608906921622646},1970.6525010377673,2059580425,train,True,2009.0,5.810739200009266,True
cstr_train_00120,cool_stuck_closed,{'stuck_opening': 0.331331237930701},1934.591222222253,822633278,train,True,2000.0,4.962260000000242,True
cstr_train_00121,cool_stuck_closed,{'stuck_opening': 0.3937605199998416},2111.216740848171,1582070539,train,True,2243.0,5.9130218999926,True
cstr_train_00122,fouling,"{'fouling_max': 0.6402573410273458, 'fouling_tau': 2485.8099677166933}",2109.8401840433885,2065225811,train,True,5678.0,14.525507899990771,True
cstr_train_00123,fouling,"{'fouling_max': 0.6869694734562365, 'fouling_tau': 2396.3144213998967}",1979.0446001410444,2086547811,train,True,5135.0,13.738319199997932,True
cstr_train_00124,outlet_block,{'outlet_block_factor': 0.4290901985858866},2085.1065197925586,795616147,train,True,2131.0,6.298454900010256,True
cstr_train_00125,pump_degrade,{'pump_degrade_factor': 0.3586246606789124},1878.9836796905606,1832230738,train,True,1917.0,5.544576699991012,True
cstr_train_00126,cool_stuck_closed,{'stuck_opening': 0.3515052356690152},2157.054831113878,443628124,train,True,2263.0,6.308296600007452,True
cstr_train_00127,fouling,"{'fouling_max': 0.6467984248100767, 'fouling_tau': 1942.387912110368}",1933.6221537242855,915742934,train,True,4813.0,12.969384399999399,True
cstr_train_00128,pump_degrade,{'pump_degrade_factor': 0.4432437930163951},1819.8325155207829,1029008210,train,True,1867.0,4.7503829000052065,True
cstr_train_00129,outlet_block,{'outlet_block_factor': 0.4015815406043744},2079.3757511531267,189018089,train,True,2122.0,5.21394329998293,True
cstr_train_00130,pump_degrade,{'pump_degrade_factor': 0.4379460306288324},1820.9149269602754,1397132043,train,True,1867.0,4.722827899997355,True
cstr_train_00131,outlet_block,{'outlet_block_factor': 0.44578607658492},2082.4795533902807,153452361,train,True,2130.0,5.635350399999879,True
cstr_train_00132,pump_degrade,{'pump_degrade_factor': 0.367999201430794},2136.9464795771232,1887441086,train,True,2176.0,5.580574199993862,True
cstr_train_00133,pump_degrade,{'pump_degrade_factor': 0.42398246515495736},2010.1678944850792,444099398,train,True,2056.0,5.336690099997213,True
cstr_train_00134,outlet_block,{'outlet_block_factor': 0.38007202814875635},2197.0316004689885,677119052,train,True,2238.0,5.9911286999995355,True
cstr_train_00135,pump_degrade,{'pump_degrade_factor': 0.3982226171266592},2036.208712683459,1379373012,train,True,2078.0,5.822554999991553,True
cstr_train_00136,fouling,"{'fouling_max': 0.6654835293488736, 'fouling_tau': 2363.787623312375}",1900.2910060003344,293907899,train,True,5195.0,14.271011700009694,True
cstr_train_00137,outlet_block,{'outlet_block_factor': 0.36737293961001805},2028.5820015092952,781387173,train,True,2068.0,5.661075600015465,True
cstr_train_00138,pump_degrade,{'pump_degrade_factor': 0.39216719615244955},1872.6086051689283,512937147,train,True,1914.0,5.109550199995283,True
cstr_train_00139,outlet_block,{'outlet_block_factor': 0.35355151344725444},2054.5944794717416,1982033125,train,True,2093.0,5.668769499985501,True
cstr_train_00140,fouling,"{'fouling_max': 0.6559607999107882, 'fouling_tau': 2442.9196491329144}",2090.9681571261626,990652487,train,True,5474.0,15.148031199991237,True
cstr_train_00141,cool_stuck_closed,{'stuck_opening': 0.36638740450191587},2088.4482649911033,2016408178,train,True,2166.0,5.9004653000156395,True
cstr_train_00142,fouling,"{'fouling_max': 0.6947613289551645, 'fouling_tau': 1519.1345251250448}",1891.524625242973,2061898285,train,True,3996.0,10.582688900001813,True
cstr_train_00143,pump_degrade,{'pump_degrade_factor': 0.4071240086219332},1941.8334223617453,310496382,train,True,1984.0,4.607243900012691,True
cstr_train_00144,pump_degrade,{'pump_degrade_factor': 0.3670982239079454},1843.9852021466013,2126707689,train,True,1883.0,5.015763600007631,True
cstr_train_00145,outlet_block,{'outlet_block_factor': 0.37377519351088484},1819.2083549929982,64189705,train,True,1859.0,4.760348200012231,True
cstr_train_00146,outlet_block,{'outlet_block_factor': 0.42969684855555607},2188.59867569982,85021128,train,True,2234.0,5.893635499989614,True
cstr_train_00147,pump_degrade,{'pump_degrade_factor': 0.35352250968746546},2153.1391638028626,1103538486,train,True,2192.0,5.849666000023717,True
cstr_train_00148,outlet_block,{'outlet_block_factor': 0.4552555074793055},1899.7933367901078,1863048061,train,True,1948.0,5.458246499998495,True
cstr_train_00149,outlet_block,{'outlet_block_factor': 0.5050559902380931},1905.0487495354955,1072108171,train,True,1962.0,5.410107000003336,True
cstr_train_00150,cool_stuck_closed,{'stuck_opening': 0.33637847463417697},2081.57726915303,1250429984,train,True,2157.0,5.883952100004535,True
cstr_train_00151,outlet_block,{'outlet_block_factor': 0.48971516626714506},1929.1058759728146,1452250200,train,True,1983.0,5.110322399996221,False
cstr_train_00152,outlet_block,{'outlet_block_factor': 0.4463831595630048},2174.423269833035,1418030555,train,True,2222.0,5.811699999991106,False
cstr_train_00153,cool_stuck_closed,{'stuck_opening': 0.3745574015601835},2007.4036675851169,385381631,train,True,2108.0,5.762956899998244,False
cstr_train_00154,cool_stuck_closed,{'stuck_opening': 0.35875720876166756},1959.30861942856,1887962188,train,True,2046.0,5.458198299980722,False
cstr_train_00155,pump_degrade,{'pump_degrade_factor': 0.420826666843268},2044.2547133823346,1842477460,train,True,2089.0,5.425111999997171,False
cstr_train_00156,pump_degrade,{'pump_degrade_factor': 0.4486711400857223},2103.3328121792497,979511355,train,True,2151.0,5.475108099984936,False
cstr_train_00157,outlet_block,{'outlet_block_factor': 0.5046864344475146},2052.44812574201,1718282813,train,True,2109.0,5.461140500003239,False
cstr_train_00158,pump_degrade,{'pump_degrade_factor': 0.40211869833277747},2045.351851560738,1430964245,train,True,2088.0,5.529456700023729,False
cstr_train_00159,pump_degrade,{'pump_degrade_factor': 0.4336493224090198},2044.8969177875924,2132374124,train,True,2091.0,5.464419399999315,False
cstr_train_00160,cool_stuck_closed,{'stuck_opening': 0.41120289203938654},1987.763872653382,1572765621,train,True,2135.0,5.619134700013092,False
cstr_train_00161,pump_degrade,{'pump_degrade_factor': 0.4239614596148877},1818.217516818331,1552429773,train,True,1864.0,4.853775600000517,False
cstr_train_00162,pump_degrade,{'pump_degrade_factor': 0.4115287204031255},1920.688263904522,1622534551,train,True,1964.0,5.551286300003994,False
cstr_train_00163,fouling,"{'fouling_max': 0.637123491665281, 'fouling_tau': 1891.3505082147822}",2150.967151726308,1365002924,train,True,5029.0,12.469094100000802,False
cstr_train_00164,cool_stuck_closed,{'stuck_opening': 0.35433609834510565},2037.9411204775338,1233700531,train,True,2124.0,5.91401959999348,False
cstr_train_00165,cool_stuck_closed,{'stuck_opening': 0.38625232822701633},2163.604079260649,539494461,train,True,2299.0,6.374160300008953,False
cstr_train_00166,fouling,"{'fouling_max': 0.6213837535618326, 'fouling_tau': 2341.0546153874784}",1865.717435733148,284845248,train,True,5446.0,13.872787900007097,False
cstr_train_00167,outlet_block,{'outlet_block_factor': 0.35889400551441003},2047.0833908651039,1334559331,train,True,2086.0,4.276028699998278,False
cstr_train_00168,cool_stuck_closed,{'stuck_opening': 0.3003526006881583},2078.690768596733,1461995336,train,True,2144.0,5.840396899991902,False
cstr_train_00169,outlet_block,{'outlet_block_factor': 0.46416241409065223},2064.1495599744344,118999546,train,True,2114.0,5.639284899982158,False
cstr_train_00170,pump_degrade,{'pump_degrade_factor': 0.38498014484844684},2086.7260752206876,334269404,train,True,2127.0,5.789404099981766,False
cstr_train_00171,fouling,"{'fouling_max': 0.6041344576802319, 'fouling_tau': 1767.9034157014096}",2153.890927124649,410040472,train,True,5255.0,12.361483900021994,False
cstr_train_00172,pump_degrade,{'pump_degrade_factor': 0.44155373060004954},1839.358477821409,1921866913,train,True,1886.0,5.01222819997929,False
cstr_train_00173,cool_stuck_closed,{'stuck_opening': 0.33802173775635497},1928.0432802865712,280158901,train,False,,17.88264490000438,False
cstr_train_00174,pump_degrade,{'pump_degrade_factor': 0.357950348750474},1885.7519845956556,1644891466,train,True,1924.0,3.864422500017099,False
cstr_train_00175,fouling,"{'fouling_max': 0.6617122450570389, 'fouling_tau': 2219.784869424485}",1825.2587680186734,1328779541,train,True,4982.0,7.738597899995511,False
cstr_train_00176,outlet_block,{'outlet_block_factor': 0.5232142307689719},2180.300717856848,674685176,train,True,2241.0,6.064600799989421,False
cstr_train_00177,cool_stuck_closed,{'stuck_opening': 0.3008181241250243},2082.9638083248915,127600831,train,True,2142.0,5.859416399995098,False
cstr_train_00178,outlet_block,{'outlet_block_factor': 0.3508267853415228},2119.5663892088114,1815606527,train,True,2158.0,5.554592700005742,False
cstr_train_00179,outlet_block,{'outlet_block_factor': 0.5044296554514413},2013.1992148281674,218626828,train,True,2070.0,5.133581799978856,False
cstr_train_00180,pump_degrade,{'pump_degrade_factor': 0.41388210797407265},1943.8694932425226,85818345,train,True,1988.0,5.342432100005681,False
cstr_train_00181,pump_degrade,{'pump_degrade_factor': 0.4330867524113187},2187.586677474009,972453461,train,True,2234.0,5.999388700001873,False
cstr_train_00182,outlet_block,{'outlet_block_factor': 0.45790166220331774},1960.4893698549145,2142340496,train,True,2010.0,5.18081419999362,False
cstr_train_00183,pump_degrade,{'pump_degrade_factor': 0.4267010918351515},1995.6308036470416,1008677070,train,True,2041.0,4.830318099993747,False
cstr_train_00184,cool_stuck_closed,{'stuck_opening': 0.41890027675356134},1944.43318981186,327570788,train,True,2107.0,5.926970699976664,False
cstr_train_00185,pump_degrade,{'pump_degrade_factor': 0.41484395721117884},2082.7599213835206,1162779221,train,True,2126.0,5.7539536000113,False
cstr_train_00186,pump_degrade,{'pump_degrade_factor': 0.426531893429146},2109.589079545037,602912524,train,True,2155.0,5.737429700006032,False
cstr_train_00187,pump_degrade,{'pump_degrade_factor': 0.3935347757231872},2084.395686211601,554538253,train,True,2127.0,4.839175900007831,False
cstr_train_00188,pump_degrade,{'pump_degrade_factor': 0.36802672171581},1959.244979316602,446580654,train,True,1999.0,5.178642299986677,False
cstr_train_00189,outlet_block,{'outlet_block_factor': 0.3527422734873339},2121.0197359111435,940476542,train,True,2160.0,5.631305699993391,False
cstr_train_00190,outlet_block,{'outlet_block_factor': 0.543501251266761},1873.6322222909805,32770390,train,True,1939.0,4.58276340001612,False
cstr_train_00191,pump_degrade,{'pump_degrade_factor': 0.43275983172201893},2033.9045810117725,604985437,train,True,2079.0,4.47239310000441,False
cstr_train_00192,fouling,"{'fouling_max': 0.6253603106174515, 'fouling_tau': 1780.5307979820573}",1849.0322321034641,306817127,train,True,4660.0,12.01700979997986,False
cstr_train_00193,outlet_block,{'outlet_block_factor': 0.5355529291964058},2015.891087981372,699671295,train,True,2079.0,4.7742305000138,False
cstr_train_00194,pump_degrade,{'pump_degrade_factor': 0.4075482811909633},2132.9327395159617,1358035311,train,True,2176.0,3.433265500003472,False
cstr_train_00195,fouling,"{'fouling_max': 0.6394305830386123, 'fouling_tau': 1739.298925373267}",2142.8865837882167,1144021438,train,True,4749.0,6.365209300012793,False
cstr_train_00196,fouling,"{'fouling_max': 0.631455963812518, 'fouling_tau': 1867.8755450791605}",2029.9807900082687,1038096848,train,True,4919.0,11.616792099986924,False
cstr_train_00197,cool_stuck_closed,{'stuck_opening': 0.42599383563468296},1870.4948135486397,2143978104,train,True,2086.0,3.7801788999931887,False
cstr_train_00198,pump_degrade,{'pump_degrade_factor': 0.43367394382974284},1865.0056192973952,1435059211,train,True,1912.0,2.888533200020902,False
cstr_train_00199,fouling,"{'fouling_max': 0.6171068275020092, 'fouling_tau': 2389.944584294542}",1854.0684921096185,261067112,train,True,5628.0,7.282088300009491,False
cstr_train_00200,pump_degrade,{'pump_degrade_factor': 0.40897727576376774},2012.0939393555063,1618480999,train,True,2056.0,5.288607299997238,False
cstr_train_00201,fouling,"{'fouling_max': 0.6301741778134122, 'fouling_tau': 1519.0335009111693}",1899.2244935288793,501890991,train,True,4385.0,9.286884500004817,False
cstr_train_00202,fouling,"{'fouling_max': 0.6645450059090221, 'fouling_tau': 2190.971010233351}",1862.6897368400444,1767424572,train,True,4929.0,6.832186399988132,False
cstr_train_00203,fouling,"{'fouling_max': 0.6593217599703672, 'fouling_tau': 1681.2296512322462}",2043.9466008319941,81092021,train,True,4524.0,5.488176500017289,False
cstr_train_00204,outlet_block,{'outlet_block_factor': 0.36352661514086315},2166.3530216158674,1124533129,train,True,2206.0,5.411892900010571,False
cstr_train_00205,pump_degrade,{'pump_degrade_factor': 0.44271840825645314},2191.2317120104253,509358532,train,True,2239.0,5.066847499983851,False
cstr_train_00206,outlet_block,{'outlet_block_factor': 0.5001012478481739},2103.263624152737,576473851,train,True,2160.0,3.3107007000071462,False
cstr_train_00207,pump_degrade,{'pump_degrade_factor': 0.4386393554055034},2045.2920100392976,1592665078,train,True,2092.0,2.9985370000067633,False
cstr_train_00208,cool_stuck_closed,{'stuck_opening': 0.4198423263479341},2127.4849568708387,1325157896,train,True,2286.0,5.671998599980725,False
cstr_train_00209,pump_degrade,{'pump_degrade_factor': 0.3927754607057785},1826.2848241118131,721316217,train,True,1868.0,4.109852599998703,False
cstr_dev_cal_00000,fouling,"{'fouling_max': 0.6333775783894994, 'fouling_tau': 2135.4078889581865}",2097.4027938537397,146813701,dev_cal,True,5363.0,13.671163199993316,True
cstr_dev_cal_00001,outlet_block,{'outlet_block_factor': 0.46081242750554585},1886.2262476137046,1189344313,dev_cal,True,1936.0,5.266567300015595,True
cstr_dev_cal_00002,fouling,"{'fouling_max': 0.6363468064234228, 'fouling_tau': 2235.886542307251}",1875.3494484429484,641922742,dev_cal,True,5246.0,13.443464700016193,True
cstr_dev_cal_00003,fouling,"{'fouling_max': 0.6919333071494189, 'fouling_tau': 1928.0615797933701}",2070.0344359283204,1146199981,dev_cal,True,4621.0,12.649526599998353,True
cstr_dev_cal_00004,outlet_block,{'outlet_block_factor': 0.44206895588707923},2022.6987002098504,675394996,dev_cal,True,2070.0,5.5701482000004034,True
cstr_dev_cal_00005,outlet_block,{'outlet_block_factor': 0.4493276560018544},2163.1195614111384,1675955788,dev_cal,True,2211.0,5.361214900010964,True
cstr_dev_cal_00006,outlet_block,{'outlet_block_factor': 0.43554903777856696},1953.1639709790857,1203302750,dev_cal,True,2000.0,5.641634300001897,True
cstr_dev_cal_00007,cool_stuck_closed,{'stuck_opening': 0.36454783004799757},2189.7599255131454,315535989,dev_cal,True,2275.0,5.582869400008349,True
cstr_dev_cal_00008,pump_degrade,{'pump_degrade_factor': 0.3689514722582856},1999.6866043270256,1126429073,dev_cal,True,2039.0,5.643344999989495,True
cstr_dev_cal_00009,fouling,"{'fouling_max': 0.6437492959508083, 'fouling_tau': 1500.7833807335776}",1916.8872643865361,1829140989,dev_cal,True,4174.0,10.337413000001106,True
cstr_dev_cal_00010,cool_stuck_closed,{'stuck_opening': 0.34330173043461837},1945.454188447625,1825800861,dev_cal,True,2020.0,5.832590900012292,True
cstr_dev_cal_00011,cool_stuck_closed,{'stuck_opening': 0.40435856628133104},1926.4585805386803,1544406674,dev_cal,False,,18.14695950000896,False
cstr_dev_cal_00012,outlet_block,{'outlet_block_factor': 0.5293855283418709},1871.1814177474228,624557791,dev_cal,True,1933.0,5.280160700000124,True
cstr_dev_cal_00013,pump_degrade,{'pump_degrade_factor': 0.4431357511268241},1836.9290239249813,1853979728,dev_cal,True,1884.0,4.719653299980564,True
cstr_dev_cal_00014,outlet_block,{'outlet_block_factor': 0.5330916841682715},2048.843721970974,77302929,dev_cal,True,2111.0,6.016167600027984,True
cstr_dev_cal_00015,cool_stuck_closed,{'stuck_opening': 0.4453256015760917},1988.7829724488117,441042077,dev_cal,True,2466.0,6.144057299999986,True
cstr_dev_cal_00016,fouling,"{'fouling_max': 0.6050069018561716, 'fouling_tau': 1715.9957441329266}",1891.1415744543851,1076635495,dev_cal,True,4664.0,11.901698300003773,True
cstr_dev_cal_00017,fouling,"{'fouling_max': 0.6773924688741981, 'fouling_tau': 1612.9173616286291}",2028.6692979993213,1916117628,dev_cal,True,4342.0,11.362900800013449,True
cstr_dev_cal_00018,fouling,"{'fouling_max': 0.6365683931144959, 'fouling_tau': 1795.0981728276702}",2147.6439672336187,852174352,dev_cal,True,4887.0,12.726959299994633,True
cstr_dev_cal_00019,pump_degrade,{'pump_degrade_factor': 0.42511923950157665},1993.6690601809937,640350220,dev_cal,True,2038.0,5.594826899992768,True
cstr_dev_cal_00020,outlet_block,{'outlet_block_factor': 0.538246002820117},1903.291665801686,1925046371,dev_cal,True,1968.0,5.577111000020523,True
cstr_dev_cal_00021,cool_stuck_closed,{'stuck_opening': 0.3529823471743987},1900.6473445442775,1624211233,dev_cal,True,1980.0,4.839801399997668,True
cstr_dev_cal_00022,cool_stuck_closed,{'stuck_opening': 0.3541170179800769},2064.411707484763,25873276,dev_cal,True,2155.0,5.990870299981907,True
cstr_dev_cal_00023,pump_degrade,{'pump_degrade_factor': 0.39334366261339593},2095.390042474877,377839186,dev_cal,True,2137.0,5.183122899994487,True
cstr_dev_cal_00024,outlet_block,{'outlet_block_factor': 0.40443183082611767},2139.1734057445233,1420819435,dev_cal,True,2183.0,6.017833099991549,True
cstr_dev_cal_00025,cool_stuck_closed,{'stuck_opening': 0.4478427053924464},2091.2865505143923,1837404942,dev_cal,True,3578.0,8.77866099998937,True
cstr_dev_cal_00026,fouling,"{'fouling_max': 0.6969313223759345, 'fouling_tau': 2409.0796045508528}",2098.68229337431,480671638,dev_cal,True,5168.0,13.61493739997968,True
cstr_dev_cal_00027,cool_stuck_closed,{'stuck_opening': 0.3058638258061657},2010.6418709148024,1574614394,dev_cal,True,2070.0,5.910889899998438,True
cstr_dev_cal_00028,fouling,"{'fouling_max': 0.6931888988031316, 'fouling_tau': 2333.359118535856}",1944.252226434047,1442257676,dev_cal,True,4938.0,12.412539699987974,True
cstr_dev_cal_00029,cool_stuck_closed,{'stuck_opening': 0.38167020280292463},1931.0037548038345,766476761,dev_cal,True,2018.0,5.463362000009511,True
cstr_dev_cal_00030,outlet_block,{'outlet_block_factor': 0.42400548981417613},1817.5334169845873,1433911403,dev_cal,True,1863.0,5.222776000009617,True
cstr_dev_cal_00031,outlet_block,{'outlet_block_factor': 0.43167721731793557},2002.277115959466,489643434,dev_cal,True,2048.0,5.106108799984213,True
cstr_dev_cal_00032,outlet_block,{'outlet_block_factor': 0.5290415384800501},1861.1077334127751,370882438,dev_cal,True,1923.0,4.699863299989374,True
cstr_dev_cal_00033,outlet_block,{'outlet_block_factor': 0.41386409603918506},1916.9071915387551,988822640,dev_cal,True,1960.0,5.117845300002955,True
cstr_dev_cal_00034,outlet_block,{'outlet_block_factor': 0.46699970088915044},2104.512801902052,1062586588,dev_cal,True,2155.0,5.6279970000032336,True
cstr_dev_cal_00035,outlet_block,{'outlet_block_factor': 0.5357757647717948},1923.371656317202,1618102171,dev_cal,True,1987.0,5.203289199998835,True
cstr_dev_cal_00036,cool_stuck_closed,{'stuck_opening': 0.3725903690145087},1840.2136319233855,1835217464,dev_cal,True,1921.0,5.035025199991651,True
cstr_dev_cal_00037,pump_degrade,{'pump_degrade_factor': 0.3732698462046326},1947.83131723505,542683823,dev_cal,True,1988.0,5.370916100015165,True
cstr_dev_cal_00038,fouling,"{'fouling_max': 0.6329079449700734, 'fouling_tau': 1714.7619968743693}",1837.5460388474717,1605278547,dev_cal,True,4494.0,11.486379300011322,True
cstr_dev_cal_00039,fouling,"{'fouling_max': 0.697517557022993, 'fouling_tau': 2274.181107336511}",1910.037737451658,1461497153,dev_cal,True,4794.0,10.527149899979122,True
cstr_dev_cal_00040,fouling,"{'fouling_max': 0.6735095450846943, 'fouling_tau': 1520.397244513493}",2052.533264179405,1617999570,dev_cal,True,4260.0,11.002376700023888,True
cstr_dev_cal_00041,pump_degrade,{'pump_degrade_factor': 0.41759676414936003},2117.4295476935126,179878019,dev_cal,True,2161.0,5.479566599999089,True
cstr_dev_cal_00042,outlet_block,{'outlet_block_factor': 0.4253936259532491},2148.5480586873987,532474220,dev_cal,True,2193.0,5.967588900006376,True
cstr_dev_cal_00043,fouling,"{'fouling_max': 0.688033897610964, 'fouling_tau': 1743.5912990495615}",2156.4967045698945,1600481944,dev_cal,True,4484.0,11.901923199999146,True
cstr_dev_cal_00044,pump_degrade,{'pump_degrade_factor': 0.43501100878866716},2178.628303894612,48271437,dev_cal,True,2225.0,6.22385330000543,True
cstr_dev_cal_00045,outlet_block,{'outlet_block_factor': 0.3650517426460792},1947.110580830522,1586194338,dev_cal,True,1987.0,5.296173300012015,True
cstr_dev_cal_00046,fouling,"{'fouling_max': 0.6951314577273253, 'fouling_tau': 1926.9315805349315}",2047.754828279601,1117308660,dev_cal,True,4602.0,11.891382700006943,True
cstr_dev_cal_00047,cool_stuck_closed,{'stuck_opening': 0.41640220264434796},1897.6748882422064,582404820,dev_cal,True,2010.0,4.2624092000187375,True
cstr_dev_cal_00048,pump_degrade,{'pump_degrade_factor': 0.3574580638726672},1854.1319766875563,755965171,dev_cal,True,1893.0,5.0525697999983095,True
cstr_dev_cal_00049,outlet_block,{'outlet_block_factor': 0.40235642481954875},2180.1656178404146,866759832,dev_cal,True,2223.0,5.803861200023675,True
cstr_dev_cal_00050,fouling,"{'fouling_max': 0.6562799747149834, 'fouling_tau': 2329.7810588987536}",2166.7181586296956,398496857,dev_cal,True,5456.0,12.608376899996074,True
cstr_dev_cal_00051,pump_degrade,{'pump_degrade_factor': 0.426345245801906},2043.1898915264044,2029026770,dev_cal,True,2089.0,3.441634699993301,False
cstr_dev_cal_00052,cool_stuck_closed,{'stuck_opening': 0.40090400117593505},2179.1567028917752,528104817,dev_cal,True,2270.0,6.227930900000501,False
cstr_dev_cal_00053,outlet_block,{'outlet_block_factor': 0.5365761489228965},2075.972752342535,1940656495,dev_cal,True,2139.0,5.3317852999898605,False
cstr_dev_cal_00054,pump_degrade,{'pump_degrade_factor': 0.43058979848848705},1805.9342142418395,1860895017,dev_cal,True,1851.0,4.823245499981567,False
cstr_dev_cal_00055,pump_degrade,{'pump_degrade_factor': 0.36488709010173653},2113.3518670559047,11628236,dev_cal,True,2153.0,5.287767200003145,False
cstr_dev_cal_00056,cool_stuck_closed,{'stuck_opening': 0.3995821477681759},1877.8406304182477,142669271,dev_cal,True,2001.0,5.654962400003569,False
cstr_dev_cal_00057,fouling,"{'fouling_max': 0.600107910771369, 'fouling_tau': 2187.0766913151965}",1934.5223866900096,747557389,dev_cal,True,5522.0,10.862645500019426,False
cstr_dev_cal_00058,pump_degrade,{'pump_degrade_factor': 0.42887318070407426},1809.9964602010643,1881660879,dev_cal,True,1855.0,4.891717300022719,False
cstr_dev_cal_00059,pump_degrade,{'pump_degrade_factor': 0.44000143861707286},1990.7531866365348,984969470,dev_cal,True,2038.0,4.836905200005276,False
cstr_dev_cal_00060,pump_degrade,{'pump_degrade_factor': 0.446425131344424},2017.3362527068905,888879056,dev_cal,True,2065.0,5.574991500005126,False
cstr_dev_cal_00061,pump_degrade,{'pump_degrade_factor': 0.42526034681780206},2060.1594939251436,2136342481,dev_cal,True,2106.0,4.606107200001134,False
cstr_dev_cal_00062,pump_degrade,{'pump_degrade_factor': 0.3926194736547109},1817.8424154228019,135875979,dev_cal,True,1860.0,5.2687995999876875,False
cstr_dev_cal_00063,cool_stuck_closed,{'stuck_opening': 0.37468902885878175},2051.3465381627925,600265479,dev_cal,True,2145.0,4.4768663000140805,False
cstr_dev_cal_00064,fouling,"{'fouling_max': 0.6010093963326527, 'fouling_tau': 1778.8776668105627}",2155.051865749045,936081635,dev_cal,True,5207.0,10.497010899998713,False
cstr_dev_cal_00065,outlet_block,{'outlet_block_factor': 0.515028286414476},1884.9347359672718,324371468,dev_cal,True,1943.0,3.6870045000105165,False
cstr_dev_cal_00066,fouling,"{'fouling_max': 0.665957521701883, 'fouling_tau': 2251.1870116481955}",1830.8970598564742,1194541157,dev_cal,True,5002.0,10.425418400001945,False
cstr_dev_cal_00067,outlet_block,{'outlet_block_factor': 0.3775110949915503},1858.950537732947,1518040800,dev_cal,True,1899.0,3.3098888999957126,False
cstr_dev_cal_00068,pump_degrade,{'pump_degrade_factor': 0.3545638874180524},2059.161698569433,892474759,dev_cal,True,2098.0,5.392835399979958,False
cstr_dev_cal_00069,outlet_block,{'outlet_block_factor': 0.4053361591318868},2025.4406738947623,784915269,dev_cal,True,2069.0,3.46795769999153,False
cstr_dev_thr_00000,fouling,"{'fouling_max': 0.6112097056901087, 'fouling_tau': 1542.106713075145}",2114.4977379789934,273465540,dev_thr,True,4747.0,13.26114969997434,True
cstr_dev_thr_00001,pump_degrade,{'pump_degrade_factor': 0.43698844866027653},1967.8488108930565,1722697423,dev_thr,True,2014.0,5.229483400005847,True
cstr_dev_thr_00002,fouling,"{'fouling_max': 0.6031171339334346, 'fouling_tau': 1637.6114828851453}",1849.0939160719067,2008622291,dev_thr,True,4614.0,12.737942100007785,True
cstr_dev_thr_00003,cool_stuck_closed,{'stuck_opening': 0.32643105116826415},2035.724054928124,733496859,dev_thr,False,,17.017544900008943,False
cstr_dev_thr_00004,cool_stuck_closed,{'stuck_opening': 0.3795648706071941},2111.722451510512,1975991360,dev_thr,True,2213.0,6.270633200008888,True
cstr_dev_thr_00005,outlet_block,{'outlet_block_factor': 0.3956956020502841},1808.9765380769381,1775057643,dev_thr,True,1851.0,5.254231800005073,True
cstr_dev_thr_00006,cool_stuck_closed,{'stuck_opening': 0.36161988898466324},1833.59039046097,1173850546,dev_thr,True,1915.0,5.140404399979161,True
cstr_dev_thr_00007,pump_degrade,{'pump_degrade_factor': 0.40673708451630997},1941.9137295454425,532137360,dev_thr,True,1985.0,5.725174499995774,True
cstr_dev_thr_00008,pump_degrade,{'pump_degrade_factor': 0.4463650221025135},1909.9206861256225,1035453541,dev_thr,True,1957.0,5.66790930001298,True
cstr_dev_thr_00009,outlet_block,{'outlet_block_factor': 0.42997799822921934},1927.4416976049604,259455412,dev_thr,True,1973.0,5.656402900000103,True
cstr_dev_thr_00010,pump_degrade,{'pump_degrade_factor': 0.4376645587973359},1973.9500818029128,1819670087,dev_thr,True,2020.0,5.857263900019461,True
cstr_dev_thr_00011,cool_stuck_closed,{'stuck_opening': 0.4002705287321743},2073.572000798307,1269368961,dev_thr,True,2199.0,6.228721199993743,True
cstr_dev_thr_00012,cool_stuck_closed,{'stuck_opening': 0.31760797449118955},2118.610963243279,421889987,dev_thr,True,2177.0,6.363307499996154,True
cstr_dev_thr_00013,fouling,"{'fouling_max': 0.6887996927802422, 'fouling_tau': 2361.9589288877787}",2094.915949794423,114358457,dev_thr,True,5121.0,13.882811900024535,True
cstr_dev_thr_00014,pump_degrade,{'pump_degrade_factor': 0.43380742904784564},2060.2929502843153,379142080,dev_thr,True,2107.0,6.286896200006595,True
cstr_dev_thr_00015,pump_degrade,{'pump_degrade_factor': 0.4299372704261503},1888.5168325788509,1545312974,dev_thr,True,1934.0,5.568003099993803,True
cstr_dev_thr_00016,cool_stuck_closed,{'stuck_opening': 0.3945678114044901},2176.819468384773,123853017,dev_thr,True,2286.0,6.468093000003137,True
cstr_dev_thr_00017,pump_degrade,{'pump_degrade_factor': 0.390778266656177},2003.0300294250706,1174167140,dev_thr,True,2045.0,5.8299792999750935,True
cstr_dev_thr_00018,cool_stuck_closed,{'stuck_opening': 0.38271232845697467},2017.6491942660705,340341641,dev_thr,True,2121.0,6.087919399986276,True
cstr_dev_thr_00019,fouling,"{'fouling_max': 0.6564795718157586, 'fouling_tau': 1781.9479756570217}",1962.8379874207237,754830350,dev_thr,True,4582.0,12.648643199994694,True
cstr_dev_thr_00020,cool_stuck_closed,{'stuck_opening': 0.3701849794679967},2032.7285193047608,2145605339,dev_thr,True,2130.0,6.179935699998168,True
cstr_dev_thr_00021,outlet_block,{'outlet_block_factor': 0.5206660667927405},1812.8685487958237,1345251682,dev_thr,True,1873.0,5.202904700010549,True
cstr_dev_thr_00022,fouling,"{'fouling_max': 0.6132086702599111, 'fouling_tau': 2437.120549564503}",2113.5356803499963,136224725,dev_thr,True,5937.0,16.035184600012144,True
cstr_dev_thr_00023,pump_degrade,{'pump_degrade_factor': 0.43381127216667537},2177.954629535951,1612134455,dev_thr,True,2223.0,5.678684400016209,True
cstr_dev_thr_00024,cool_stuck_closed,{'stuck_opening': 0.38108948266726517},2171.844746726109,1914735478,dev_thr,True,2268.0,6.305927300010808,True
cstr_dev_thr_00025,cool_stuck_closed,{'stuck_opening': 0.3923433443077938},1904.3086210040963,1412527464,dev_thr,True,2000.0,5.7786238999979105,True
cstr_dev_thr_00026,fouling,"{'fouling_max': 0.614373768362473, 'fouling_tau': 2135.032203127847}",2075.406276655268,1281130268,dev_thr,True,5486.0,15.731916499993531,True
cstr_dev_thr_00027,outlet_block,{'outlet_block_factor': 0.43725329344975594},1880.9502531720668,1548452710,dev_thr,True,1927.0,5.35477139998693,True
cstr_dev_thr_00028,fouling,"{'fouling_max': 0.6155144685169239, 'fouling_tau': 1835.5024328270354}",1915.872345230662,898780560,dev_thr,True,4872.0,14.115288300003158,True
cstr_dev_thr_00029,cool_stuck_closed,{'stuck_opening': 0.363040328328858},2067.9327771431063,1095684932,dev_thr,True,2136.0,5.816881999984616,True
cstr_dev_thr_00030,cool_stuck_closed,{'stuck_opening': 0.42418889561004314},2184.103336627261,766071565,dev_thr,True,2436.0,6.705063200002769,True
cstr_dev_thr_00031,cool_stuck_closed,{'stuck_opening': 0.3774198367999577},1884.1791276997365,954341527,dev_thr,True,1975.0,5.563730800000485,True
cstr_dev_thr_00032,cool_stuck_closed,{'stuck_opening': 0.31570729116529433},2111.9068404894097,1037748442,dev_thr,True,2178.0,5.846361200005049,True
cstr_dev_thr_00033,fouling,"{'fouling_max': 0.6135492786819912, 'fouling_tau': 2163.3312825402795}",2034.496637129365,1046715312,dev_thr,True,5543.0,13.427894799999194,True
cstr_dev_thr_00034,fouling,"{'fouling_max': 0.6076510939691817, 'fouling_tau': 1830.7806179629424}",1927.7063941026208,1334046043,dev_thr,True,5078.0,13.420402199990349,True
cstr_dev_thr_00035,outlet_block,{'outlet_block_factor': 0.5424503651078345},2101.0936244562176,393766264,dev_thr,True,2167.0,4.990670600003796,True
cstr_dev_thr_00036,cool_stuck_closed,{'stuck_opening': 0.4083830782988436},1945.8273725020345,644470274,dev_thr,True,2102.0,5.789887799997814,True
cstr_dev_thr_00037,pump_degrade,{'pump_degrade_factor': 0.449838149675146},1855.9296879679755,194715053,dev_thr,True,1903.0,5.286965599982068,True
cstr_dev_thr_00038,pump_degrade,{'pump_degrade_factor': 0.4005440999838382},2182.1440728559187,1069772620,dev_thr,True,2225.0,5.932333500008099,True
cstr_dev_thr_00039,outlet_block,{'outlet_block_factor': 0.37049231993893694},1892.599167325824,192698035,dev_thr,True,1932.0,5.04818039998645,True
cstr_dev_thr_00040,outlet_block,{'outlet_block_factor': 0.545059116539931},1975.1584585632397,1069743769,dev_thr,True,2041.0,5.764554100023815,True
cstr_dev_thr_00041,pump_degrade,{'pump_degrade_factor': 0.4224363021997726},1929.1073186828962,920732520,dev_thr,True,1974.0,5.455418899975484,True
cstr_dev_thr_00042,cool_stuck_closed,{'stuck_opening': 0.43084175782840234},1946.5167321638892,945699663,dev_thr,True,2166.0,5.928427999984706,True
cstr_dev_thr_00043,cool_stuck_closed,{'stuck_opening': 0.37124521107379793},1829.028206259705,1284163181,dev_thr,True,1923.0,5.225565400003688,True
cstr_dev_thr_00044,pump_degrade,{'pump_degrade_factor': 0.43240270004886094},2040.6169042105262,305727796,dev_thr,True,2086.0,5.343104100000346,True
cstr_dev_thr_00045,outlet_block,{'outlet_block_factor': 0.49323811824656816},2160.378519579564,1596336056,dev_thr,True,2215.0,5.907291499985149,True
cstr_dev_thr_00046,cool_stuck_closed,{'stuck_opening': 0.35011404085251946},2145.0104767790117,1613724887,dev_thr,True,2217.0,5.857402199995704,True
cstr_dev_thr_00047,cool_stuck_closed,{'stuck_opening': 0.4212073563165114},1959.2098770876992,468432666,dev_thr,True,2123.0,5.586969500000123,True
cstr_dev_thr_00048,cool_stuck_closed,{'stuck_opening': 0.4151740696533728},2069.5772172902116,1825193601,dev_thr,True,2235.0,6.0050694000092335,True
cstr_dev_thr_00049,outlet_block,{'outlet_block_factor': 0.4356954814539369},1922.4151556383033,1127919381,dev_thr,True,1969.0,5.179448299983051,True
cstr_dev_thr_00050,cool_stuck_closed,{'stuck_opening': 0.37728725076043634},2010.4794555465246,1391748781,dev_thr,True,2112.0,5.525435999996262,True
cstr_dev_thr_00051,pump_degrade,{'pump_degrade_factor': 0.40590743338857527},1890.9725622622302,1110761387,dev_thr,True,1934.0,4.538292999990517,False
cstr_dev_thr_00052,pump_degrade,{'pump_degrade_factor': 0.4014323080389685},2131.434242447167,933987989,dev_thr,True,2174.0,5.8501370000012685,False
cstr_dev_thr_00053,outlet_block,{'outlet_block_factor': 0.49591801544236647},1806.9391556747948,871347835,dev_thr,True,1862.0,4.115872499998659,False
cstr_dev_thr_00054,cool_stuck_closed,{'stuck_opening': 0.3999753651510236},1817.0291677166015,1335178842,dev_thr,True,1935.0,5.02832889999263,False
cstr_dev_thr_00055,cool_stuck_closed,{'stuck_opening': 0.3358060528611759},1977.025936776332,1922704422,dev_thr,True,2054.0,4.885541099996772,False
cstr_dev_thr_00056,cool_stuck_closed,{'stuck_opening': 0.30949462366846586},1842.8658009013254,1447268361,dev_thr,True,1907.0,4.8714803000038955,False
cstr_dev_thr_00057,pump_degrade,{'pump_degrade_factor': 0.3964290055420208},2157.1291522915317,1003013161,dev_thr,True,2200.0,4.8004239999863785,False
cstr_dev_thr_00058,pump_degrade,{'pump_degrade_factor': 0.4115766385560466},2112.942489080199,85679154,dev_thr,True,2156.0,5.529887000011513,False
cstr_dev_thr_00059,cool_stuck_closed,{'stuck_opening': 0.32003151258852264},2162.869114034166,1698706099,dev_thr,True,2211.0,4.887657499988563,False
cstr_dev_thr_00060,outlet_block,{'outlet_block_factor': 0.4742101395089232},1825.6574888519704,402271895,dev_thr,True,1877.0,4.610357700003078,False
cstr_dev_thr_00061,cool_stuck_closed,{'stuck_opening': 0.3909019332395285},2199.9975561491347,1334383311,dev_thr,True,2313.0,4.623971999972127,False
cstr_dev_thr_00062,pump_degrade,{'pump_degrade_factor': 0.4015394351296691},1893.4087358291922,1377353476,dev_thr,True,1936.0,4.604775899992092,False
cstr_dev_thr_00063,cool_stuck_closed,{'stuck_opening': 0.34146384396687857},1871.636765112369,81010236,dev_thr,True,1948.0,3.710101400007261,False
cstr_dev_thr_00064,fouling,"{'fouling_max': 0.6708136526349985, 'fouling_tau': 2370.4772538301672}",2075.750283037587,475031800,dev_thr,True,5264.0,9.838031100021908,False
cstr_dev_thr_00065,fouling,"{'fouling_max': 0.6821245379607241, 'fouling_tau': 2259.9657023583923}",2180.7080006194765,1857241591,dev_thr,True,5205.0,6.576893599994946,False
cstr_dev_thr_00066,cool_stuck_closed,{'stuck_opening': 0.3993431648143047},1917.237110250328,744778106,dev_thr,True,2064.0,5.11921999999322,False
cstr_dev_thr_00067,pump_degrade,{'pump_degrade_factor': 0.383381783751264},1840.2849429083801,493328342,dev_thr,True,1882.0,3.3556614000117406,False
cstr_dev_thr_00068,pump_degrade,{'pump_degrade_factor': 0.4435600667134229},2110.0410626840826,25487437,dev_thr,True,2158.0,5.137628299999051,False
cstr_dev_thr_00069,pump_degrade,{'pump_degrade_factor': 0.43974415324446464},1990.476393022052,56271876,dev_thr,True,2037.0,3.3102330999972764,False
cstr_test_iid_00000,fouling,"{'fouling_max': 0.6146034336849746, 'fouling_tau': 1893.9288496202794}",1855.1495499962289,1665778328,test_iid,True,4930.0,12.452543499995954,True
cstr_test_iid_00001,cool_stuck_closed,{'stuck_opening': 0.36973140958248996},1857.267418367752,2099226408,test_iid,True,1948.0,5.070266299997456,True
cstr_test_iid_00002,cool_stuck_closed,{'stuck_opening': 0.4443562140558926},1982.5471900537198,1176801876,test_iid,True,2416.0,6.348163599992404,True
cstr_test_iid_00003,outlet_block,{'outlet_block_factor': 0.5086298786284326},2162.2106307845233,39048312,test_iid,True,2220.0,5.4616913000063505,True
cstr_test_iid_00004,pump_degrade,{'pump_degrade_factor': 0.37091657998929434},1957.9370644243,1763002807,test_iid,True,1997.0,5.251226899999892,True
cstr_test_iid_00005,cool_stuck_closed,{'stuck_opening': 0.3728232688139016},2031.089807097381,243060126,test_iid,True,2110.0,5.262786199979018,True
cstr_test_iid_00006,cool_stuck_closed,{'stuck_opening': 0.33494334938491166},1896.4021683365445,1821270815,test_iid,True,1980.0,5.542308200005209,True
cstr_test_iid_00007,cool_stuck_closed,{'stuck_opening': 0.33085378081743755},2154.1273633688916,1349519987,test_iid,True,2232.0,6.215389199991478,True
cstr_test_iid_00008,fouling,"{'fouling_max': 0.6331604692573827, 'fouling_tau': 2252.8366826757424}",2198.5291958609437,1470219952,test_iid,True,5584.0,14.945115399983479,True
cstr_test_iid_00009,outlet_block,{'outlet_block_factor': 0.36658697443525445},1836.590770847505,291096511,test_iid,True,1876.0,5.025702199985972,True
cstr_test_iid_00010,pump_degrade,{'pump_degrade_factor': 0.4290084562632409},2185.211968279489,1832700664,test_iid,True,2231.0,6.211582599993562,True
cstr_test_iid_00011,cool_stuck_closed,{'stuck_opening': 0.4178921008835741},1843.9602252289587,74347271,test_iid,True,1994.0,5.309391500020865,True
cstr_test_iid_00012,fouling,"{'fouling_max': 0.6606122698649953, 'fouling_tau': 2108.9260551962043}",2122.2803492855237,235974985,test_iid,True,5028.0,12.425251600012416,True
cstr_test_iid_00013,cool_stuck_closed,{'stuck_opening': 0.3397444877448232},1814.8593860516057,1238475256,test_iid,True,1878.0,5.007183899986558,True
cstr_test_iid_00014,pump_degrade,{'pump_degrade_factor': 0.36850252627637864},1945.544984929224,1356352791,test_iid,True,1985.0,5.595359300001292,True
cstr_test_iid_00015,cool_stuck_closed,{'stuck_opening': 0.3401986771897665},2172.0817843213,1130562518,test_iid,True,2237.0,6.372836900001857,True
cstr_test_iid_00016,outlet_block,{'outlet_block_factor': 0.4672734229374782},1950.991918075975,1586060652,test_iid,True,2001.0,5.753736400016351,True
cstr_test_iid_00017,outlet_block,{'outlet_block_factor': 0.45186403678149106},2066.355016987467,932754605,test_iid,True,2115.0,5.747697999991942,True
cstr_test_iid_00018,fouling,"{'fouling_max': 0.6237755072312392, 'fouling_tau': 1669.6328150784725}",1944.0345325301766,418578534,test_iid,True,4645.0,11.658130600000732,True
cstr_test_iid_00019,cool_stuck_closed,{'stuck_opening': 0.43222895038885367},2109.050464023381,1671872031,test_iid,True,2266.0,6.118791899993084,True
cstr_test_iid_00020,fouling,"{'fouling_max': 0.6097123034629872, 'fouling_tau': 2443.3854940913925}",2053.4465232634598,685534163,test_iid,True,6022.0,16.409565799986012,True
cstr_test_iid_00021,cool_stuck_closed,{'stuck_opening': 0.41994562745799247},2164.0563535088154,1934231105,test_iid,True,2420.0,6.393081299989717,True
cstr_test_iid_00022,fouling,"{'fouling_max': 0.6437614276036298, 'fouling_tau': 2338.7411576825566}",2076.591928639994,647951709,test_iid,True,5461.0,13.818449999991572,True
cstr_test_iid_00023,fouling,"{'fouling_max': 0.6771752031419205, 'fouling_tau': 1689.697035614182}",1882.8690915350687,325162353,test_iid,True,4271.0,11.227755500003695,True
cstr_test_iid_00024,fouling,"{'fouling_max': 0.6791303355758069, 'fouling_tau': 1515.5892929606844}",1813.8811572034926,1761019305,test_iid,True,3959.0,11.321904899989022,True
cstr_test_iid_00025,fouling,"{'fouling_max': 0.6995128772784275, 'fouling_tau': 1607.4949546972825}",2007.5363988136169,808372290,test_iid,True,4127.0,10.950990900018951,True
cstr_test_iid_00026,fouling,"{'fouling_max': 0.6411964799602216, 'fouling_tau': 2419.878770630361}",1935.2294408933813,617500178,test_iid,True,5544.0,14.828599600004964,True
cstr_test_iid_00027,pump_degrade,{'pump_degrade_factor': 0.3703384417476348},2010.480722618555,747126638,test_iid,True,2050.0,5.3115384000120685,True
cstr_test_iid_00028,outlet_block,{'outlet_block_factor': 0.47159662483296416},2167.832569479548,909200753,test_iid,True,2219.0,5.8726713999931235,True
cstr_test_iid_00029,outlet_block,{'outlet_block_factor': 0.5014452268347158},1828.2208169469568,1624554714,test_iid,True,1885.0,4.784831900004065,True
cstr_test_iid_00030,fouling,"{'fouling_max': 0.620052372912215, 'fouling_tau': 2455.9062854240883}",2084.4694864419357,49292260,test_iid,True,5839.0,14.394062399980612,True
cstr_test_iid_00031,fouling,"{'fouling_max': 0.6395796705152496, 'fouling_tau': 2134.033322033541}",1966.2585129106192,873715467,test_iid,True,5214.0,13.479584100015927,True
cstr_test_iid_00032,fouling,"{'fouling_max': 0.6983791213960732, 'fouling_tau': 2178.9209888996515}",1883.2866733750718,631048539,test_iid,True,4619.0,11.784336999990046,True
cstr_test_iid_00033,fouling,"{'fouling_max': 0.6599202147525745, 'fouling_tau': 1845.4924323502382}",2196.0222607431688,842767373,test_iid,True,4811.0,10.849931400007335,True
cstr_test_iid_00034,cool_stuck_closed,{'stuck_opening': 0.44299755735475066},2198.083523121288,646018241,test_iid,True,2552.0,6.487727600004291,True
cstr_test_iid_00035,cool_stuck_closed,{'stuck_opening': 0.3351924454534879},1885.6536093248155,1954759173,test_iid,False,,16.13015969999833,False
cstr_test_iid_00036,fouling,"{'fouling_max': 0.6475379559096065, 'fouling_tau': 1506.398559373405}",2186.8428913430284,2087300058,test_iid,True,4491.0,11.911101600009715,True
cstr_test_iid_00037,outlet_block,{'outlet_block_factor': 0.4310553886247966},2171.810405232616,1072807328,test_iid,True,2217.0,5.795242699998198,True
cstr_test_iid_00038,cool_stuck_closed,{'stuck_opening': 0.348038797047384},1821.5113806084344,247941892,test_iid,True,1894.0,5.186448399996152,True
cstr_test_iid_00039,pump_degrade,{'pump_degrade_factor': 0.3832590494182539},2053.7504629269856,1305601448,test_iid,True,2094.0,5.667600299988408,True
cstr_test_iid_00040,pump_degrade,{'pump_degrade_factor': 0.4151458796624193},2145.532785901677,213876355,test_iid,True,2189.0,5.688104400003795,True
cstr_test_iid_00041,cool_stuck_closed,{'stuck_opening': 0.30347610160238775},2066.238594822022,1066175336,test_iid,True,2116.0,5.58288060000632,True
cstr_test_iid_00042,cool_stuck_closed,{'stuck_opening': 0.4332266050151417},2117.0461907161566,1497350639,test_iid,True,2380.0,6.23072449999745,True
cstr_test_iid_00043,outlet_block,{'outlet_block_factor': 0.47226317034305576},1864.434393208398,1094270213,test_iid,True,1916.0,5.057541399990441,True
cstr_test_iid_00044,outlet_block,{'outlet_block_factor': 0.3673069988326504},2056.527300583615,719918648,test_iid,True,2096.0,5.743997300014598,True
cstr_test_iid_00045,fouling,"{'fouling_max': 0.68616080421576, 'fouling_tau': 1585.8396673625816}",2079.1398875436603,426314445,test_iid,True,4251.0,11.126903800002765,True
cstr_test_iid_00046,cool_stuck_closed,{'stuck_opening': 0.35415037166734364},1861.0415766248123,1209332080,test_iid,True,1972.0,5.033112200006144,True
cstr_test_iid_00047,outlet_block,{'outlet_block_factor': 0.5243964869551607},2069.214554110163,110260782,test_iid,True,2130.0,5.4308903999917675,True
cstr_test_iid_00048,cool_stuck_closed,{'stuck_opening': 0.3084229748989754},2081.2862684162865,2118955881,test_iid,True,2136.0,5.648606400005519,True
cstr_test_iid_00049,outlet_block,{'outlet_block_factor': 0.5178650503850626},1800.4421075799637,1135507118,test_iid,True,1860.0,4.75191160000395,True
cstr_test_iid_00050,cool_stuck_closed,{'stuck_opening': 0.3712016758212515},2138.5055274872507,1982182302,test_iid,True,2227.0,5.894469299993943,True
cstr_test_iid_00051,fouling,"{'fouling_max': 0.6271949272551597, 'fouling_tau': 1532.794858385419}",1887.1675245345198,1580199458,test_iid,True,4374.0,9.322046699991915,False
cstr_test_iid_00052,fouling,"{'fouling_max': 0.6321068896344783, 'fouling_tau': 1663.160329490918}",2188.384972324028,1157119022,test_iid,True,4832.0,12.121182999981102,False
cstr_test_iid_00053,fouling,"{'fouling_max': 0.6859693551009086, 'fouling_tau': 1980.693235417045}",1828.0062859642185,1943450324,test_iid,True,4487.0,8.269151699991198,False
cstr_test_iid_00054,outlet_block,{'outlet_block_factor': 0.43324217816150634},1846.95496693527,2044440691,test_iid,True,1892.0,5.201436800009105,False
cstr_test_iid_00055,outlet_block,{'outlet_block_factor': 0.48208003887565587},1848.038056870883,669742414,test_iid,True,1901.0,4.585533499979647,False
cstr_test_iid_00056,fouling,"{'fouling_max': 0.6355058707016064, 'fouling_tau': 1670.7329047187388}",2116.2971353949283,1143223409,test_iid,True,4788.0,11.261384100012947,False
cstr_test_iid_00057,pump_degrade,{'pump_degrade_factor': 0.3806706320396496},1831.9739955818197,1432332403,test_iid,True,1872.0,3.340179299993906,False
cstr_test_iid_00058,pump_degrade,{'pump_degrade_factor': 0.35892093355245386},2031.749488334189,1464575203,test_iid,True,2070.0,5.642218299995875,False
cstr_test_iid_00059,fouling,"{'fouling_max': 0.6550803579049563, 'fouling_tau': 2256.0933555209804}",1827.5320456966156,1285562803,test_iid,True,5071.0,9.341770500002895,False
cstr_test_iid_00060,pump_degrade,{'pump_degrade_factor': 0.43677841959377206},2109.445217584781,1990051269,test_iid,True,2156.0,5.889578600006644,False
cstr_test_iid_00061,pump_degrade,{'pump_degrade_factor': 0.4091608193581351},1872.692446655839,883137291,test_iid,True,1916.0,3.9468209000187926,False
cstr_test_iid_00062,fouling,"{'fouling_max': 0.6749703128174049, 'fouling_tau': 2397.0335508535118}",1889.8219775004104,1041160536,test_iid,True,5059.0,11.677080699999351,False
cstr_test_iid_00063,fouling,"{'fouling_max': 0.6915064627775993, 'fouling_tau': 1620.5618833393198}",1897.300914879684,1332682678,test_iid,True,4086.0,6.368418300000485,False
cstr_test_iid_00064,cool_stuck_closed,{'stuck_opening': 0.3932601352700307},1833.632540099854,1845497455,test_iid,True,1937.0,5.012016599997878,False
cstr_test_iid_00065,fouling,"{'fouling_max': 0.6647163673241998, 'fouling_tau': 1704.8809146972721}",2005.0635492879317,284110845,test_iid,True,4431.0,7.6786534000129905,False
cstr_test_iid_00066,outlet_block,{'outlet_block_factor': 0.4137597054762547},1817.32637457968,920193549,test_iid,True,1861.0,4.218290699995123,False
cstr_test_iid_00067,cool_stuck_closed,{'stuck_opening': 0.3434768195643191},1996.3051485075093,179190722,test_iid,True,2086.0,4.129614900011802,False
cstr_test_iid_00068,fouling,"{'fouling_max': 0.6615985069613701, 'fouling_tau': 2033.8428041950192}",1861.463770522087,978269540,test_iid,True,4741.0,8.821385499992175,False
cstr_test_iid_00069,cool_stuck_closed,{'stuck_opening': 0.3905079035417075},1946.085497901573,1144699816,test_iid,True,2046.0,3.96689250000054,False
