family,rule,alpha_allow,beta_disallow,tau_low,tau_high,dev_frac_allow,dev_frac_disallow,n,n_allow,n_verify,n_disallow,frac_allow,frac_verify,frac_disallow,simulator_calls_saved_frac,escaped_failures,allow_failure_rate,allow_failure_rate_cp95_upper,escaped_failure_rate_all,lost_viable,disallow_valid_rate,disallow_valid_rate_cp95_upper,lost_viable_rate_all,verify_failure_rate,random_escaped_failures_mean,random_escaped_failures_p97.5,random_lost_viable_mean,random_lost_viable_p97.5
neg_mean_logprob (untrained),ucb,0.0,0.1,0.0,1.0,0.0,0.0,500,0,500,0,0.0,1.0,0.0,0.0,0,,,0.0,0,,,0.0,0.63,0.0,0.0,0.0,0.0
neg_mean_logprob (untrained),ucb,0.05,0.05,0.0,1.0,0.0,0.0,500,0,500,0,0.0,1.0,0.0,0.0,0,,,0.0,0,,,0.0,0.63,0.0,0.0,0.0,0.0
neg_mean_logprob (untrained),ucb,0.1,0.1,0.0,1.0,0.0,0.0,500,0,500,0,0.0,1.0,0.0,0.0,0,,,0.0,0,,,0.0,0.63,0.0,0.0,0.0,0.0
neg_mean_logprob (untrained),ucb,0.2,0.2,0.015408552251756101,0.13193391263484947,0.076,0.154,500,46,380,74,0.092,0.76,0.148,0.24,8,0.17391304347826086,0.29197871258266095,0.016,14,0.1891891891891892,0.2798427661635986,0.028,0.65,28.9085,35.0,27.4845,35.0
neg_mean_logprob (untrained),point,0.0,0.1,0.0022055231966078004,0.13655905425548548,0.004,0.14,500,4,431,65,0.008,0.862,0.13,0.138,0,0.0,0.527129195498412,0.0,13,0.2,0.2990527557819538,0.026,0.6102088167053364,2.518,4.0,24.191,31.0
neg_mean_logprob (untrained),point,0.05,0.05,0.007066163700073901,0.22694829106330866,0.046,0.004,500,22,478,0,0.044,0.956,0.0,0.044,1,0.045454545454545456,0.19812213163688158,0.002,0,,,0.0,0.6569037656903766,13.867,18.0,0.0,0.0
neg_mean_logprob (untrained),point,0.1,0.1,0.017221715301275205,0.13655905425548548,0.08,0.14,500,51,384,65,0.102,0.768,0.13,0.232,10,0.19607843137254902,0.30986426800566264,0.02,13,0.2,0.2990527557819538,0.026,0.6588541666666666,32.023,38.0,24.1265,31.0
neg_mean_logprob (untrained),point,0.2,0.2,0.027435459196567504,0.07840351760387419,0.132,0.464,500,74,174,252,0.148,0.348,0.504,0.652,15,0.20270270270270271,0.2948273619130066,0.03,51,0.20238095238095238,0.24853444168616493,0.102,0.5689655172413793,46.4645,54.0,92.9855,104.0
token_entropy (untrained),ucb,0.0,0.1,0.0,1.0,0.0,0.0,500,0,500,0,0.0,1.0,0.0,0.0,0,,,0.0,0,,,0.0,0.63,0.0,0.0,0.0,0.0
token_entropy (untrained),ucb,0.05,0.05,0.0,1.0,0.0,0.0,500,0,500,0,0.0,1.0,0.0,0.0,0,,,0.0,0,,,0.0,0.63,0.0,0.0,0.0,0.0
token_entropy (untrained),ucb,0.1,0.1,0.0,1.0,0.0,0.0,500,0,500,0,0.0,1.0,0.0,0.0,0,,,0.0,0,,,0.0,0.63,0.0,0.0,0.0,0.0
token_entropy (untrained),ucb,0.2,0.2,0.06839152425527571,0.21779270470142356,0.09,0.33,500,51,287,162,0.102,0.574,0.324,0.426,9,0.17647058823529413,0.28774759308879855,0.018,24,0.14814814814814814,0.20197577967444771,0.048,0.5853658536585366,32.023,38.0,59.898,70.0
token_entropy (untrained),point,0.0,0.1,0.015652675181627204,0.24644462764263148,0.004,0.22,500,3,383,114,0.006,0.766,0.228,0.234,0,0.0,0.6315968501359612,0.0,16,0.14035087719298245,0.2053347436625807,0.032,0.566579634464752,1.88,3.0,42.3575,51.0
token_entropy (untrained),point,0.05,0.05,0.015652675181627204,0.28287011384963984,0.004,0.12,500,3,437,60,0.006,0.874,0.12,0.126,0,0.0,0.6315968501359612,0.0,12,0.2,0.30380973001535283,0.024,0.6109839816933639,1.88,3.0,22.2995,29.0
token_entropy (untrained),point,0.1,0.1,0.06839152425527571,0.24644462764263148,0.09,0.22,500,51,335,114,0.102,0.67,0.228,0.33,9,0.17647058823529413,0.28774759308879855,0.018,16,0.14035087719298245,0.2053347436625807,0.032,0.6208955223880597,32.023,38.0,42.114,51.0
token_entropy (untrained),point,0.2,0.2,0.08295337110757821,0.19386486709117887,0.132,0.436,500,71,210,219,0.142,0.42,0.438,0.58,16,0.22535211267605634,0.3219317420039151,0.032,41,0.1872146118721461,0.23595073582926038,0.082,0.5761904761904761,44.578,52.0,80.7555,91.0
context_action,ucb,0.0,0.1,0.0,0.814105360766888,0.0,0.358,500,0,339,161,0.0,0.678,0.322,0.322,0,,,0.0,11,0.06832298136645963,0.11055664440990823,0.022,0.48672566371681414,0.0,0.0,59.6005,69.0
context_action,ucb,0.05,0.05,0.0,0.8851565019844494,0.0,0.28,500,0,380,120,0.0,0.76,0.24,0.24,0,,,0.0,7,0.058333333333333334,0.10677172541532223,0.014,0.531578947368421,0.0,0.0,44.576,53.0
context_action,ucb,0.1,0.1,0.06835165402461112,0.814105360766888,0.076,0.358,500,39,300,161,0.078,0.6,0.322,0.4,0,0.0,0.07393758892668655,0.0,11,0.06832298136645963,0.11055664440990823,0.022,0.55,24.478,30.0,59.5545,69.0
context_action,ucb,0.2,0.2,0.24580708915093502,0.5584464114617813,0.138,0.588,500,71,139,290,0.142,0.278,0.58,0.722,6,0.08450704225352113,0.15998877895744107,0.012,39,0.13448275862068965,0.17196747270047613,0.078,0.4172661870503597,44.578,52.0,107.085,117.02499999999986
context_action,point,0.0,0.1,0.06835165402461112,0.7642911572960598,0.076,0.428,500,39,268,193,0.078,0.536,0.386,0.464,0,0.0,0.07393758892668655,0.0,14,0.07253886010362694,0.1110768824755565,0.028,0.5074626865671642,24.478,30.0,71.347,81.0
context_action,point,0.05,0.05,0.14050575108229613,0.8570446340901828,0.128,0.324,500,69,292,139,0.138,0.584,0.278,0.416,4,0.057971014492753624,0.1277651933029736,0.008,8,0.05755395683453238,0.101448405103382,0.016,0.6164383561643836,43.327,50.0,51.354,61.0
context_action,point,0.1,0.1,0.16503876798460873,0.7642911572960598,0.134,0.428,500,71,236,193,0.142,0.472,0.386,0.528,6,0.08450704225352113,0.15998877895744107,0.012,14,0.07253886010362694,0.1110768824755565,0.028,0.5508474576271186,44.578,52.0,71.28,82.0
context_action,point,0.2,0.2,0.34079752288084486,0.46433449126054366,0.204,0.684,500,117,52,331,0.234,0.104,0.662,0.896,21,0.1794871794871795,0.24807773923561685,0.042,58,0.17522658610271905,0.21324497731936298,0.116,0.40384615384615385,73.5225,82.0,122.3545,132.0
token_confidence,ucb,0.0,0.1,0.0,0.9123959511948069,0.0,0.084,500,0,457,43,0.0,0.914,0.086,0.086,0,,,0.0,3,0.06976744186046512,0.17056312688838482,0.006,0.6017505470459519,0.0,0.0,15.9855,22.0
token_confidence,ucb,0.05,0.05,0.0,1.0,0.0,0.0,500,0,500,0,0.0,1.0,0.0,0.0,0,,,0.0,0,,,0.0,0.63,0.0,0.0,0.0,0.0
token_confidence,ucb,0.1,0.1,0.0,0.9123959511948069,0.0,0.084,500,0,457,43,0.0,0.914,0.086,0.086,0,,,0.0,3,0.06976744186046512,0.17056312688838482,0.006,0.6017505470459519,0.0,0.0,15.9855,22.0
token_confidence,ucb,0.2,0.2,0.10654298860419222,0.7185347319826837,0.064,0.446,500,33,253,214,0.066,0.506,0.428,0.494,4,0.12121212121212122,0.256252691826118,0.008,28,0.1308411214953271,0.174964363857922,0.056,0.49407114624505927,20.7285,26.0,79.143,90.0
token_confidence,point,0.0,0.1,0.0017769879699026001,0.8287714240900366,0.004,0.252,500,0,386,114,0.0,0.772,0.228,0.228,0,,,0.0,11,0.09649122807017543,0.15465926706915864,0.022,0.5492227979274611,0.0,0.0,42.328,51.0
token_confidence,point,0.05,0.05,0.09810130002330761,0.9002730564455925,0.06,0.102,500,32,418,50,0.064,0.836,0.1,0.164,3,0.09375,0.22481610858922574,0.006,4,0.08,0.17379115816419352,0.008,0.6363636363636364,20.098,25.0,18.53,25.0
token_confidence,point,0.1,0.1,0.15664812945423462,0.8287714240900366,0.08,0.252,500,46,340,114,0.092,0.68,0.228,0.32,6,0.13043478260869565,0.24129830990976356,0.012,11,0.09649122807017543,0.15465926706915864,0.022,0.6058823529411764,28.9085,35.0,42.1535,51.0
token_confidence,point,0.2,0.2,0.27003106680728495,0.6045039538196724,0.132,0.594,500,74,127,299,0.148,0.254,0.598,0.746,13,0.17567567567567569,0.2647235953788307,0.026,56,0.18729096989966554,0.22834172023220797,0.112,0.4645669291338583,46.4645,54.0,110.443,121.0
attention,ucb,0.0,0.1,0.0,0.9084037485026951,0.0,0.168,500,0,425,75,0.0,0.85,0.15,0.15,0,,,0.0,3,0.04,0.10014628668657344,0.006,0.571764705882353,0.0,0.0,27.885,35.0
attention,ucb,0.05,0.05,0.0,1.0,0.0,0.0,500,0,500,0,0.0,1.0,0.0,0.0,0,,,0.0,0,,,0.0,0.63,0.0,0.0,0.0,0.0
attention,ucb,0.1,0.1,0.0,0.9084037485026951,0.0,0.168,500,0,425,75,0.0,0.85,0.15,0.15,0,,,0.0,3,0.04,0.10014628668657344,0.006,0.571764705882353,0.0,0.0,27.885,35.0
attention,ucb,0.2,0.2,0.27409192205654986,0.6905247455260707,0.156,0.51,500,88,167,245,0.176,0.334,0.49,0.666,8,0.09090909090909091,0.158054339908669,0.016,33,0.1346938775510204,0.17593957973729696,0.066,0.5688622754491018,55.359,63.0,90.4925,101.0
attention,point,0.0,0.1,0.050203752816974104,0.8342415702510901,0.012,0.292,500,3,357,140,0.006,0.714,0.28,0.286,0,0.0,0.6315968501359612,0.0,11,0.07857142857142857,0.12670252362132833,0.022,0.5210084033613446,1.88,3.0,51.8525,62.0
attention,point,0.05,0.05,0.050203752816974104,0.9055734085598983,0.012,0.174,500,3,418,79,0.006,0.836,0.158,0.164,0,0.0,0.6315968501359612,0.0,3,0.0379746835443038,0.09522930786397453,0.006,0.5717703349282297,1.88,3.0,29.312,37.0
attention,point,0.1,0.1,0.22341795815895044,0.8342415702510901,0.122,0.292,500,69,291,140,0.138,0.582,0.28,0.418,6,0.08695652173913043,0.16442481335946912,0.012,11,0.07857142857142857,0.12670252362132833,0.022,0.6185567010309279,43.327,50.0,51.7165,61.0
attention,point,0.2,0.2,0.39214655879347055,0.508354093896811,0.244,0.68,500,116,39,345,0.232,0.078,0.69,0.922,17,0.14655172413793102,0.21168075585907173,0.034,63,0.1826086956521739,0.2202683461544999,0.126,0.41025641025641024,72.8965,81.02499999999986,127.552,137.0
attention+token_confidence,ucb,0.0,0.1,0.0,0.87469682403093,0.0,0.244,500,0,385,115,0.0,0.77,0.23,0.23,0,,,0.0,9,0.0782608695652174,0.1325916167629693,0.018,0.5428571428571428,0.0,0.0,42.709,51.0
attention+token_confidence,ucb,0.05,0.05,0.0,1.0,0.0,0.0,500,0,500,0,0.0,1.0,0.0,0.0,0,,,0.0,0,,,0.0,0.63,0.0,0.0,0.0,0.0
attention+token_confidence,ucb,0.1,0.1,0.0,0.87469682403093,0.0,0.244,500,0,385,115,0.0,0.77,0.23,0.23,0,,,0.0,9,0.0782608695652174,0.1325916167629693,0.018,0.5428571428571428,0.0,0.0,42.709,51.0
attention+token_confidence,ucb,0.2,0.2,0.28395499268854624,0.6356303347027948,0.178,0.554,500,96,112,292,0.192,0.224,0.584,0.776,10,0.10416666666666667,0.17028275400641976,0.02,42,0.14383561643835616,0.18202945254917915,0.084,0.49107142857142855,60.3835,68.0,107.9615,118.0
attention+token_confidence,point,0.0,0.1,0.057652044735038106,0.8162317514715367,0.044,0.354,500,25,309,166,0.05,0.618,0.332,0.382,0,0.0,0.11292814500684321,0.0,17,0.10240963855421686,0.14964897039958466,0.034,0.5372168284789643,15.7705,20.0,61.474,71.0
attention+token_confidence,point,0.05,0.05,0.09930790884000641,0.87469682403093,0.074,0.244,500,42,343,115,0.084,0.686,0.23,0.314,1,0.023809523809523808,0.10803769616121206,0.002,9,0.0782608695652174,0.1325916167629693,0.018,0.6064139941690962,26.381,32.0,42.4865,51.0
attention+token_confidence,point,0.1,0.1,0.21583739497685714,0.8162317514715367,0.134,0.354,500,80,254,166,0.16,0.508,0.332,0.492,4,0.05,0.11077195194253935,0.008,17,0.10240963855421686,0.14964897039958466,0.034,0.6377952755905512,50.303,58.0,61.3565,71.0
attention+token_confidence,point,0.2,0.2,0.40212370050573504,0.45081172803446484,0.27,0.702,500,124,14,362,0.248,0.028,0.724,0.972,16,0.12903225806451613,0.18936191435355862,0.032,67,0.1850828729281768,0.2219250249281763,0.134,0.2857142857142857,77.994,87.0,133.796,143.0
all_internal,ucb,0.0,0.1,0.0,0.8310204855935015,0.0,0.318,500,0,349,151,0.0,0.698,0.302,0.302,0,,,0.0,14,0.09271523178807947,0.1411420763868537,0.028,0.5100286532951289,0.0,0.0,55.9135,66.0
all_internal,ucb,0.05,0.05,0.0,0.9151390631087133,0.0,0.188,500,0,422,78,0.0,0.844,0.156,0.156,0,,,0.0,3,0.038461538461538464,0.09641275320690612,0.006,0.5687203791469194,0.0,0.0,28.988,37.0
all_internal,ucb,0.1,0.1,0.11126553473430961,0.8310204855935015,0.098,0.318,500,43,306,151,0.086,0.612,0.302,0.388,1,0.023255813953488372,0.10563408261589402,0.002,14,0.09271523178807947,0.1411420763868537,0.028,0.5784313725490197,27.0145,33.0,55.8325,65.02499999999986
all_internal,ucb,0.2,0.2,0.28684568914813063,0.6410631612351461,0.182,0.58,500,90,134,276,0.18,0.268,0.552,0.732,9,0.1,0.16801340359884637,0.018,41,0.14855072463768115,0.18839015128904235,0.082,0.5298507462686567,56.6165,64.0,101.9865,112.0
all_internal,point,0.0,0.1,0.061269956741925403,0.7685911881168459,0.06,0.402,500,26,274,200,0.052,0.548,0.4,0.452,1,0.038461538461538464,0.16983122300038336,0.002,22,0.11,0.15333728224175103,0.044,0.49635036496350365,16.3825,21.0,74.0325,85.0
all_internal,point,0.05,0.05,0.11755707746974012,0.8694588638992236,0.102,0.26,500,43,337,120,0.086,0.674,0.24,0.326,1,0.023255813953488372,0.10563408261589402,0.002,11,0.09166666666666666,0.1471668876362489,0.022,0.6083086053412463,27.0145,33.0,44.359,53.0
all_internal,point,0.1,0.1,0.24255816695393584,0.7685911881168459,0.162,0.402,500,81,219,200,0.162,0.438,0.4,0.562,8,0.09876543209876543,0.17115415080348523,0.016,22,0.11,0.15333728224175103,0.044,0.589041095890411,50.9365,59.0,73.894,84.0
all_internal,point,0.2,0.2,0.43787156858489584,0.5030747660279581,0.27,0.692,500,131,25,344,0.262,0.05,0.688,0.95,26,0.1984732824427481,0.26454901687283217,0.052,70,0.20348837209302326,0.24249911015566863,0.14,0.6,82.4345,91.0,127.1755,137.0
context_action+all_internal,ucb,0.0,0.1,0.0,0.8252433017359682,0.0,0.388,500,0,325,175,0.0,0.65,0.35,0.35,0,,,0.0,13,0.07428571428571429,0.11551143736464561,0.026,0.4707692307692308,0.0,0.0,64.7815,75.0
context_action+all_internal,ucb,0.05,0.05,0.0,0.9476030403502785,0.0,0.226,500,0,423,77,0.0,0.846,0.154,0.154,0,,,0.0,0,0.0,0.038158510711545454,0.0,0.5626477541371159,0.0,0.0,28.609,36.0
context_action+all_internal,ucb,0.1,0.1,0.12771042870432042,0.8252433017359682,0.128,0.388,500,67,258,175,0.134,0.516,0.35,0.484,3,0.04477611940298507,0.1116775180911628,0.006,13,0.07428571428571429,0.11551143736464561,0.026,0.5813953488372093,42.0755,49.0,64.635,75.0
context_action+all_internal,ucb,0.2,0.2,0.28491717991346405,0.5979521975032691,0.208,0.612,500,105,94,301,0.21,0.188,0.602,0.812,13,0.12380952380952381,0.18962035475448194,0.026,43,0.14285714285714285,0.18032330284462855,0.086,0.46808510638297873,66.0085,74.0,111.2775,121.0
context_action+all_internal,point,0.0,0.1,0.07439024812590171,0.7501223914303807,0.098,0.474,500,47,235,218,0.094,0.47,0.436,0.53,2,0.0425531914893617,0.12796053954565068,0.004,22,0.10091743119266056,0.14096245225396725,0.044,0.4978723404255319,29.5445,35.024999999999864,80.6005,91.0
context_action+all_internal,point,0.05,0.05,0.14051239452874453,0.8444040731992539,0.134,0.37,500,74,261,165,0.148,0.522,0.33,0.478,4,0.05405405405405406,0.11943734240874974,0.008,9,0.05454545454545454,0.0932512511524816,0.018,0.5938697318007663,46.4645,54.0,60.921,71.0
context_action+all_internal,point,0.1,0.1,0.24652827000020744,0.7501223914303807,0.18,0.474,500,95,187,218,0.19,0.374,0.436,0.626,7,0.07368421052631578,0.13394446494628073,0.014,22,0.10091743119266056,0.14096245225396725,0.044,0.5989304812834224,59.748,68.0,80.488,91.0
context_action+all_internal,point,0.2,0.2,0.43995209660904905,0.49040476743727174,0.27,0.7,500,143,18,339,0.286,0.036,0.678,0.964,28,0.1958041958041958,0.25846070439559143,0.056,62,0.18289085545722714,0.22093168593862175,0.124,0.5555555555555556,90.0275,99.0,125.356,135.0
grounding,ucb,0.0,0.1,0.0,0.8608899470431641,0.0,0.296,500,0,346,154,0.0,0.692,0.308,0.308,0,,,0.0,9,0.05844155844155844,0.09976435314408162,0.018,0.4913294797687861,0.0,0.0,57.021,67.0
grounding,ucb,0.05,0.05,0.0,1.0,0.0,0.0,500,0,500,0,0.0,1.0,0.0,0.0,0,,,0.0,0,,,0.0,0.63,0.0,0.0,0.0,0.0
grounding,ucb,0.1,0.1,0.0,0.8608899470431641,0.0,0.296,500,0,346,154,0.0,0.692,0.308,0.308,0,,,0.0,9,0.05844155844155844,0.09976435314408162,0.018,0.4913294797687861,0.0,0.0,57.021,67.0
grounding,ucb,0.2,0.2,0.039072780548056706,0.5564183792654303,0.074,0.632,500,40,153,307,0.08,0.306,0.614,0.694,1,0.025,0.11318836094473755,0.002,44,0.14332247557003258,0.180418880352207,0.088,0.3333333333333333,25.118,31.0,113.4265,123.0
grounding,point,0.0,0.1,0.017446280227503105,0.7713743615056139,0.034,0.43,500,20,261,219,0.04,0.522,0.438,0.478,1,0.05,0.21610616420684728,0.002,17,0.0776255707762557,0.11416339162259206,0.034,0.42911877394636017,12.6035,17.0,81.06,92.0
grounding,point,0.05,0.05,0.020756740475581903,0.8640817817281579,0.042,0.294,500,21,329,150,0.042,0.658,0.3,0.342,1,0.047619047619047616,0.20672537900807,0.002,8,0.05333333333333334,0.09417148229219567,0.016,0.5227963525835866,13.229,17.0,55.487,65.0
grounding,point,0.1,0.1,0.049882001924232706,0.7713743615056139,0.084,0.43,500,43,238,219,0.086,0.476,0.438,0.524,3,0.06976744186046512,0.17056312688838482,0.006,17,0.0776255707762557,0.11416339162259206,0.034,0.46218487394957986,27.0145,33.0,80.987,91.0
grounding,point,0.2,0.2,0.38916554886682686,0.38916554886682686,0.29,0.71,500,156,0,344,0.312,0.0,0.688,1.0,33,0.21153846153846154,0.27246600441882374,0.066,62,0.18023255813953487,0.217794922255472,0.124,,98.238,107.02499999999986,127.238,136.02499999999986
context_action+grounding,ucb,0.0,0.1,0.0,0.7974707276709927,0.0,0.458,500,0,272,228,0.0,0.544,0.456,0.456,0,,,0.0,15,0.06578947368421052,0.09949802980087821,0.03,0.375,0.0,0.0,84.379,95.0
context_action+grounding,ucb,0.05,0.05,0.0,0.927032339690469,0.0,0.278,500,0,372,128,0.0,0.744,0.256,0.256,0,,,0.0,2,0.015625,0.048366992992766165,0.004,0.5080645161290323,0.0,0.0,47.466,57.0
context_action+grounding,ucb,0.1,0.1,0.007712654413215501,0.7974707276709927,0.062,0.458,500,31,241,228,0.062,0.482,0.456,0.518,0,0.0,0.09211405994732372,0.0,15,0.06578947368421052,0.09949802980087821,0.03,0.42323651452282157,19.4895,24.0,84.35,95.0
context_action+grounding,ucb,0.2,0.2,0.33377648400656057,0.33377648400656057,0.298,0.702,500,152,0,348,0.304,0.0,0.696,1.0,23,0.1513157894736842,0.20751043749115874,0.046,56,0.16091954022988506,0.19689269372816176,0.112,,95.7115,105.0,128.7115,138.0
context_action+grounding,point,0.0,0.1,0.007712654413215501,0.6552501196044812,0.062,0.564,500,31,201,268,0.062,0.402,0.536,0.598,0,0.0,0.09211405994732372,0.0,24,0.08955223880597014,0.12362896686478277,0.048,0.35323383084577115,19.4895,24.0,99.037,110.0
context_action+grounding,point,0.05,0.05,0.027243577418613104,0.8489511785129711,0.104,0.424,500,52,248,200,0.104,0.496,0.4,0.504,1,0.019230769230769232,0.08800893075719356,0.002,7,0.035,0.06473252213684848,0.014,0.4879032258064516,32.6485,39.0,73.919,84.0
context_action+grounding,point,0.1,0.1,0.14227187729298343,0.6552501196044812,0.204,0.564,500,115,117,268,0.23,0.234,0.536,0.766,9,0.0782608695652174,0.1325916167629693,0.018,24,0.08955223880597014,0.12362896686478277,0.048,0.5299145299145299,72.291,81.0,99.0045,110.0
context_action+grounding,point,0.2,0.2,0.46701330985773976,0.46701330985773976,0.346,0.654,500,179,0,321,0.358,0.0,0.642,1.0,37,0.20670391061452514,0.262788174131632,0.074,43,0.13395638629283488,0.16932057357050934,0.086,,112.744,122.0,118.744,128.0
context_action+all_internal+grounding,ucb,0.0,0.1,0.0,0.8204875623081502,0.0,0.466,500,0,286,214,0.0,0.572,0.428,0.428,0,,,0.0,10,0.04672897196261682,0.07797355672228483,0.02,0.3881118881118881,0.0,0.0,79.221,89.02499999999986
context_action+all_internal+grounding,ucb,0.05,0.05,0.0,0.9118943856561399,0.0,0.324,500,0,352,148,0.0,0.704,0.296,0.296,0,,,0.0,4,0.02702702702702703,0.06077739841990424,0.008,0.48579545454545453,0.0,0.0,54.8015,65.0
context_action+all_internal+grounding,ucb,0.1,0.1,0.05165657212156371,0.8204875623081502,0.128,0.466,500,74,212,214,0.148,0.424,0.428,0.576,2,0.02702702702702703,0.0826421442094125,0.004,10,0.04672897196261682,0.07797355672228483,0.02,0.5141509433962265,46.4645,54.0,78.919,89.0
context_action+all_internal+grounding,ucb,0.2,0.2,0.39173128301692867,0.42079745013493425,0.294,0.696,500,155,8,337,0.31,0.016,0.674,0.984,26,0.16774193548387098,0.22503736877905203,0.052,52,0.1543026706231454,0.1904106735296156,0.104,0.5,97.6045,107.0,124.647,134.0
context_action+all_internal+grounding,point,0.0,0.1,0.024394128283554504,0.6864126619923148,0.096,0.56,500,51,170,279,0.102,0.34,0.558,0.66,0,0.0,0.05704795236044276,0.0,26,0.0931899641577061,0.1269475370316158,0.052,0.36470588235294116,32.023,38.0,103.0145,113.0
context_action+all_internal+grounding,point,0.05,0.05,0.054543358045339004,0.8352042934220458,0.136,0.442,500,76,217,207,0.152,0.434,0.414,0.566,2,0.02631578947368421,0.08052895143025197,0.004,10,0.04830917874396135,0.08056527644979099,0.02,0.5345622119815668,47.7585,55.0,76.4475,87.0
context_action+all_internal+grounding,point,0.1,0.1,0.31297309369233384,0.6864126619923148,0.26,0.56,500,136,85,279,0.272,0.17,0.558,0.83,15,0.11029411764705882,0.16474457429481068,0.03,26,0.0931899641577061,0.1269475370316158,0.052,0.5529411764705883,85.5865,94.02499999999986,103.2745,114.0
context_action+all_internal+grounding,point,0.2,0.2,0.47879209124849864,0.47879209124849864,0.342,0.658,500,173,0,327,0.346,0.0,0.654,1.0,35,0.2023121387283237,0.259132296626432,0.07,47,0.1437308868501529,0.17958106797095935,0.094,,108.977,119.0,120.977,131.0
