model,shift,signal,tolerance,delta_skipped_pts,ci_lo,ci_hi
Qwen2.5-1.5B,feed,plant readings only,0.1,-5.591572123176661,-6.564019448946515,-4.659643435980551
Qwen2.5-1.5B,feed,token confidence,0.1,-80.95623987034035,-82.49594813614263,-79.37601296596435
Qwen2.5-1.5B,feed,attention by prompt region,0.1,-47.00162074554295,-48.9870340356564,-45.05672609400324
Qwen2.5-1.5B,feed,region-based attention grounding,0.1,-48.74392220421394,-50.68982982171799,-46.75749594813615
Qwen2.5-1.5B,feed,hidden states,0.1,-45.259319286871964,-47.20421393841167,-43.31442463533225
Qwen2.5-1.5B,feed,all internals,0.1,-43.80064829821718,-45.86811183144246,-41.65316045380875
Qwen2.5-1.5B,feed,all internals + grounding,0.1,-43.96272285251215,-46.111223662884925,-41.895259319286886
Qwen2.5-1.5B,feed,readings + change + all internals + grounding,0.1,-4.173419773095624,-5.632090761750405,-2.7147487844408427
Qwen2.5-1.5B,feed,readings + change + grounding,0.1,-1.985413290113452,-2.918354943273906,-1.012965964343598
Qwen2.5-1.5B,feed,readings + change + all internals,0.1,-1.6207455429497568,-2.9578606158833063,-0.28363047001620745
Qwen2.5-1.5B,feed,plant readings only,0.05,-5.591572123176661,-6.564019448946515,-4.659643435980551
Qwen2.5-1.5B,feed,token confidence,0.05,-80.95623987034035,-82.49594813614263,-79.37601296596435
Qwen2.5-1.5B,feed,attention by prompt region,0.05,-47.00162074554295,-48.9870340356564,-45.05672609400324
Qwen2.5-1.5B,feed,region-based attention grounding,0.05,-48.74392220421394,-50.68982982171799,-46.75749594813615
Qwen2.5-1.5B,feed,hidden states,0.05,-45.259319286871964,-47.20421393841167,-43.31442463533225
Qwen2.5-1.5B,feed,all internals,0.05,-47.3257698541329,-49.270664505672606,-45.42139384116693
Qwen2.5-1.5B,feed,all internals + grounding,0.05,-48.13614262560778,-50.122568881685574,-46.23176661264182
Qwen2.5-1.5B,feed,readings + change + all internals + grounding,0.05,-4.943273905996758,-6.321920583468395,-3.524108589951383
Qwen2.5-1.5B,feed,readings + change + grounding,0.05,-2.06645056726094,-2.99837925445705,-1.094003241491086
Qwen2.5-1.5B,feed,readings + change + all internals,0.05,-2.2690437601296596,-3.606158833063209,-0.9724473257698543
Qwen2.5-1.5B,cooling,plant readings only,0.1,-3.799514955537591,-4.8504446240905414,-2.828415521422803
Qwen2.5-1.5B,cooling,token confidence,0.1,-69.76556184316895,-71.46321746160065,-67.946645109135
Qwen2.5-1.5B,cooling,attention by prompt region,0.1,-43.00727566693613,-45.02829426030719,-41.0266774454325
Qwen2.5-1.5B,cooling,region-based attention grounding,0.1,-46.28132578819725,-48.30234438156831,-44.21988682295877
Qwen2.5-1.5B,cooling,hidden states,0.1,-38.03556992724333,-40.13843977364592,-35.93371059013743
Qwen2.5-1.5B,cooling,all internals,0.1,-39.854486661277285,-41.8360953920776,-37.833468067906225
Qwen2.5-1.5B,cooling,all internals + grounding,0.1,-38.156831042845596,-40.177849636216656,-36.05497170573969
Qwen2.5-1.5B,cooling,readings + change + all internals + grounding,0.1,-11.358124494745352,-13.096200485044463,-9.741309620048504
Qwen2.5-1.5B,cooling,readings + change + grounding,0.1,0.20210185933710592,-0.6467259498787389,1.051940177849631
Qwen2.5-1.5B,cooling,readings + change + all internals,0.1,-14.874696847210995,-16.572352465642684,-13.177041228779304
Qwen2.5-1.5B,cooling,plant readings only,0.05,13.783346806790622,12.003839935327404,15.44058205335489
Qwen2.5-1.5B,cooling,token confidence,0.05,-48.38318512530315,-50.40420371867421,-46.32174616006468
Qwen2.5-1.5B,cooling,attention by prompt region,0.05,-21.62489894907033,-23.403395311236864,-19.886822958771223
Qwen2.5-1.5B,cooling,region-based attention grounding,0.05,-24.898949070331447,-26.79870654810024,-22.999191592562653
Qwen2.5-1.5B,cooling,hidden states,0.05,-16.653193209377527,-18.432700080840743,-14.914106709781736
Qwen2.5-1.5B,cooling,all internals,0.05,-18.47210994341148,-20.25060630557801,-16.734033953112366
Qwen2.5-1.5B,cooling,all internals + grounding,0.05,-16.77445432497979,-18.593371059013744,-14.994947453516579
Qwen2.5-1.5B,cooling,readings + change + all internals + grounding,0.05,-3.354890864995958,-4.607922392886015,-2.1422797089733225
Qwen2.5-1.5B,cooling,readings + change + grounding,0.05,-0.6871463217461601,-1.3742926434923202,0.0
Qwen2.5-1.5B,cooling,readings + change + all internals,0.05,-3.9611964430072755,-5.215238480194018,-2.7081649151172194
Qwen2.5-1.5B,family-fouling,plant readings only,0.1,-20.049504950495052,-22.279290429042906,-17.82178217821782
Qwen2.5-1.5B,family-fouling,token confidence,0.1,-96.61716171617162,-97.6897689768977,-95.54455445544554
Qwen2.5-1.5B,family-fouling,attention by prompt region,0.1,-97.35973597359737,-98.26732673267327,-96.45214521452145
Qwen2.5-1.5B,family-fouling,region-based attention grounding,0.1,-97.44224422442245,-98.26732673267327,-96.53465346534654
Qwen2.5-1.5B,family-fouling,hidden states,0.1,-97.02970297029702,-97.93729372937293,-96.03960396039604
Qwen2.5-1.5B,family-fouling,all internals,0.1,-90.84158415841584,-92.49174917491749,-89.1914191419142
Qwen2.5-1.5B,family-fouling,all internals + grounding,0.1,-68.97689768976898,-71.69966996699671,-66.25412541254126
Qwen2.5-1.5B,family-fouling,readings + change + all internals + grounding,0.1,-2.31023102310231,-3.5478547854785476,-1.155115511551155
Qwen2.5-1.5B,family-fouling,readings + change + grounding,0.1,-1.5676567656765676,-2.31023102310231,-0.825082508250825
Qwen2.5-1.5B,family-fouling,readings + change + all internals,0.1,-1.7326732673267329,-2.8052805280528053,-0.7425742574257426
Qwen2.5-1.5B,family-fouling,plant readings only,0.05,-20.049504950495052,-22.279290429042906,-17.82178217821782
Qwen2.5-1.5B,family-fouling,token confidence,0.05,-96.61716171617162,-97.6897689768977,-95.54455445544554
Qwen2.5-1.5B,family-fouling,attention by prompt region,0.05,-97.35973597359737,-98.26732673267327,-96.45214521452145
Qwen2.5-1.5B,family-fouling,region-based attention grounding,0.05,-97.44224422442245,-98.26732673267327,-96.53465346534654
Qwen2.5-1.5B,family-fouling,hidden states,0.05,-97.02970297029702,-97.93729372937293,-96.03960396039604
Qwen2.5-1.5B,family-fouling,all internals,0.05,-94.55445544554455,-95.79207920792079,-93.23432343234323
Qwen2.5-1.5B,family-fouling,all internals + grounding,0.05,-97.1947194719472,-98.10231023102311,-96.20462046204621
Qwen2.5-1.5B,family-fouling,readings + change + all internals + grounding,0.05,-2.31023102310231,-3.5478547854785476,-1.155115511551155
Qwen2.5-1.5B,family-fouling,readings + change + grounding,0.05,-1.5676567656765676,-2.31023102310231,-0.825082508250825
Qwen2.5-1.5B,family-fouling,readings + change + all internals,0.05,-1.7326732673267329,-2.8052805280528053,-0.7425742574257426
Qwen2.5-1.5B,family-pump_degrade,plant readings only,0.1,-4.086538461538462,-5.8493589743589745,-2.323717948717949
Qwen2.5-1.5B,family-pump_degrade,token confidence,0.1,-52.96474358974359,-55.68910256410257,-50.24038461538461
Qwen2.5-1.5B,family-pump_degrade,attention by prompt region,0.1,-52.483974358974365,-55.208333333333336,-49.67948717948718
Qwen2.5-1.5B,family-pump_degrade,region-based attention grounding,0.1,-49.75961538461539,-52.56410256410257,-46.875
Qwen2.5-1.5B,family-pump_degrade,hidden states,0.1,-49.03846153846153,-52.005208333333336,-45.993589743589745
Qwen2.5-1.5B,family-pump_degrade,all internals,0.1,-47.91666666666667,-50.96153846153846,-44.95192307692308
Qwen2.5-1.5B,family-pump_degrade,all internals + grounding,0.1,-49.27884615384615,-52.16346153846154,-46.233974358974365
Qwen2.5-1.5B,family-pump_degrade,readings + change + all internals + grounding,0.1,-10.817307692307693,-13.381410256410255,-8.251201923076934
Qwen2.5-1.5B,family-pump_degrade,readings + change + grounding,0.1,0.2403846153846154,-1.6025641025641024,2.003205128205128
Qwen2.5-1.5B,family-pump_degrade,readings + change + all internals,0.1,-8.89423076923077,-11.458333333333332,-6.490384615384616
Qwen2.5-1.5B,family-pump_degrade,plant readings only,0.05,-14.50320512820513,-16.506410256410255,-12.497996794871806
Qwen2.5-1.5B,family-pump_degrade,token confidence,0.05,-47.43589743589743,-50.080128205128204,-44.631410256410255
Qwen2.5-1.5B,family-pump_degrade,attention by prompt region,0.05,-46.955128205128204,-49.67948717948718,-44.07051282051282
Qwen2.5-1.5B,family-pump_degrade,region-based attention grounding,0.05,-44.230769230769226,-46.955128205128204,-41.34615384615385
Qwen2.5-1.5B,family-pump_degrade,hidden states,0.05,-43.50961538461539,-46.394230769230774,-40.46474358974359
Qwen2.5-1.5B,family-pump_degrade,all internals,0.05,-42.38782051282051,-45.43269230769231,-39.42307692307692
Qwen2.5-1.5B,family-pump_degrade,all internals + grounding,0.05,-43.75,-46.63461538461539,-40.625
Qwen2.5-1.5B,family-pump_degrade,readings + change + all internals + grounding,0.05,-10.016025641025642,-12.580128205128204,-7.451923076923077
Qwen2.5-1.5B,family-pump_degrade,readings + change + grounding,0.05,1.5224358974358974,-0.3205128205128205,3.3653846153846154
Qwen2.5-1.5B,family-pump_degrade,readings + change + all internals,0.05,-9.535256410256409,-12.021233974358974,-7.051282051282051
Qwen2.5-1.5B,family-cool_stuck_closed,plant readings only,0.1,-0.08019246190858059,-0.40096230954290296,0.16038492381716118
Qwen2.5-1.5B,family-cool_stuck_closed,token confidence,0.1,-74.25821972734563,-76.66399358460305,-71.85044105854051
Qwen2.5-1.5B,family-cool_stuck_closed,attention by prompt region,0.1,-4.811547714514836,-6.014434643143544,-3.608660785886127
Qwen2.5-1.5B,family-cool_stuck_closed,region-based attention grounding,0.1,-84.84362469927827,-86.68805132317561,-82.75862068965517
Qwen2.5-1.5B,family-cool_stuck_closed,hidden states,0.1,-7.858861267040898,-9.30232558139535,-6.335204490777866
Qwen2.5-1.5B,family-cool_stuck_closed,all internals,0.1,-73.45629510825982,-75.86407377706496,-70.89013632718525
Qwen2.5-1.5B,family-cool_stuck_closed,all internals + grounding,0.1,-46.271050521251,-49.077786688051326,-43.464314354450686
Qwen2.5-1.5B,family-cool_stuck_closed,readings + change + all internals + grounding,0.1,-14.434643143544507,-16.359262229350442,-12.590216519647154
Qwen2.5-1.5B,family-cool_stuck_closed,readings + change + grounding,0.1,0.08019246190858059,0.0,0.24057738572574178
Qwen2.5-1.5B,family-cool_stuck_closed,readings + change + all internals,0.1,-14.033680834001604,-16.040497193263832,-12.18925421010425
Qwen2.5-1.5B,family-cool_stuck_closed,plant readings only,0.05,-0.08019246190858059,-0.40096230954290296,0.16038492381716118
Qwen2.5-1.5B,family-cool_stuck_closed,token confidence,0.05,-74.25821972734563,-76.66399358460305,-71.85044105854051
Qwen2.5-1.5B,family-cool_stuck_closed,attention by prompt region,0.05,-4.811547714514836,-6.014434643143544,-3.608660785886127
Qwen2.5-1.5B,family-cool_stuck_closed,region-based attention grounding,0.05,-84.84362469927827,-86.68805132317561,-82.75862068965517
Qwen2.5-1.5B,family-cool_stuck_closed,hidden states,0.05,-7.858861267040898,-9.30232558139535,-6.335204490777866
Qwen2.5-1.5B,family-cool_stuck_closed,all internals,0.05,-73.45629510825982,-75.86407377706496,-70.89013632718525
Qwen2.5-1.5B,family-cool_stuck_closed,all internals + grounding,0.05,-46.271050521251,-49.077786688051326,-43.464314354450686
Qwen2.5-1.5B,family-cool_stuck_closed,readings + change + all internals + grounding,0.05,-22.85485164394547,-25.180433039294307,-20.52927024859663
Qwen2.5-1.5B,family-cool_stuck_closed,readings + change + grounding,0.05,0.08019246190858059,0.0,0.24057738572574178
Qwen2.5-1.5B,family-cool_stuck_closed,readings + change + all internals,0.05,-27.586206896551722,-30.072173215717722,-25.100240577385723
Qwen2.5-1.5B,family-outlet_block,plant readings only,0.1,-4.891740176423416,-6.495589414595028,-3.4462710505212617
Qwen2.5-1.5B,family-outlet_block,token confidence,0.1,-48.195669607056935,-51.162790697674424,-45.388933440256615
Qwen2.5-1.5B,family-outlet_block,attention by prompt region,0.1,-49.077786688051326,-51.96471531676023,-46.271050521251
Qwen2.5-1.5B,family-outlet_block,region-based attention grounding,0.1,-48.43624699278268,-51.40336808340016,-45.70970328789094
Qwen2.5-1.5B,family-outlet_block,hidden states,0.1,-48.59663191659984,-51.483560545308734,-45.78989574979952
Qwen2.5-1.5B,family-outlet_block,all internals,0.1,-46.110665597433844,-49.23817161186849,-43.063352044907774
Qwen2.5-1.5B,family-outlet_block,all internals + grounding,0.1,-45.388933440256615,-48.51643945469126,-42.502004811547714
Qwen2.5-1.5B,family-outlet_block,readings + change + all internals + grounding,0.1,-8.019246190858059,-10.505212510024057,-5.613472333600641
Qwen2.5-1.5B,family-outlet_block,readings + change + grounding,0.1,0.08019246190858059,-1.6840417000801924,1.7642341619887731
Qwen2.5-1.5B,family-outlet_block,readings + change + all internals,0.1,-1.2830793905372895,-3.6888532477947074,0.9623095429029671
Qwen2.5-1.5B,family-outlet_block,plant readings only,0.05,19.406575781876505,16.920609462710505,22.133119486768244
Qwen2.5-1.5B,family-outlet_block,token confidence,0.05,-14.91579791499599,-17.080994386527667,-12.670408981555733
Qwen2.5-1.5B,family-outlet_block,attention by prompt region,0.05,-15.797914995990379,-18.043303929430635,-13.632718524458701
Qwen2.5-1.5B,family-outlet_block,region-based attention grounding,0.05,-15.156375300721733,-17.24137931034483,-12.910986367281478
Qwen2.5-1.5B,family-outlet_block,hidden states,0.05,-15.316760224538895,-17.321571772253407,-13.151563753007217
Qwen2.5-1.5B,family-outlet_block,all internals,0.05,-12.830793905372895,-15.156375300721733,-10.585404971932638
Qwen2.5-1.5B,family-outlet_block,all internals + grounding,0.05,-12.10906174819567,-14.436647955092221,-9.783480352846832
Qwen2.5-1.5B,family-outlet_block,readings + change + all internals + grounding,0.05,0.7217321571772253,-1.1226944667201284,2.4859663191659984
Qwen2.5-1.5B,family-outlet_block,readings + change + grounding,0.05,30.072173215717722,27.265437048917402,33.0392943063352
Qwen2.5-1.5B,family-outlet_block,readings + change + all internals,0.05,0.9623095429029671,-0.8019246190858059,2.72654370489174
Qwen2.5-1.5B,control,plant readings only,0.1,-4.963680387409201,-6.09362389023406,-3.87409200968523
Qwen2.5-1.5B,control,token confidence,0.1,-63.922518159806295,-65.81920903954803,-61.98547215496368
Qwen2.5-1.5B,control,attention by prompt region,0.1,-38.7409200968523,-40.87974172719935,-36.68280871670702
Qwen2.5-1.5B,control,region-based attention grounding,0.1,-40.87974172719935,-43.018563357546405,-38.78127522195319
Qwen2.5-1.5B,control,hidden states,0.1,-36.96529459241324,-39.14447134786118,-34.866828087167065
Qwen2.5-1.5B,control,all internals,0.1,-38.86198547215496,-41.041162227602904,-36.803874092009686
Qwen2.5-1.5B,control,all internals + grounding,0.1,-36.92493946731235,-39.0637610976594,-34.90718321226795
Qwen2.5-1.5B,control,readings + change + all internals + grounding,0.1,-6.941081517352704,-8.434221146085553,-5.407586763518967
Qwen2.5-1.5B,control,readings + change + grounding,0.1,0.7667473769168685,-0.36319612590799033,1.937046004842615
Qwen2.5-1.5B,control,readings + change + all internals,0.1,-11.016949152542372,-12.510088781275222,-9.442090395480232
Qwen2.5-1.5B,control,plant readings only,0.05,-8.071025020177562,-9.24132364810331,-6.900726392251816
Qwen2.5-1.5B,control,token confidence,0.05,-62.832929782082324,-64.81033091202583,-60.815173527037935
Qwen2.5-1.5B,control,attention by prompt region,0.05,-37.65133171912833,-39.79015334947538,-35.59322033898305
Qwen2.5-1.5B,control,region-based attention grounding,0.05,-39.79015334947538,-41.88861985472155,-37.77138821630348
Qwen2.5-1.5B,control,hidden states,0.05,-35.87570621468927,-38.095238095238095,-33.736884584342214
Qwen2.5-1.5B,control,all internals,0.05,-37.77239709443099,-39.99192897497982,-35.67393058918483
Qwen2.5-1.5B,control,all internals + grounding,0.05,-35.83535108958838,-37.97417271993543,-33.85794995964487
Qwen2.5-1.5B,control,readings + change + all internals + grounding,0.05,-21.71105730427764,-23.486682808716708,-19.854721549636803
Qwen2.5-1.5B,control,readings + change + grounding,0.05,-3.753026634382567,-4.842615012106537,-2.58272800645682
Qwen2.5-1.5B,control,readings + change + all internals,0.05,-22.598870056497177,-24.37550443906376,-20.782889426957222
Qwen2.5-3B,feed,plant readings only,0.1,-38.65750101091792,-40.63890012131015,-36.716538617064295
Qwen2.5-3B,feed,token confidence,0.1,-73.51395066720582,-75.25272947836635,-71.77517185604529
Qwen2.5-3B,feed,attention by prompt region,0.1,-64.01132228063081,-65.91184795794581,-62.23210675293166
Qwen2.5-3B,feed,region-based attention grounding,0.1,-61.74686615446826,-63.68782854832188,-59.84634047715326
Qwen2.5-3B,feed,hidden states,0.1,-58.63323898099474,-60.61463809138697,-56.65183987060251
Qwen2.5-3B,feed,all internals,0.1,-58.87585928022645,-60.81682167408007,-56.97533360291145
Qwen2.5-3B,feed,all internals + grounding,0.1,-49.211484027496965,-51.31419328750505,-47.10877476748888
Qwen2.5-3B,feed,readings + change + all internals + grounding,0.1,-7.966033158107562,-9.421754953497775,-6.469874646178731
Qwen2.5-3B,feed,readings + change + grounding,0.1,2.3048928427011726,1.6579053780832995,2.951880307319046
Qwen2.5-3B,feed,readings + change + all internals,0.1,-6.469874646178731,-7.925596441568944,-5.054589567327133
Qwen2.5-3B,feed,plant readings only,0.05,-38.41488071168621,-40.39627982207845,-36.513344116457745
Qwen2.5-3B,feed,token confidence,0.05,-73.27133036797412,-75.01010917913466,-71.57197735543873
Qwen2.5-3B,feed,attention by prompt region,0.05,-63.76870198139911,-65.6692276587141,-61.98948645369996
Qwen2.5-3B,feed,region-based attention grounding,0.05,-61.50424585523655,-63.44520824909018,-59.603720177921545
Qwen2.5-3B,feed,hidden states,0.05,-58.39061868176304,-60.29114435907804,-56.44864536999596
Qwen2.5-3B,feed,all internals,0.05,-58.63323898099474,-60.57420137484836,-56.73271330367974
Qwen2.5-3B,feed,all internals + grounding,0.05,-51.1928831378892,-53.295592397897295,-49.211484027496965
Qwen2.5-3B,feed,readings + change + all internals + grounding,0.05,-8.006469874646179,-9.462191670036393,-6.549737161342505
Qwen2.5-3B,feed,readings + change + grounding,0.05,2.2644561261625555,1.6174686615446827,2.911443590780429
Qwen2.5-3B,feed,readings + change + all internals,0.05,-6.914678528103519,-8.250101091791345,-5.4993934492519205
Qwen2.5-3B,cooling,plant readings only,0.1,-28.791565287915656,-30.57583130575831,-26.926196269261965
Qwen2.5-3B,cooling,token confidence,0.1,-44.76885644768856,-46.79643146796432,-42.86293592862936
Qwen2.5-3B,cooling,attention by prompt region,0.1,-37.38848337388483,-39.416058394160586,-35.44201135442011
Qwen2.5-3B,cooling,region-based attention grounding,0.1,-37.75344687753447,-39.862124898621246,-35.80697485806975
Qwen2.5-3B,cooling,hidden states,0.1,-23.519870235198702,-25.589010543390106,-21.695052716950528
Qwen2.5-3B,cooling,all internals,0.1,-30.900243309002434,-32.968369829683695,-29.033860502838614
Qwen2.5-3B,cooling,all internals + grounding,0.1,-27.899432278994325,-29.8874695863747,-26.033049472830502
Qwen2.5-3B,cooling,readings + change + all internals + grounding,0.1,-6.163828061638281,-7.542579075425791,-4.744525547445255
Qwen2.5-3B,cooling,readings + change + grounding,0.1,0.4460665044606651,-0.40551500405515,1.257096512570965
Qwen2.5-3B,cooling,readings + change + all internals,0.1,-5.51500405515004,-6.934306569343065,-4.095701540957015
Qwen2.5-3B,cooling,plant readings only,0.05,-28.791565287915656,-30.57583130575831,-26.926196269261965
Qwen2.5-3B,cooling,token confidence,0.05,-44.76885644768856,-46.79643146796432,-42.86293592862936
Qwen2.5-3B,cooling,attention by prompt region,0.05,-37.38848337388483,-39.416058394160586,-35.44201135442011
Qwen2.5-3B,cooling,region-based attention grounding,0.05,-37.75344687753447,-39.862124898621246,-35.80697485806975
Qwen2.5-3B,cooling,hidden states,0.05,-23.519870235198702,-25.589010543390106,-21.695052716950528
Qwen2.5-3B,cooling,all internals,0.05,-30.900243309002434,-32.968369829683695,-29.033860502838614
Qwen2.5-3B,cooling,all internals + grounding,0.05,-27.899432278994325,-29.8874695863747,-26.033049472830502
Qwen2.5-3B,cooling,readings + change + all internals + grounding,0.05,-6.163828061638281,-7.542579075425791,-4.744525547445255
Qwen2.5-3B,cooling,readings + change + grounding,0.05,0.4460665044606651,-0.40551500405515,1.257096512570965
Qwen2.5-3B,cooling,readings + change + all internals,0.05,-5.51500405515004,-6.934306569343065,-4.095701540957015
Qwen2.5-3B,family-fouling,plant readings only,0.1,-43.919999999999995,-46.64,-41.199999999999996
Qwen2.5-3B,family-fouling,token confidence,0.1,-99.03999999999999,-99.52,-98.4
Qwen2.5-3B,family-fouling,attention by prompt region,0.1,-98.64,-99.28,-97.92
Qwen2.5-3B,family-fouling,region-based attention grounding,0.1,-85.84,-87.83999999999999,-84.0
Qwen2.5-3B,family-fouling,hidden states,0.1,-97.04,-97.92,-96.08
Qwen2.5-3B,family-fouling,all internals,0.1,-98.0,-98.72,-97.2
Qwen2.5-3B,family-fouling,all internals + grounding,0.1,-96.39999999999999,-97.36,-95.36
Qwen2.5-3B,family-fouling,readings + change + all internals + grounding,0.1,0.88,0.4,1.44
Qwen2.5-3B,family-fouling,readings + change + grounding,0.1,0.08,0.0,0.24
Qwen2.5-3B,family-fouling,readings + change + all internals,0.1,0.88,0.4,1.44
Qwen2.5-3B,family-fouling,plant readings only,0.05,-43.84,-46.64,-41.120000000000005
Qwen2.5-3B,family-fouling,token confidence,0.05,-98.96000000000001,-99.44,-98.32
Qwen2.5-3B,family-fouling,attention by prompt region,0.05,-98.56,-99.2,-97.84
Qwen2.5-3B,family-fouling,region-based attention grounding,0.05,-85.76,-87.76,-83.91799999999999
Qwen2.5-3B,family-fouling,hidden states,0.05,-96.96000000000001,-97.92,-96.0
Qwen2.5-3B,family-fouling,all internals,0.05,-97.92,-98.72,-97.11999999999999
Qwen2.5-3B,family-fouling,all internals + grounding,0.05,-96.32,-97.28,-95.28
Qwen2.5-3B,family-fouling,readings + change + all internals + grounding,0.05,0.96,0.48,1.52
Qwen2.5-3B,family-fouling,readings + change + grounding,0.05,0.16,0.0,0.4
Qwen2.5-3B,family-fouling,readings + change + all internals,0.05,0.96,0.48,1.52
Qwen2.5-3B,family-pump_degrade,plant readings only,0.1,-28.629690048939644,-31.321370309951057,-26.019575856443723
Qwen2.5-3B,family-pump_degrade,token confidence,0.1,-33.3605220228385,-36.133768352365415,-30.75040783034258
Qwen2.5-3B,family-pump_degrade,attention by prompt region,0.1,-26.26427406199021,-28.87438825448613,-23.73572593800979
Qwen2.5-3B,family-pump_degrade,region-based attention grounding,0.1,-27.24306688417618,-29.771615008156605,-24.875611745513876
Qwen2.5-3B,family-pump_degrade,hidden states,0.1,-22.02283849918434,-24.469820554649267,-19.575856443719413
Qwen2.5-3B,family-pump_degrade,all internals,0.1,-20.22838499184339,-22.67536704730832,-17.94453507340946
Qwen2.5-3B,family-pump_degrade,all internals + grounding,0.1,-22.512234910277325,-24.95921696574225,-20.146818923327896
Qwen2.5-3B,family-pump_degrade,readings + change + all internals + grounding,0.1,1.7128874388254487,0.1631321370309951,3.181076672104405
Qwen2.5-3B,family-pump_degrade,readings + change + grounding,0.1,-1.1419249592169658,-1.794453507340946,-0.5709624796084829
Qwen2.5-3B,family-pump_degrade,readings + change + all internals,0.1,1.794453507340946,0.24469820554649263,3.262642740619902
Qwen2.5-3B,family-pump_degrade,plant readings only,0.05,-28.629690048939644,-31.321370309951057,-26.019575856443723
Qwen2.5-3B,family-pump_degrade,token confidence,0.05,-33.3605220228385,-36.133768352365415,-30.75040783034258
Qwen2.5-3B,family-pump_degrade,attention by prompt region,0.05,-26.26427406199021,-28.87438825448613,-23.73572593800979
Qwen2.5-3B,family-pump_degrade,region-based attention grounding,0.05,-27.24306688417618,-29.771615008156605,-24.875611745513876
Qwen2.5-3B,family-pump_degrade,hidden states,0.05,-22.02283849918434,-24.469820554649267,-19.575856443719413
Qwen2.5-3B,family-pump_degrade,all internals,0.05,-20.22838499184339,-22.67536704730832,-17.94453507340946
Qwen2.5-3B,family-pump_degrade,all internals + grounding,0.05,-22.512234910277325,-24.95921696574225,-20.146818923327896
Qwen2.5-3B,family-pump_degrade,readings + change + all internals + grounding,0.05,1.7128874388254487,0.1631321370309951,3.181076672104405
Qwen2.5-3B,family-pump_degrade,readings + change + grounding,0.05,-1.1419249592169658,-1.794453507340946,-0.5709624796084829
Qwen2.5-3B,family-pump_degrade,readings + change + all internals,0.05,1.794453507340946,0.24469820554649263,3.262642740619902
Qwen2.5-3B,family-cool_stuck_closed,plant readings only,0.1,0.0,0.0,0.0
Qwen2.5-3B,family-cool_stuck_closed,token confidence,0.1,-99.19807538091419,-99.67923015236568,-98.7169206094627
Qwen2.5-3B,family-cool_stuck_closed,attention by prompt region,0.1,-97.43384121892542,-98.23576583801122,-96.55172413793103
Qwen2.5-3B,family-cool_stuck_closed,region-based attention grounding,0.1,-99.43865276663993,-99.75942261427426,-99.03769045709703
Qwen2.5-3B,family-cool_stuck_closed,hidden states,0.1,-89.33440256615877,-91.01844426623897,-87.64835605453088
Qwen2.5-3B,family-cool_stuck_closed,all internals,0.1,-72.49398556535685,-74.89975942261428,-70.00801924619086
Qwen2.5-3B,family-cool_stuck_closed,all internals + grounding,0.1,-84.60304731355252,-86.60785886126703,-82.6784282277466
Qwen2.5-3B,family-cool_stuck_closed,readings + change + all internals + grounding,0.1,0.0,0.0,0.0
Qwen2.5-3B,family-cool_stuck_closed,readings + change + grounding,0.1,0.0,0.0,0.0
Qwen2.5-3B,family-cool_stuck_closed,readings + change + all internals,0.1,0.0,0.0,0.0
Qwen2.5-3B,family-cool_stuck_closed,plant readings only,0.05,0.0,0.0,0.0
Qwen2.5-3B,family-cool_stuck_closed,token confidence,0.05,-99.19807538091419,-99.67923015236568,-98.7169206094627
Qwen2.5-3B,family-cool_stuck_closed,attention by prompt region,0.05,-97.43384121892542,-98.23576583801122,-96.55172413793103
Qwen2.5-3B,family-cool_stuck_closed,region-based attention grounding,0.05,-99.43865276663993,-99.75942261427426,-99.03769045709703
Qwen2.5-3B,family-cool_stuck_closed,hidden states,0.05,-89.33440256615877,-91.01844426623897,-87.64835605453088
Qwen2.5-3B,family-cool_stuck_closed,all internals,0.05,-72.49398556535685,-74.89975942261428,-70.00801924619086
Qwen2.5-3B,family-cool_stuck_closed,all internals + grounding,0.05,-84.60304731355252,-86.60785886126703,-82.6784282277466
Qwen2.5-3B,family-cool_stuck_closed,readings + change + all internals + grounding,0.05,0.0,0.0,0.0
Qwen2.5-3B,family-cool_stuck_closed,readings + change + grounding,0.05,0.0,0.0,0.0
Qwen2.5-3B,family-cool_stuck_closed,readings + change + all internals,0.05,0.0,0.0,0.0
Qwen2.5-3B,family-outlet_block,plant readings only,0.1,-26.350245499181668,-28.887070376432078,-23.81342062193126
Qwen2.5-3B,family-outlet_block,token confidence,0.1,-30.605564648117838,-33.14238952536825,-28.068739770867428
Qwen2.5-3B,family-outlet_block,attention by prompt region,0.1,-30.687397708674304,-33.224222585924714,-28.150572831423897
Qwen2.5-3B,family-outlet_block,region-based attention grounding,0.1,-30.27823240589198,-32.8171031096563,-27.823240589198033
Qwen2.5-3B,family-outlet_block,hidden states,0.1,-20.376432078559738,-22.667757774140753,-17.919394435351894
Qwen2.5-3B,family-outlet_block,all internals,0.1,-21.522094926350245,-23.97708674304419,-19.0671031096563
Qwen2.5-3B,family-outlet_block,all internals + grounding,0.1,-23.567921440261866,-25.941080196399348,-21.112929623567922
Qwen2.5-3B,family-outlet_block,readings + change + all internals + grounding,0.1,0.16366612111292964,-1.4729950900163666,1.800327332242226
Qwen2.5-3B,family-outlet_block,readings + change + grounding,0.1,-0.8183306055646482,-1.5548281505728314,-0.16366612111292964
Qwen2.5-3B,family-outlet_block,readings + change + all internals,0.1,-0.32733224222585927,-1.8821603927986905,1.227495908346972
Qwen2.5-3B,family-outlet_block,plant readings only,0.05,-26.350245499181668,-28.887070376432078,-23.81342062193126
Qwen2.5-3B,family-outlet_block,token confidence,0.05,-30.605564648117838,-33.14238952536825,-28.068739770867428
Qwen2.5-3B,family-outlet_block,attention by prompt region,0.05,-30.687397708674304,-33.224222585924714,-28.150572831423897
Qwen2.5-3B,family-outlet_block,region-based attention grounding,0.05,-30.27823240589198,-32.8171031096563,-27.823240589198033
Qwen2.5-3B,family-outlet_block,hidden states,0.05,-20.376432078559738,-22.667757774140753,-17.919394435351894
Qwen2.5-3B,family-outlet_block,all internals,0.05,-21.522094926350245,-23.97708674304419,-19.0671031096563
Qwen2.5-3B,family-outlet_block,all internals + grounding,0.05,-23.567921440261866,-25.941080196399348,-21.112929623567922
Qwen2.5-3B,family-outlet_block,readings + change + all internals + grounding,0.05,0.16366612111292964,-1.4729950900163666,1.800327332242226
Qwen2.5-3B,family-outlet_block,readings + change + grounding,0.05,-0.8183306055646482,-1.5548281505728314,-0.16366612111292964
Qwen2.5-3B,family-outlet_block,readings + change + all internals,0.05,-0.32733224222585927,-1.8821603927986905,1.227495908346972
Qwen2.5-3B,control,plant readings only,0.1,-28.305701577031943,-30.04448038819248,-26.485038414880716
Qwen2.5-3B,control,token confidence,0.1,-40.84108370400323,-42.741609381318234,-39.020420541852005
Qwen2.5-3B,control,attention by prompt region,0.1,-40.84108370400323,-42.741609381318234,-39.020420541852005
Qwen2.5-3B,control,region-based attention grounding,0.1,-36.190861302062274,-38.092397897290745,-34.330772341285886
Qwen2.5-3B,control,hidden states,0.1,-15.729882733522038,-17.75272947836636,-13.74747270521634
Qwen2.5-3B,control,all internals,0.1,-19.69268095430651,-21.795390214314597,-17.670845127375657
Qwen2.5-3B,control,all internals + grounding,0.1,-17.711281843914275,-19.77456530529721,-15.729882733522038
Qwen2.5-3B,control,readings + change + all internals + grounding,0.1,3.6393044884755357,1.9409623938536191,5.298220784472296
Qwen2.5-3B,control,readings + change + grounding,0.1,-2.7092600080873432,-3.679741205014153,-1.6983420946219168
Qwen2.5-3B,control,readings + change + all internals,0.1,6.5103113627173474,4.933279417711281,8.087343307723414
Qwen2.5-3B,control,plant readings only,0.05,-28.305701577031943,-30.04448038819248,-26.485038414880716
Qwen2.5-3B,control,token confidence,0.05,-40.84108370400323,-42.741609381318234,-39.020420541852005
Qwen2.5-3B,control,attention by prompt region,0.05,-40.84108370400323,-42.741609381318234,-39.020420541852005
Qwen2.5-3B,control,region-based attention grounding,0.05,-36.190861302062274,-38.092397897290745,-34.330772341285886
Qwen2.5-3B,control,hidden states,0.05,-15.729882733522038,-17.75272947836636,-13.74747270521634
Qwen2.5-3B,control,all internals,0.05,-19.69268095430651,-21.795390214314597,-17.670845127375657
Qwen2.5-3B,control,all internals + grounding,0.05,-17.711281843914275,-19.77456530529721,-15.729882733522038
Qwen2.5-3B,control,readings + change + all internals + grounding,0.05,-2.2240194096239385,-3.760614638091387,-0.8896077638495753
Qwen2.5-3B,control,readings + change + grounding,0.05,-2.7092600080873432,-3.679741205014153,-1.6983420946219168
Qwen2.5-3B,control,readings + change + all internals,0.05,0.9300444803881924,-0.4852405984634048,2.1835826930853215
Qwen2.5-7B (4-bit),feed,plant readings only,0.1,1.7642341619887731,1.082598235765838,2.4859663191659984
Qwen2.5-7B (4-bit),feed,token confidence,0.1,-91.7401764234162,-92.78368083400161,-90.65657578187651
Qwen2.5-7B (4-bit),feed,attention by prompt region,0.1,-37.730553327987174,-39.61507618283881,-35.80593424218124
Qwen2.5-7B (4-bit),feed,region-based attention grounding,0.1,-61.06655974338412,-62.951082598235764,-59.18203688853247
Qwen2.5-7B (4-bit),feed,hidden states,0.1,-38.53247794707298,-40.497193263833196,-36.64795509222133
Qwen2.5-7B (4-bit),feed,all internals,0.1,-40.457097032878906,-42.42181234963913,-38.53247794707298
Qwen2.5-7B (4-bit),feed,all internals + grounding,0.1,-43.82518043303929,-45.78989574979952,-41.89955894145951
Qwen2.5-7B (4-bit),feed,readings + change + all internals + grounding,0.1,-2.3656776263031274,-3.0473135525260626,-1.7241379310344827
Qwen2.5-7B (4-bit),feed,readings + change + grounding,0.1,0.12028869286287089,-0.16038492381716118,0.40096230954290296
Qwen2.5-7B (4-bit),feed,readings + change + all internals,0.1,-1.6439454691259021,-2.245388933440257,-1.082598235765838
Qwen2.5-7B (4-bit),feed,plant readings only,0.05,1.8444266238973537,1.1627906976744187,2.566158781074579
Qwen2.5-7B (4-bit),feed,token confidence,0.05,-91.65998396150762,-92.70248596631917,-90.53728949478749
Qwen2.5-7B (4-bit),feed,attention by prompt region,0.05,-37.650360866078586,-39.53488372093023,-35.72574178027265
Qwen2.5-7B (4-bit),feed,region-based attention grounding,0.05,-60.98636728147554,-62.871892542101044,-59.1018444266239
Qwen2.5-7B (4-bit),feed,hidden states,0.05,-38.452285485164396,-40.37690457097033,-36.56776263031275
Qwen2.5-7B (4-bit),feed,all internals,0.05,-40.37690457097033,-42.34161988773055,-38.45128307939054
Qwen2.5-7B (4-bit),feed,all internals + grounding,0.05,-43.74498797113071,-45.70970328789094,-41.780272654370485
Qwen2.5-7B (4-bit),feed,readings + change + all internals + grounding,0.05,-2.405773857257418,-3.0874097834803527,-1.7642341619887731
Qwen2.5-7B (4-bit),feed,readings + change + grounding,0.05,0.16038492381716118,-0.12028869286287089,0.48115477145148355
Qwen2.5-7B (4-bit),feed,readings + change + all internals,0.05,-1.6439454691259021,-2.245388933440257,-1.082598235765838
Qwen2.5-7B (4-bit),cooling,plant readings only,0.1,-20.545746388443018,-22.351524879614768,-18.780096308186195
Qwen2.5-7B (4-bit),cooling,token confidence,0.1,-62.68057784911717,-64.68699839486356,-60.71428571428571
Qwen2.5-7B (4-bit),cooling,attention by prompt region,0.1,-39.96789727126806,-42.05557784911717,-37.92134831460674
Qwen2.5-7B (4-bit),cooling,region-based attention grounding,0.1,-44.422150882825036,-46.42857142857143,-42.375601926163725
Qwen2.5-7B (4-bit),cooling,hidden states,0.1,-39.76725521669342,-41.853932584269664,-37.76083467094703
Qwen2.5-7B (4-bit),cooling,all internals,0.1,-38.04173354735153,-40.12841091492777,-35.99518459069021
Qwen2.5-7B (4-bit),cooling,all internals + grounding,0.1,-38.24237560192616,-40.40930979133226,-36.235955056179776
Qwen2.5-7B (4-bit),cooling,readings + change + all internals + grounding,0.1,-11.276083467094702,-12.921348314606742,-9.630818619582666
Qwen2.5-7B (4-bit),cooling,readings + change + grounding,0.1,0.20064205457463882,-0.6019261637239166,1.043338683788122
Qwen2.5-7B (4-bit),cooling,readings + change + all internals,0.1,-8.868378812199037,-10.473515248796147,-7.342495987158914
Qwen2.5-7B (4-bit),cooling,plant readings only,0.05,-19.462279293739968,-21.308186195826647,-17.696629213483146
Qwen2.5-7B (4-bit),cooling,token confidence,0.05,-61.59711075441413,-63.60353130016051,-59.71107544141252
Qwen2.5-7B (4-bit),cooling,attention by prompt region,0.05,-38.88443017656501,-40.89185393258426,-36.91813804173354
Qwen2.5-7B (4-bit),cooling,region-based attention grounding,0.05,-43.33868378812199,-45.30497592295345,-41.3322632423756
Qwen2.5-7B (4-bit),cooling,hidden states,0.05,-38.68378812199037,-40.65008025682183,-36.71649277688604
Qwen2.5-7B (4-bit),cooling,all internals,0.05,-36.95826645264847,-38.96468699839487,-34.99197431781702
Qwen2.5-7B (4-bit),cooling,all internals + grounding,0.05,-37.15890850722312,-39.325842696629216,-35.15248796147672
Qwen2.5-7B (4-bit),cooling,readings + change + all internals + grounding,0.05,-16.252006420545747,-17.978531300160515,-14.564606741573046
Qwen2.5-7B (4-bit),cooling,readings + change + grounding,0.05,-3.451043338683788,-4.574638844301766,-2.327447833065811
Qwen2.5-7B (4-bit),cooling,readings + change + all internals,0.05,-14.686998394863563,-16.493780096308186,-12.96147672552167
Qwen2.5-7B (4-bit),family-fouling,plant readings only,0.1,0.0,0.0,0.0
Qwen2.5-7B (4-bit),family-fouling,token confidence,0.1,-78.54283426741392,-80.78462770216173,-76.22097678142514
Qwen2.5-7B (4-bit),family-fouling,attention by prompt region,0.1,-100.0,-100.0,-100.0
Qwen2.5-7B (4-bit),family-fouling,region-based attention grounding,0.1,-78.30264211369095,-80.38430744595676,-75.98078462770216
Qwen2.5-7B (4-bit),family-fouling,hidden states,0.1,-100.0,-100.0,-100.0
Qwen2.5-7B (4-bit),family-fouling,all internals,0.1,-94.79583666933547,-95.99679743795036,-93.51481184947959
Qwen2.5-7B (4-bit),family-fouling,all internals + grounding,0.1,-73.09847878302642,-75.42033626901521,-70.53642914331465
Qwen2.5-7B (4-bit),family-fouling,readings + change + all internals + grounding,0.1,0.0,0.0,0.0
Qwen2.5-7B (4-bit),family-fouling,readings + change + grounding,0.1,0.0,0.0,0.0
Qwen2.5-7B (4-bit),family-fouling,readings + change + all internals,0.1,0.0,0.0,0.0
Qwen2.5-7B (4-bit),family-fouling,plant readings only,0.05,0.0,0.0,0.0
Qwen2.5-7B (4-bit),family-fouling,token confidence,0.05,-78.54283426741392,-80.78462770216173,-76.22097678142514
Qwen2.5-7B (4-bit),family-fouling,attention by prompt region,0.05,-100.0,-100.0,-100.0
Qwen2.5-7B (4-bit),family-fouling,region-based attention grounding,0.05,-78.30264211369095,-80.38430744595676,-75.98078462770216
Qwen2.5-7B (4-bit),family-fouling,hidden states,0.05,-100.0,-100.0,-100.0
Qwen2.5-7B (4-bit),family-fouling,all internals,0.05,-94.79583666933547,-95.99679743795036,-93.51481184947959
Qwen2.5-7B (4-bit),family-fouling,all internals + grounding,0.05,-73.09847878302642,-75.42033626901521,-70.53642914331465
Qwen2.5-7B (4-bit),family-fouling,readings + change + all internals + grounding,0.05,0.0,0.0,0.0
Qwen2.5-7B (4-bit),family-fouling,readings + change + grounding,0.05,0.0,0.0,0.0
Qwen2.5-7B (4-bit),family-fouling,readings + change + all internals,0.05,0.0,0.0,0.0
Qwen2.5-7B (4-bit),family-pump_degrade,plant readings only,0.1,-24.09347300564061,-26.833199033037875,-21.273166800966962
Qwen2.5-7B (4-bit),family-pump_degrade,token confidence,0.1,-80.82191780821918,-83.07816277195809,-78.56567284448026
Qwen2.5-7B (4-bit),family-pump_degrade,attention by prompt region,0.1,-75.66478646253022,-78.08219178082192,-73.24738114423852
Qwen2.5-7B (4-bit),family-pump_degrade,region-based attention grounding,0.1,-71.47461724415794,-74.05519742143433,-68.73489121676067
Qwen2.5-7B (4-bit),family-pump_degrade,hidden states,0.1,-76.14826752618856,-78.48509266720387,-73.65028203062046
Qwen2.5-7B (4-bit),family-pump_degrade,all internals,0.1,-67.04270749395648,-69.78243352135375,-64.30096696212733
Qwen2.5-7B (4-bit),family-pump_degrade,all internals + grounding,0.1,-68.89605157131345,-71.55721192586624,-66.1543110394843
Qwen2.5-7B (4-bit),family-pump_degrade,readings + change + all internals + grounding,0.1,-14.585012087026591,-17.002417405318294,-12.248186946011282
Qwen2.5-7B (4-bit),family-pump_degrade,readings + change + grounding,0.1,-3.30378726833199,-4.67566478646253,-2.0145044319097503
Qwen2.5-7B (4-bit),family-pump_degrade,readings + change + all internals,0.1,-17.40531829170024,-19.90330378726833,-14.907332796132152
Qwen2.5-7B (4-bit),family-pump_degrade,plant readings only,0.05,-39.00080580177276,-41.82111200644641,-36.01933924254633
Qwen2.5-7B (4-bit),family-pump_degrade,token confidence,0.05,-77.84045124899275,-80.25987107171636,-75.42103142626915
Qwen2.5-7B (4-bit),family-pump_degrade,attention by prompt region,0.05,-72.68331990330378,-75.022159548751,-70.10273972602741
Qwen2.5-7B (4-bit),family-pump_degrade,region-based attention grounding,0.05,-68.4931506849315,-71.15229653505237,-65.75342465753424
Qwen2.5-7B (4-bit),family-pump_degrade,hidden states,0.05,-73.16680096696213,-75.58420628525383,-70.50765511684126
Qwen2.5-7B (4-bit),family-pump_degrade,all internals,0.05,-64.06124093473005,-66.80096696212732,-61.160354552780014
Qwen2.5-7B (4-bit),family-pump_degrade,all internals + grounding,0.05,-65.91458501208703,-68.5737308622079,-63.094278807413374
Qwen2.5-7B (4-bit),family-pump_degrade,readings + change + all internals + grounding,0.05,-30.136986301369863,-33.11845286059629,-27.31668009669621
Qwen2.5-7B (4-bit),family-pump_degrade,readings + change + grounding,0.05,-3.3843674456083805,-4.8348106365834,-1.9339242546333604
Qwen2.5-7B (4-bit),family-pump_degrade,readings + change + all internals,0.05,-19.258662369057213,-21.756647864625304,-16.76067687348912
Qwen2.5-7B (4-bit),family-cool_stuck_closed,plant readings only,0.1,0.0,0.0,0.0
Qwen2.5-7B (4-bit),family-cool_stuck_closed,token confidence,0.1,-72.48,-74.96000000000001,-70.08
Qwen2.5-7B (4-bit),family-cool_stuck_closed,attention by prompt region,0.1,-4.16,-5.28,-3.04
Qwen2.5-7B (4-bit),family-cool_stuck_closed,region-based attention grounding,0.1,-14.799999999999999,-16.8,-12.879999999999999
Qwen2.5-7B (4-bit),family-cool_stuck_closed,hidden states,0.1,-34.64,-37.2,-32.0
Qwen2.5-7B (4-bit),family-cool_stuck_closed,all internals,0.1,-3.36,-4.4799999999999995,-2.4
Qwen2.5-7B (4-bit),family-cool_stuck_closed,all internals + grounding,0.1,-2.7199999999999998,-3.6799999999999997,-1.8399999999999999
Qwen2.5-7B (4-bit),family-cool_stuck_closed,readings + change + all internals + grounding,0.1,0.0,0.0,0.0
Qwen2.5-7B (4-bit),family-cool_stuck_closed,readings + change + grounding,0.1,0.0,0.0,0.0
Qwen2.5-7B (4-bit),family-cool_stuck_closed,readings + change + all internals,0.1,0.0,0.0,0.0
Qwen2.5-7B (4-bit),family-cool_stuck_closed,plant readings only,0.05,0.0,0.0,0.0
Qwen2.5-7B (4-bit),family-cool_stuck_closed,token confidence,0.05,-72.48,-74.96000000000001,-70.08
Qwen2.5-7B (4-bit),family-cool_stuck_closed,attention by prompt region,0.05,-4.16,-5.28,-3.04
Qwen2.5-7B (4-bit),family-cool_stuck_closed,region-based attention grounding,0.05,-14.799999999999999,-16.8,-12.879999999999999
Qwen2.5-7B (4-bit),family-cool_stuck_closed,hidden states,0.05,-34.64,-37.2,-32.0
Qwen2.5-7B (4-bit),family-cool_stuck_closed,all internals,0.05,-3.36,-4.4799999999999995,-2.4
Qwen2.5-7B (4-bit),family-cool_stuck_closed,all internals + grounding,0.05,-2.7199999999999998,-3.6799999999999997,-1.8399999999999999
Qwen2.5-7B (4-bit),family-cool_stuck_closed,readings + change + all internals + grounding,0.05,0.0,0.0,0.0
Qwen2.5-7B (4-bit),family-cool_stuck_closed,readings + change + grounding,0.05,0.0,0.0,0.0
Qwen2.5-7B (4-bit),family-cool_stuck_closed,readings + change + all internals,0.05,0.0,0.0,0.0
Qwen2.5-7B (4-bit),family-outlet_block,plant readings only,0.1,-34.69879518072289,-37.75100401606426,-31.4859437751004
Qwen2.5-7B (4-bit),family-outlet_block,token confidence,0.1,-72.53012048192771,-75.18072289156626,-69.87951807228916
Qwen2.5-7B (4-bit),family-outlet_block,attention by prompt region,0.1,-76.3855421686747,-78.79518072289157,-73.97590361445782
Qwen2.5-7B (4-bit),family-outlet_block,region-based attention grounding,0.1,-76.144578313253,-78.55421686746989,-73.73493975903614
Qwen2.5-7B (4-bit),family-outlet_block,hidden states,0.1,-74.69879518072288,-77.18875502008032,-72.28915662650603
Qwen2.5-7B (4-bit),family-outlet_block,all internals,0.1,-70.60240963855422,-73.25301204819277,-67.8714859437751
Qwen2.5-7B (4-bit),family-outlet_block,all internals + grounding,0.1,-68.99598393574297,-71.72690763052209,-66.34538152610442
Qwen2.5-7B (4-bit),family-outlet_block,readings + change + all internals + grounding,0.1,-29.477911646586346,-32.53012048192771,-26.425702811244978
Qwen2.5-7B (4-bit),family-outlet_block,readings + change + grounding,0.1,-1.1244979919678715,-2.7309236947791167,0.48192771084337355
Qwen2.5-7B (4-bit),family-outlet_block,readings + change + all internals,0.1,-25.863453815261046,-28.837349397590362,-22.89156626506024
Qwen2.5-7B (4-bit),family-outlet_block,plant readings only,0.05,-12.369477911646587,-14.93975903614458,-9.879518072289157
Qwen2.5-7B (4-bit),family-outlet_block,token confidence,0.05,-50.20080321285141,-53.25301204819277,-47.14859437751004
Qwen2.5-7B (4-bit),family-outlet_block,attention by prompt region,0.05,-54.05622489959839,-56.94779116465863,-51.08433734939759
Qwen2.5-7B (4-bit),family-outlet_block,region-based attention grounding,0.05,-53.81526104417671,-56.708835341365464,-50.84337349397591
Qwen2.5-7B (4-bit),family-outlet_block,hidden states,0.05,-52.36947791164659,-55.34136546184739,-49.47791164658635
Qwen2.5-7B (4-bit),family-outlet_block,all internals,0.05,-48.27309236947791,-51.325301204819276,-45.30120481927711
Qwen2.5-7B (4-bit),family-outlet_block,all internals + grounding,0.05,-46.666666666666664,-49.71887550200803,-43.53413654618474
Qwen2.5-7B (4-bit),family-outlet_block,readings + change + all internals + grounding,0.05,-7.148594377510039,-9.397590361445783,-5.0602409638554215
Qwen2.5-7B (4-bit),family-outlet_block,readings + change + grounding,0.05,-0.8032128514056224,-2.248995983935743,0.642570281124498
Qwen2.5-7B (4-bit),family-outlet_block,readings + change + all internals,0.05,-3.5341365461847385,-5.622489959839357,-1.4457831325301205
Qwen2.5-7B (4-bit),control,plant readings only,0.1,-7.137129109863673,-8.660785886126703,-5.613472333600641
Qwen2.5-7B (4-bit),control,token confidence,0.1,-69.24619085805934,-71.01042502004812,-67.3616680032077
Qwen2.5-7B (4-bit),control,attention by prompt region,0.1,-38.492381716118686,-40.577385725741784,-36.446471531676025
Qwen2.5-7B (4-bit),control,region-based attention grounding,0.1,-44.34643143544507,-46.55172413793103,-42.26142742582197
Qwen2.5-7B (4-bit),control,hidden states,0.1,-43.14354450681636,-45.22955092221331,-41.01844426623897
Qwen2.5-7B (4-bit),control,all internals,0.1,-41.86046511627907,-43.946471531676025,-39.775461106655975
Qwen2.5-7B (4-bit),control,all internals + grounding,0.1,-40.617481956696075,-42.702485966319166,-38.53247794707298
Qwen2.5-7B (4-bit),control,readings + change + all internals + grounding,0.1,-19.12590216519647,-20.729751403368084,-17.441860465116278
Qwen2.5-7B (4-bit),control,readings + change + grounding,0.1,0.4410585404971933,-0.48115477145148355,1.4434643143544506
Qwen2.5-7B (4-bit),control,readings + change + all internals,0.1,-18.404170008019246,-20.009021651964716,-16.7191259021652
Qwen2.5-7B (4-bit),control,plant readings only,0.05,-3.488372093023256,-4.731355252606255,-2.245388933440257
Qwen2.5-7B (4-bit),control,token confidence,0.05,-57.09703287890938,-59.14194065757818,-55.132317562149154
Qwen2.5-7B (4-bit),control,attention by prompt region,0.05,-26.343223736968724,-28.267842822774657,-24.418604651162788
Qwen2.5-7B (4-bit),control,region-based attention grounding,0.05,-32.19727345629511,-34.161988773055334,-30.152365677626303
Qwen2.5-7B (4-bit),control,hidden states,0.05,-30.9943865276664,-32.96010425020049,-28.949478748997592
Qwen2.5-7B (4-bit),control,all internals,0.05,-29.71130713712911,-31.635926222935044,-27.666399358460303
Qwen2.5-7B (4-bit),control,all internals + grounding,0.05,-28.468323977546113,-30.434041700080193,-26.503608660785886
Qwen2.5-7B (4-bit),control,readings + change + all internals + grounding,0.05,-6.976744186046512,-8.219727345629511,-5.853047313552532
Qwen2.5-7B (4-bit),control,readings + change + grounding,0.05,1.3231756214915797,0.5613472333600642,2.165196471531676
Qwen2.5-7B (4-bit),control,readings + change + all internals,0.05,-6.255012028869286,-7.417802726543705,-5.172413793103448
Llama-3.2-3B,feed,plant readings only,0.1,-81.40599001663894,-82.98668885191348,-79.82529118136439
Llama-3.2-3B,feed,token confidence,0.1,-55.074875207986686,-57.19737936772047,-52.95341098169717
Llama-3.2-3B,feed,attention by prompt region,0.1,-30.116472545757073,-32.321131447587355,-27.953410981697168
Llama-3.2-3B,feed,region-based attention grounding,0.1,-46.630615640599,-48.96006655574043,-44.4675540765391
Llama-3.2-3B,feed,hidden states,0.1,-28.452579034941767,-30.532445923460898,-26.41326955074876
Llama-3.2-3B,feed,all internals,0.1,-23.16971713810316,-25.207986688851914,-21.214642262895175
Llama-3.2-3B,feed,all internals + grounding,0.1,-24.708818635607322,-26.788685524126453,-22.71214642262895
Llama-3.2-3B,feed,readings + change + all internals + grounding,0.1,2.8702163061564057,1.4559068219633942,4.284525790349417
Llama-3.2-3B,feed,readings + change + grounding,0.1,1.4559068219633942,0.16638935108153077,2.580074875207981
Llama-3.2-3B,feed,readings + change + all internals,0.1,1.622296173044925,0.16638935108153077,2.996048252911808
Llama-3.2-3B,feed,plant readings only,0.05,-81.40599001663894,-82.98668885191348,-79.82529118136439
Llama-3.2-3B,feed,token confidence,0.05,-55.074875207986686,-57.19737936772047,-52.95341098169717
Llama-3.2-3B,feed,attention by prompt region,0.05,-30.116472545757073,-32.321131447587355,-27.953410981697168
Llama-3.2-3B,feed,region-based attention grounding,0.05,-46.630615640599,-48.96006655574043,-44.4675540765391
Llama-3.2-3B,feed,hidden states,0.05,-28.452579034941767,-30.532445923460898,-26.41326955074876
Llama-3.2-3B,feed,all internals,0.05,-23.16971713810316,-25.207986688851914,-21.214642262895175
Llama-3.2-3B,feed,all internals + grounding,0.05,-24.708818635607322,-26.788685524126453,-22.71214642262895
Llama-3.2-3B,feed,readings + change + all internals + grounding,0.05,2.8702163061564057,1.4559068219633942,4.284525790349417
Llama-3.2-3B,feed,readings + change + grounding,0.05,1.4559068219633942,0.16638935108153077,2.580074875207981
Llama-3.2-3B,feed,readings + change + all internals,0.05,1.622296173044925,0.16638935108153077,2.996048252911808
Llama-3.2-3B,cooling,plant readings only,0.1,-57.01013513513513,-59.20608108108109,-54.939822635135144
Llama-3.2-3B,cooling,token confidence,0.1,-43.07432432432432,-45.14358108108108,-40.83614864864865
Llama-3.2-3B,cooling,attention by prompt region,0.1,-18.285472972972975,-20.35472972972973,-16.172930743243246
Llama-3.2-3B,cooling,region-based attention grounding,0.1,-31.038851351351347,-33.19362331081081,-28.842905405405407
Llama-3.2-3B,cooling,hidden states,0.1,-13.006756756756758,-15.076013513513514,-11.10641891891892
Llama-3.2-3B,cooling,all internals,0.1,-6.6300675675675675,-8.614864864864865,-4.77195945945946
Llama-3.2-3B,cooling,all internals + grounding,0.1,-6.587837837837837,-8.572635135135135,-4.77195945945946
Llama-3.2-3B,cooling,readings + change + all internals + grounding,0.1,3.505067567567568,2.0692567567567566,4.856418918918918
Llama-3.2-3B,cooling,readings + change + grounding,0.1,2.956081081081081,1.7314189189189189,4.096283783783783
Llama-3.2-3B,cooling,readings + change + all internals,0.1,5.152027027027027,3.6739864864864864,6.545608108108109
Llama-3.2-3B,cooling,plant readings only,0.05,-57.01013513513513,-59.20608108108109,-54.939822635135144
Llama-3.2-3B,cooling,token confidence,0.05,-43.07432432432432,-45.14358108108108,-40.83614864864865
Llama-3.2-3B,cooling,attention by prompt region,0.05,-18.285472972972975,-20.35472972972973,-16.172930743243246
Llama-3.2-3B,cooling,region-based attention grounding,0.05,-31.038851351351347,-33.19362331081081,-28.842905405405407
Llama-3.2-3B,cooling,hidden states,0.05,-13.006756756756758,-15.076013513513514,-11.10641891891892
Llama-3.2-3B,cooling,all internals,0.05,-6.6300675675675675,-8.614864864864865,-4.77195945945946
Llama-3.2-3B,cooling,all internals + grounding,0.05,-6.587837837837837,-8.572635135135135,-4.77195945945946
Llama-3.2-3B,cooling,readings + change + all internals + grounding,0.05,3.505067567567568,2.0692567567567566,4.856418918918918
Llama-3.2-3B,cooling,readings + change + grounding,0.05,2.956081081081081,1.7314189189189189,4.096283783783783
Llama-3.2-3B,cooling,readings + change + all internals,0.05,5.152027027027027,3.6739864864864864,6.545608108108109
Llama-3.2-3B,family-fouling,plant readings only,0.1,-95.65929565929567,-96.72399672399672,-94.43079443079444
Llama-3.2-3B,family-fouling,token confidence,0.1,-87.46928746928747,-89.43488943488943,-85.42178542178543
Llama-3.2-3B,family-fouling,attention by prompt region,0.1,-81.49058149058149,-83.78378378378379,-78.94963144963145
Llama-3.2-3B,family-fouling,region-based attention grounding,0.1,-70.92547092547092,-73.62817362817363,-68.14086814086814
Llama-3.2-3B,family-fouling,hidden states,0.1,-87.55118755118755,-89.35298935298935,-85.58558558558559
Llama-3.2-3B,family-fouling,all internals,0.1,-72.31777231777232,-74.85667485667486,-69.6969696969697
Llama-3.2-3B,family-fouling,all internals + grounding,0.1,-81.81818181818183,-84.02948402948402,-79.44307944307944
Llama-3.2-3B,family-fouling,readings + change + all internals + grounding,0.1,-19.81981981981982,-22.194922194922196,-17.280917280917283
Llama-3.2-3B,family-fouling,readings + change + grounding,0.1,1.4742014742014742,0.7371007371007371,2.211302211302211
Llama-3.2-3B,family-fouling,readings + change + all internals,0.1,-15.806715806715808,-17.854217854217854,-13.513513513513514
Llama-3.2-3B,family-fouling,plant readings only,0.05,-95.65929565929567,-96.72399672399672,-94.43079443079444
Llama-3.2-3B,family-fouling,token confidence,0.05,-87.46928746928747,-89.43488943488943,-85.42178542178543
Llama-3.2-3B,family-fouling,attention by prompt region,0.05,-81.49058149058149,-83.78378378378379,-78.94963144963145
Llama-3.2-3B,family-fouling,region-based attention grounding,0.05,-70.92547092547092,-73.62817362817363,-68.14086814086814
Llama-3.2-3B,family-fouling,hidden states,0.05,-87.55118755118755,-89.35298935298935,-85.58558558558559
Llama-3.2-3B,family-fouling,all internals,0.05,-72.31777231777232,-74.85667485667486,-69.6969696969697
Llama-3.2-3B,family-fouling,all internals + grounding,0.05,-81.81818181818183,-84.02948402948402,-79.44307944307944
Llama-3.2-3B,family-fouling,readings + change + all internals + grounding,0.05,-19.81981981981982,-22.194922194922196,-17.280917280917283
Llama-3.2-3B,family-fouling,readings + change + grounding,0.05,1.4742014742014742,0.7371007371007371,2.211302211302211
Llama-3.2-3B,family-fouling,readings + change + all internals,0.05,-15.806715806715808,-17.854217854217854,-13.513513513513514
Llama-3.2-3B,family-pump_degrade,plant readings only,0.1,-36.39484978540772,-39.82832618025751,-33.13304721030043
Llama-3.2-3B,family-pump_degrade,token confidence,0.1,-17.167381974248926,-19.914163090128756,-14.24892703862661
Llama-3.2-3B,family-pump_degrade,attention by prompt region,0.1,-15.965665236051501,-18.798283261802577,-13.13090128755366
Llama-3.2-3B,family-pump_degrade,region-based attention grounding,0.1,-25.407725321888414,-28.15450643776824,-22.660944206008583
Llama-3.2-3B,family-pump_degrade,hidden states,0.1,-12.103004291845494,-14.592274678111588,-9.527896995708154
Llama-3.2-3B,family-pump_degrade,all internals,0.1,-11.587982832618025,-14.07725321888412,-9.09871244635193
Llama-3.2-3B,family-pump_degrade,all internals + grounding,0.1,-8.755364806866952,-11.244635193133048,-6.3519313304721035
Llama-3.2-3B,family-pump_degrade,readings + change + all internals + grounding,0.1,0.5150214592274678,-1.201716738197425,2.317596566523605
Llama-3.2-3B,family-pump_degrade,readings + change + grounding,0.1,0.0,-1.0300429184549356,1.1158798283261802
Llama-3.2-3B,family-pump_degrade,readings + change + all internals,0.1,2.2317596566523603,0.6008583690987125,3.864806866952778
Llama-3.2-3B,family-pump_degrade,plant readings only,0.05,-36.39484978540772,-39.82832618025751,-33.13304721030043
Llama-3.2-3B,family-pump_degrade,token confidence,0.05,-17.167381974248926,-19.914163090128756,-14.24892703862661
Llama-3.2-3B,family-pump_degrade,attention by prompt region,0.05,-15.965665236051501,-18.798283261802577,-13.13090128755366
Llama-3.2-3B,family-pump_degrade,region-based attention grounding,0.05,-25.407725321888414,-28.15450643776824,-22.660944206008583
Llama-3.2-3B,family-pump_degrade,hidden states,0.05,-12.103004291845494,-14.592274678111588,-9.527896995708154
Llama-3.2-3B,family-pump_degrade,all internals,0.05,-11.587982832618025,-14.07725321888412,-9.09871244635193
Llama-3.2-3B,family-pump_degrade,all internals + grounding,0.05,-8.755364806866952,-11.244635193133048,-6.3519313304721035
Llama-3.2-3B,family-pump_degrade,readings + change + all internals + grounding,0.05,0.5150214592274678,-1.201716738197425,2.317596566523605
Llama-3.2-3B,family-pump_degrade,readings + change + grounding,0.05,0.0,-1.0300429184549356,1.1158798283261802
Llama-3.2-3B,family-pump_degrade,readings + change + all internals,0.05,2.2317596566523603,0.6008583690987125,3.864806866952778
Llama-3.2-3B,family-cool_stuck_closed,plant readings only,0.1,-67.57425742574257,-70.13201320132013,-65.09694719471948
Llama-3.2-3B,family-cool_stuck_closed,token confidence,0.1,-14.273927392739274,-18.48184818481848,-10.228960396039616
Llama-3.2-3B,family-cool_stuck_closed,attention by prompt region,0.1,19.141914191419144,15.924092409240926,22.35973597359736
Llama-3.2-3B,family-cool_stuck_closed,region-based attention grounding,0.1,17.82178217821782,14.603960396039604,21.03960396039604
Llama-3.2-3B,family-cool_stuck_closed,hidden states,0.1,23.67986798679868,20.627062706270628,26.487211221122102
Llama-3.2-3B,family-cool_stuck_closed,all internals,0.1,23.51485148514851,20.462046204620464,26.567656765676567
Llama-3.2-3B,family-cool_stuck_closed,all internals + grounding,0.1,25.577557755775576,22.607260726072607,28.54785478547855
Llama-3.2-3B,family-cool_stuck_closed,readings + change + all internals + grounding,0.1,15.924092409240926,13.2013201320132,18.564356435643564
Llama-3.2-3B,family-cool_stuck_closed,readings + change + grounding,0.1,12.046204620462046,9.24092409240924,14.85148514851485
Llama-3.2-3B,family-cool_stuck_closed,readings + change + all internals,0.1,10.80858085808581,8.16831683168317,13.450907590759064
Llama-3.2-3B,family-cool_stuck_closed,plant readings only,0.05,-67.57425742574257,-70.13201320132013,-65.09694719471948
Llama-3.2-3B,family-cool_stuck_closed,token confidence,0.05,-14.273927392739274,-18.48184818481848,-10.228960396039616
Llama-3.2-3B,family-cool_stuck_closed,attention by prompt region,0.05,19.141914191419144,15.924092409240926,22.35973597359736
Llama-3.2-3B,family-cool_stuck_closed,region-based attention grounding,0.05,17.82178217821782,14.603960396039604,21.03960396039604
Llama-3.2-3B,family-cool_stuck_closed,hidden states,0.05,23.67986798679868,20.627062706270628,26.487211221122102
Llama-3.2-3B,family-cool_stuck_closed,all internals,0.05,23.51485148514851,20.462046204620464,26.567656765676567
Llama-3.2-3B,family-cool_stuck_closed,all internals + grounding,0.05,25.577557755775576,22.607260726072607,28.54785478547855
Llama-3.2-3B,family-cool_stuck_closed,readings + change + all internals + grounding,0.05,15.924092409240926,13.2013201320132,18.564356435643564
Llama-3.2-3B,family-cool_stuck_closed,readings + change + grounding,0.05,12.046204620462046,9.24092409240924,14.85148514851485
Llama-3.2-3B,family-cool_stuck_closed,readings + change + all internals,0.05,10.80858085808581,8.16831683168317,13.450907590759064
Llama-3.2-3B,family-outlet_block,plant readings only,0.1,-83.61921097770154,-85.67753001715266,-81.47298456260722
Llama-3.2-3B,family-outlet_block,token confidence,0.1,-33.36192109777015,-36.2778730703259,-30.53173241852487
Llama-3.2-3B,family-outlet_block,attention by prompt region,0.1,-18.95368782161235,-21.783876500857634,-16.20926243567753
Llama-3.2-3B,family-outlet_block,region-based attention grounding,0.1,-32.16123499142367,-34.99142367066895,-29.245283018867923
Llama-3.2-3B,family-outlet_block,hidden states,0.1,-17.83876500857633,-20.32804459691252,-15.265866209262436
Llama-3.2-3B,family-outlet_block,all internals,0.1,-11.320754716981133,-13.807890222984561,-8.833619210977702
Llama-3.2-3B,family-outlet_block,all internals + grounding,0.1,-9.005145797598628,-11.578044596912521,-6.518010291595197
Llama-3.2-3B,family-outlet_block,readings + change + all internals + grounding,0.1,3.9451114922813035,2.2298456260720414,5.660377358490567
Llama-3.2-3B,family-outlet_block,readings + change + grounding,0.1,1.7152658662092626,0.5145797598627788,2.918096054888496
Llama-3.2-3B,family-outlet_block,readings + change + all internals,0.1,2.2298456260720414,0.5981989708404803,3.9451114922813035
Llama-3.2-3B,family-outlet_block,plant readings only,0.05,-83.61921097770154,-85.67753001715266,-81.47298456260722
Llama-3.2-3B,family-outlet_block,token confidence,0.05,-33.36192109777015,-36.2778730703259,-30.53173241852487
Llama-3.2-3B,family-outlet_block,attention by prompt region,0.05,-18.95368782161235,-21.783876500857634,-16.20926243567753
Llama-3.2-3B,family-outlet_block,region-based attention grounding,0.05,-32.16123499142367,-34.99142367066895,-29.245283018867923
Llama-3.2-3B,family-outlet_block,hidden states,0.05,-17.83876500857633,-20.32804459691252,-15.265866209262436
Llama-3.2-3B,family-outlet_block,all internals,0.05,-11.320754716981133,-13.807890222984561,-8.833619210977702
Llama-3.2-3B,family-outlet_block,all internals + grounding,0.05,-9.005145797598628,-11.578044596912521,-6.518010291595197
Llama-3.2-3B,family-outlet_block,readings + change + all internals + grounding,0.05,3.9451114922813035,2.2298456260720414,5.660377358490567
Llama-3.2-3B,family-outlet_block,readings + change + grounding,0.05,1.7152658662092626,0.5145797598627788,2.918096054888496
Llama-3.2-3B,family-outlet_block,readings + change + all internals,0.05,2.2298456260720414,0.5981989708404803,3.9451114922813035
Llama-3.2-3B,control,plant readings only,0.1,-71.38061267310113,-73.26898866974402,-69.70205623164078
Llama-3.2-3B,control,token confidence,0.1,-45.3629878304658,-47.67100293747377,-43.180864456567356
Llama-3.2-3B,control,attention by prompt region,0.1,-20.10071338648762,-22.28283676038607,-17.96055392362568
Llama-3.2-3B,control,region-based attention grounding,0.1,-33.571128829206884,-35.712337389844734,-31.43096936634494
Llama-3.2-3B,control,hidden states,0.1,-5.413344523709609,-7.469576164498531,-3.3571128829206884
Llama-3.2-3B,control,all internals,0.1,-2.0562316407889214,-4.028535459504826,-0.0839278220730172
Llama-3.2-3B,control,all internals + grounding,0.1,-1.0490977759127151,-3.0224506924045325,0.9651699538396977
Llama-3.2-3B,control,readings + change + all internals + grounding,0.1,7.343684431389005,5.623164078892152,9.023289970625255
Llama-3.2-3B,control,readings + change + grounding,0.1,4.448174569869911,2.979437683592111,5.916911456147713
Llama-3.2-3B,control,readings + change + all internals,0.1,8.644565673520772,7.049937054133445,10.155266470835082
Llama-3.2-3B,control,plant readings only,0.05,-71.38061267310113,-73.26898866974402,-69.70205623164078
Llama-3.2-3B,control,token confidence,0.05,-45.3629878304658,-47.67100293747377,-43.180864456567356
Llama-3.2-3B,control,attention by prompt region,0.05,-20.10071338648762,-22.28283676038607,-17.96055392362568
Llama-3.2-3B,control,region-based attention grounding,0.05,-33.571128829206884,-35.712337389844734,-31.43096936634494
Llama-3.2-3B,control,hidden states,0.05,-5.413344523709609,-7.469576164498531,-3.3571128829206884
Llama-3.2-3B,control,all internals,0.05,-2.0562316407889214,-4.028535459504826,-0.0839278220730172
Llama-3.2-3B,control,all internals + grounding,0.05,-1.0490977759127151,-3.0224506924045325,0.9651699538396977
Llama-3.2-3B,control,readings + change + all internals + grounding,0.05,7.343684431389005,5.623164078892152,9.023289970625255
Llama-3.2-3B,control,readings + change + grounding,0.05,4.448174569869911,2.979437683592111,5.916911456147713
Llama-3.2-3B,control,readings + change + all internals,0.05,8.644565673520772,7.049937054133445,10.155266470835082
