model,shift,signal,tolerance,n_source_train,n_target,target_failure_rate,auroc,skipped_pct,accepted,accepted_failures,accepted_failure_rate,rejected,rejected_good
Qwen2.5-1.5B,feed,plant readings only,0.1,1488,2468,0.8918152350081038,0.689158996506525,75.85089141004863,0,0,,1872,156
Qwen2.5-1.5B,feed,plant readings only,0.05,1488,2468,0.8918152350081038,0.689158996506525,75.85089141004863,0,0,,1872,156
Qwen2.5-1.5B,feed,plant readings + proposed change,0.1,1488,2468,0.8918152350081038,0.7045061233657837,81.44246353322528,2,2,1.0,2008,163
Qwen2.5-1.5B,feed,plant readings + proposed change,0.05,1488,2468,0.8918152350081038,0.7045061233657837,81.44246353322528,2,2,1.0,2008,163
Qwen2.5-1.5B,feed,token confidence,0.1,1488,2468,0.8918152350081038,0.5444835255340185,0.48622366288492713,0,0,,12,0
Qwen2.5-1.5B,feed,token confidence,0.05,1488,2468,0.8918152350081038,0.5444835255340185,0.48622366288492713,0,0,,12,0
Qwen2.5-1.5B,feed,attention by prompt region,0.1,1488,2468,0.8918152350081038,0.6082083901257004,34.440842787682335,0,0,,850,25
Qwen2.5-1.5B,feed,attention by prompt region,0.05,1488,2468,0.8918152350081038,0.6082083901257004,34.440842787682335,0,0,,850,25
Qwen2.5-1.5B,feed,region-based attention grounding,0.1,1488,2468,0.8918152350081038,0.6035816202032784,32.69854132901134,0,0,,807,11
Qwen2.5-1.5B,feed,region-based attention grounding,0.05,1488,2468,0.8918152350081038,0.6035816202032784,32.69854132901134,0,0,,807,11
Qwen2.5-1.5B,feed,hidden states,0.1,1488,2468,0.8918152350081038,0.6358805241744049,36.18314424635332,0,0,,893,20
Qwen2.5-1.5B,feed,hidden states,0.05,1488,2468,0.8918152350081038,0.6358805241744049,36.18314424635332,0,0,,893,20
Qwen2.5-1.5B,feed,all internals,0.1,1488,2468,0.8918152350081038,0.644261120668678,37.6418152350081,87,72,0.8275862068965517,842,17
Qwen2.5-1.5B,feed,all internals,0.05,1488,2468,0.8918152350081038,0.644261120668678,34.11669367909238,0,0,,842,17
Qwen2.5-1.5B,feed,all internals + grounding,0.1,1488,2468,0.8918152350081038,0.6430784781177095,37.47974068071313,103,83,0.8058252427184466,822,14
Qwen2.5-1.5B,feed,all internals + grounding,0.05,1488,2468,0.8918152350081038,0.6430784781177095,33.306320907617504,0,0,,822,14
Qwen2.5-1.5B,feed,readings + change + all internals + grounding,0.1,1488,2468,0.8918152350081038,0.7276603927053926,77.26904376012966,35,22,0.6285714285714286,1872,139
Qwen2.5-1.5B,feed,readings + change + all internals + grounding,0.05,1488,2468,0.8918152350081038,0.7276603927053926,76.49918962722853,16,13,0.8125,1872,139
Qwen2.5-1.5B,feed,readings + change + grounding,0.1,1488,2468,0.8918152350081038,0.711784054575125,79.45705024311182,4,2,0.5,1957,160
Qwen2.5-1.5B,feed,readings + change + grounding,0.05,1488,2468,0.8918152350081038,0.711784054575125,79.37601296596435,2,2,1.0,1957,160
Qwen2.5-1.5B,feed,readings + change + all internals,0.1,1488,2468,0.8918152350081038,0.7238265888675048,79.82171799027553,34,22,0.6470588235294118,1936,153
Qwen2.5-1.5B,feed,readings + change + all internals,0.05,1488,2468,0.8918152350081038,0.7238265888675048,79.17341977309562,18,14,0.7777777777777778,1936,153
Qwen2.5-1.5B,cooling,plant readings only,0.1,1515,2474,0.6204527081649152,0.9046063974080125,67.62328213419563,525,17,0.03238095238095238,1148,112
Qwen2.5-1.5B,cooling,plant readings only,0.05,1515,2474,0.6204527081649152,0.9046063974080125,63.823767178658045,431,8,0.018561484918793503,1148,112
Qwen2.5-1.5B,cooling,plant readings + proposed change,0.1,1515,2474,0.6204527081649152,0.9118155359676418,71.42279708973322,529,14,0.026465028355387523,1238,125
Qwen2.5-1.5B,cooling,plant readings + proposed change,0.05,1515,2474,0.6204527081649152,0.9118155359676418,50.04042037186742,0,0,,1238,125
Qwen2.5-1.5B,cooling,token confidence,0.1,1515,2474,0.6204527081649152,0.6291328011988635,1.6572352465642683,0,0,,41,4
Qwen2.5-1.5B,cooling,token confidence,0.05,1515,2474,0.6204527081649152,0.6291328011988635,1.6572352465642683,0,0,,41,4
Qwen2.5-1.5B,cooling,attention by prompt region,0.1,1515,2474,0.6204527081649152,0.7586170054080681,28.41552142279709,0,0,,703,63
Qwen2.5-1.5B,cooling,attention by prompt region,0.05,1515,2474,0.6204527081649152,0.7586170054080681,28.41552142279709,0,0,,703,63
Qwen2.5-1.5B,cooling,region-based attention grounding,0.1,1515,2474,0.6204527081649152,0.7121957311298664,25.141471301535972,0,0,,622,40
Qwen2.5-1.5B,cooling,region-based attention grounding,0.05,1515,2474,0.6204527081649152,0.7121957311298664,25.141471301535972,0,0,,622,40
Qwen2.5-1.5B,cooling,hidden states,0.1,1515,2474,0.6204527081649152,0.7876311690654345,33.38722716248989,0,0,,826,91
Qwen2.5-1.5B,cooling,hidden states,0.05,1515,2474,0.6204527081649152,0.7876311690654345,33.38722716248989,0,0,,826,91
Qwen2.5-1.5B,cooling,all internals,0.1,1515,2474,0.6204527081649152,0.7867715672296747,31.56831042845594,0,0,,781,85
Qwen2.5-1.5B,cooling,all internals,0.05,1515,2474,0.6204527081649152,0.7867715672296747,31.56831042845594,0,0,,781,85
Qwen2.5-1.5B,cooling,all internals + grounding,0.1,1515,2474,0.6204527081649152,0.7898159036746417,33.26596604688763,0,0,,823,99
Qwen2.5-1.5B,cooling,all internals + grounding,0.05,1515,2474,0.6204527081649152,0.7898159036746417,33.26596604688763,0,0,,823,99
Qwen2.5-1.5B,cooling,readings + change + all internals + grounding,0.1,1515,2474,0.6204527081649152,0.9006708918282322,60.064672594987876,331,6,0.01812688821752266,1155,109
Qwen2.5-1.5B,cooling,readings + change + all internals + grounding,0.05,1515,2474,0.6204527081649152,0.9006708918282322,46.68552950687147,0,0,,1155,109
Qwen2.5-1.5B,cooling,readings + change + grounding,0.1,1515,2474,0.6204527081649152,0.9125509499675655,71.62489894907034,551,14,0.025408348457350273,1221,120
Qwen2.5-1.5B,cooling,readings + change + grounding,0.05,1515,2474,0.6204527081649152,0.9125509499675655,49.35327405012126,0,0,,1221,120
Qwen2.5-1.5B,cooling,readings + change + all internals,0.1,1515,2474,0.6204527081649152,0.901195047749876,56.548100242522224,259,1,0.003861003861003861,1140,107
Qwen2.5-1.5B,cooling,readings + change + all internals,0.05,1515,2474,0.6204527081649152,0.901195047749876,46.079223928860145,0,0,,1140,107
Qwen2.5-1.5B,family-fouling,plant readings only,0.1,2310,1212,0.9975247524752475,0.7824648469809761,77.39273927392739,0,0,,938,1
Qwen2.5-1.5B,family-fouling,plant readings only,0.05,2310,1212,0.9975247524752475,0.7824648469809761,77.39273927392739,0,0,,938,1
Qwen2.5-1.5B,family-fouling,plant readings + proposed change,0.1,2310,1212,0.9975247524752475,0.35235732009925563,97.44224422442245,1,1,1.0,1180,3
Qwen2.5-1.5B,family-fouling,plant readings + proposed change,0.05,2310,1212,0.9975247524752475,0.35235732009925563,97.44224422442245,1,1,1.0,1180,3
Qwen2.5-1.5B,family-fouling,token confidence,0.1,2310,1212,0.9975247524752475,0.5922249793217536,0.825082508250825,0,0,,10,0
Qwen2.5-1.5B,family-fouling,token confidence,0.05,2310,1212,0.9975247524752475,0.5922249793217536,0.825082508250825,0,0,,10,0
Qwen2.5-1.5B,family-fouling,attention by prompt region,0.1,2310,1212,0.9975247524752475,0.1874827681279294,0.08250825082508251,0,0,,1,0
Qwen2.5-1.5B,family-fouling,attention by prompt region,0.05,2310,1212,0.9975247524752475,0.1874827681279294,0.08250825082508251,0,0,,1,0
Qwen2.5-1.5B,family-fouling,region-based attention grounding,0.1,2310,1212,0.9975247524752475,0.6807278742762614,0.0,0,0,,0,0
Qwen2.5-1.5B,family-fouling,region-based attention grounding,0.05,2310,1212,0.9975247524752475,0.6807278742762614,0.0,0,0,,0,0
Qwen2.5-1.5B,family-fouling,hidden states,0.1,2310,1212,0.9975247524752475,0.7678522194651227,0.4125412541254125,0,0,,5,0
Qwen2.5-1.5B,family-fouling,hidden states,0.05,2310,1212,0.9975247524752475,0.7678522194651227,0.4125412541254125,0,0,,5,0
Qwen2.5-1.5B,family-fouling,all internals,0.1,2310,1212,0.9975247524752475,0.6992004411359249,6.6006600660066,45,45,1.0,35,0
Qwen2.5-1.5B,family-fouling,all internals,0.05,2310,1212,0.9975247524752475,0.6992004411359249,2.8877887788778875,0,0,,35,0
Qwen2.5-1.5B,family-fouling,all internals + grounding,0.1,2310,1212,0.9975247524752475,0.6583953680727874,28.465346534653463,342,341,0.9970760233918129,3,0
Qwen2.5-1.5B,family-fouling,all internals + grounding,0.05,2310,1212,0.9975247524752475,0.6583953680727874,0.24752475247524752,0,0,,3,0
Qwen2.5-1.5B,family-fouling,readings + change + all internals + grounding,0.1,2310,1212,0.9975247524752475,0.4488558036945134,95.13201320132013,1,1,1.0,1152,3
Qwen2.5-1.5B,family-fouling,readings + change + all internals + grounding,0.05,2310,1212,0.9975247524752475,0.4488558036945134,95.13201320132013,1,1,1.0,1152,3
Qwen2.5-1.5B,family-fouling,readings + change + grounding,0.1,2310,1212,0.9975247524752475,0.3320926385442515,95.87458745874588,1,1,1.0,1161,3
Qwen2.5-1.5B,family-fouling,readings + change + grounding,0.05,2310,1212,0.9975247524752475,0.3320926385442515,95.87458745874588,1,1,1.0,1161,3
Qwen2.5-1.5B,family-fouling,readings + change + all internals,0.1,2310,1212,0.9975247524752475,0.474496829335539,95.7095709570957,1,1,1.0,1159,3
Qwen2.5-1.5B,family-fouling,readings + change + all internals,0.05,2310,1212,0.9975247524752475,0.474496829335539,95.7095709570957,1,1,1.0,1159,3
Qwen2.5-1.5B,family-pump_degrade,plant readings only,0.1,2238,1248,0.49278846153846156,0.9357530921280777,48.878205128205124,476,31,0.06512605042016807,134,1
Qwen2.5-1.5B,family-pump_degrade,plant readings only,0.05,2238,1248,0.49278846153846156,0.9357530921280777,32.93269230769231,277,2,0.007220216606498195,134,1
Qwen2.5-1.5B,family-pump_degrade,plant readings + proposed change,0.1,2238,1248,0.49278846153846156,0.9478390423714663,52.96474358974359,456,20,0.043859649122807015,205,2
Qwen2.5-1.5B,family-pump_degrade,plant readings + proposed change,0.05,2238,1248,0.49278846153846156,0.9478390423714663,47.43589743589743,387,6,0.015503875968992248,205,2
Qwen2.5-1.5B,family-pump_degrade,token confidence,0.1,2238,1248,0.49278846153846156,0.466900422558728,0.0,0,0,,0,0
Qwen2.5-1.5B,family-pump_degrade,token confidence,0.05,2238,1248,0.49278846153846156,0.466900422558728,0.0,0,0,,0,0
Qwen2.5-1.5B,family-pump_degrade,attention by prompt region,0.1,2238,1248,0.49278846153846156,0.6151633080311845,0.4807692307692308,0,0,,6,1
Qwen2.5-1.5B,family-pump_degrade,attention by prompt region,0.05,2238,1248,0.49278846153846156,0.6151633080311845,0.4807692307692308,0,0,,6,1
Qwen2.5-1.5B,family-pump_degrade,region-based attention grounding,0.1,2238,1248,0.49278846153846156,0.5214554515213399,3.205128205128205,0,0,,40,18
Qwen2.5-1.5B,family-pump_degrade,region-based attention grounding,0.05,2238,1248,0.49278846153846156,0.5214554515213399,3.205128205128205,0,0,,40,18
Qwen2.5-1.5B,family-pump_degrade,hidden states,0.1,2238,1248,0.49278846153846156,0.6800035962444934,3.926282051282051,0,0,,49,12
Qwen2.5-1.5B,family-pump_degrade,hidden states,0.05,2238,1248,0.49278846153846156,0.6800035962444934,3.926282051282051,0,0,,49,12
Qwen2.5-1.5B,family-pump_degrade,all internals,0.1,2238,1248,0.49278846153846156,0.6941522495793678,5.048076923076923,0,0,,63,14
Qwen2.5-1.5B,family-pump_degrade,all internals,0.05,2238,1248,0.49278846153846156,0.6941522495793678,5.048076923076923,0,0,,63,14
Qwen2.5-1.5B,family-pump_degrade,all internals + grounding,0.1,2238,1248,0.49278846153846156,0.704879333153521,3.685897435897436,0,0,,46,9
Qwen2.5-1.5B,family-pump_degrade,all internals + grounding,0.05,2238,1248,0.49278846153846156,0.704879333153521,3.685897435897436,0,0,,46,9
Qwen2.5-1.5B,family-pump_degrade,readings + change + all internals + grounding,0.1,2238,1248,0.49278846153846156,0.924183459844077,42.1474358974359,366,15,0.040983606557377046,160,6
Qwen2.5-1.5B,family-pump_degrade,readings + change + all internals + grounding,0.05,2238,1248,0.49278846153846156,0.924183459844077,37.419871794871796,307,8,0.026058631921824105,160,6
Qwen2.5-1.5B,family-pump_degrade,readings + change + grounding,0.1,2238,1248,0.49278846153846156,0.9470941060121502,53.205128205128204,471,21,0.044585987261146494,193,1
Qwen2.5-1.5B,family-pump_degrade,readings + change + grounding,0.05,2238,1248,0.49278846153846156,0.9470941060121502,48.95833333333333,418,14,0.03349282296650718,193,1
Qwen2.5-1.5B,family-pump_degrade,readings + change + all internals,0.1,2238,1248,0.49278846153846156,0.9249926148550585,44.07051282051282,389,19,0.04884318766066838,161,6
Qwen2.5-1.5B,family-pump_degrade,readings + change + all internals,0.05,2238,1248,0.49278846153846156,0.9249926148550585,37.90064102564102,312,5,0.016025641025641024,161,6
Qwen2.5-1.5B,family-cool_stuck_closed,plant readings only,0.1,2231,1247,0.7225340817963112,0.6347635575115639,99.83961507618284,0,0,,1245,345
Qwen2.5-1.5B,family-cool_stuck_closed,plant readings only,0.05,2231,1247,0.7225340817963112,0.6347635575115639,99.83961507618284,0,0,,1245,345
Qwen2.5-1.5B,family-cool_stuck_closed,plant readings + proposed change,0.1,2231,1247,0.7225340817963112,0.6393666638866257,99.91980753809142,2,1,0.5,1244,344
Qwen2.5-1.5B,family-cool_stuck_closed,plant readings + proposed change,0.05,2231,1247,0.7225340817963112,0.6393666638866257,99.91980753809142,2,1,0.5,1244,344
Qwen2.5-1.5B,family-cool_stuck_closed,token confidence,0.1,2231,1247,0.7225340817963112,0.48543365432114605,25.66158781074579,0,0,,320,91
Qwen2.5-1.5B,family-cool_stuck_closed,token confidence,0.05,2231,1247,0.7225340817963112,0.48543365432114605,25.66158781074579,0,0,,320,91
Qwen2.5-1.5B,family-cool_stuck_closed,attention by prompt region,0.1,2231,1247,0.7225340817963112,0.5287381393827025,95.10825982357657,0,0,,1186,332
Qwen2.5-1.5B,family-cool_stuck_closed,attention by prompt region,0.05,2231,1247,0.7225340817963112,0.5287381393827025,95.10825982357657,0,0,,1186,332
Qwen2.5-1.5B,family-cool_stuck_closed,region-based attention grounding,0.1,2231,1247,0.7225340817963112,0.47426109717526443,15.076182838813152,0,0,,188,51
Qwen2.5-1.5B,family-cool_stuck_closed,region-based attention grounding,0.05,2231,1247,0.7225340817963112,0.47426109717526443,15.076182838813152,0,0,,188,51
Qwen2.5-1.5B,family-cool_stuck_closed,hidden states,0.1,2231,1247,0.7225340817963112,0.5365682318297589,92.06094627105053,0,0,,1148,312
Qwen2.5-1.5B,family-cool_stuck_closed,hidden states,0.05,2231,1247,0.7225340817963112,0.5365682318297589,92.06094627105053,0,0,,1148,312
Qwen2.5-1.5B,family-cool_stuck_closed,all internals,0.1,2231,1247,0.7225340817963112,0.5425314198097169,26.4635124298316,0,0,,330,80
Qwen2.5-1.5B,family-cool_stuck_closed,all internals,0.05,2231,1247,0.7225340817963112,0.5425314198097169,26.4635124298316,0,0,,330,80
Qwen2.5-1.5B,family-cool_stuck_closed,all internals + grounding,0.1,2231,1247,0.7225340817963112,0.532218536885798,53.64875701684042,0,0,,669,176
Qwen2.5-1.5B,family-cool_stuck_closed,all internals + grounding,0.05,2231,1247,0.7225340817963112,0.532218536885798,53.64875701684042,0,0,,669,176
Qwen2.5-1.5B,family-cool_stuck_closed,readings + change + all internals + grounding,0.1,2231,1247,0.7225340817963112,0.6290152880870965,85.48516439454691,301,171,0.5681063122923588,765,171
Qwen2.5-1.5B,family-cool_stuck_closed,readings + change + all internals + grounding,0.05,2231,1247,0.7225340817963112,0.6290152880870965,77.06495589414595,196,104,0.5306122448979592,765,171
Qwen2.5-1.5B,family-cool_stuck_closed,readings + change + grounding,0.1,2231,1247,0.7225340817963112,0.6380258287195344,100.0,2,1,0.5,1245,345
Qwen2.5-1.5B,family-cool_stuck_closed,readings + change + grounding,0.05,2231,1247,0.7225340817963112,0.6380258287195344,100.0,2,1,0.5,1245,345
Qwen2.5-1.5B,family-cool_stuck_closed,readings + change + all internals,0.1,2231,1247,0.7225340817963112,0.6312687251801146,85.88612670408982,507,319,0.6291913214990138,564,117
Qwen2.5-1.5B,family-cool_stuck_closed,readings + change + all internals,0.05,2231,1247,0.7225340817963112,0.6312687251801146,72.3336006415397,338,201,0.5946745562130178,564,117
Qwen2.5-1.5B,family-outlet_block,plant readings only,0.1,2198,1247,0.4314354450681636,0.9429402110936919,45.388933440256615,393,7,0.017811704834605598,173,2
Qwen2.5-1.5B,family-outlet_block,plant readings only,0.05,2198,1247,0.4314354450681636,0.9429402110936919,36.407377706495595,281,3,0.010676156583629894,173,2
Qwen2.5-1.5B,family-outlet_block,plant readings + proposed change,0.1,2198,1247,0.4314354450681636,0.9486553656912454,50.280673616680026,415,6,0.014457831325301205,212,3
Qwen2.5-1.5B,family-outlet_block,plant readings + proposed change,0.05,2198,1247,0.4314354450681636,0.9486553656912454,17.000801924619086,0,0,,212,3
Qwen2.5-1.5B,family-outlet_block,token confidence,0.1,2198,1247,0.4314354450681636,0.4710440905825787,2.0850040096230953,0,0,,26,14
Qwen2.5-1.5B,family-outlet_block,token confidence,0.05,2198,1247,0.4314354450681636,0.4710440905825787,2.0850040096230953,0,0,,26,14
Qwen2.5-1.5B,family-outlet_block,attention by prompt region,0.1,2198,1247,0.4314354450681636,0.6125964104634518,1.202886928628709,0,0,,15,7
Qwen2.5-1.5B,family-outlet_block,attention by prompt region,0.05,2198,1247,0.4314354450681636,0.6125964104634518,1.202886928628709,0,0,,15,7
Qwen2.5-1.5B,family-outlet_block,region-based attention grounding,0.1,2198,1247,0.4314354450681636,0.5001887573995523,1.8444266238973537,0,0,,23,11
Qwen2.5-1.5B,family-outlet_block,region-based attention grounding,0.05,2198,1247,0.4314354450681636,0.5001887573995523,1.8444266238973537,0,0,,23,11
Qwen2.5-1.5B,family-outlet_block,hidden states,0.1,2198,1247,0.4314354450681636,0.6786012028040961,1.6840417000801924,0,0,,21,2
Qwen2.5-1.5B,family-outlet_block,hidden states,0.05,2198,1247,0.4314354450681636,0.6786012028040961,1.6840417000801924,0,0,,21,2
Qwen2.5-1.5B,family-outlet_block,all internals,0.1,2198,1247,0.4314354450681636,0.6997289234011985,4.170008019246191,0,0,,52,12
Qwen2.5-1.5B,family-outlet_block,all internals,0.05,2198,1247,0.4314354450681636,0.6997289234011985,4.170008019246191,0,0,,52,12
Qwen2.5-1.5B,family-outlet_block,all internals + grounding,0.1,2198,1247,0.4314354450681636,0.7063511621688225,4.891740176423416,0,0,,61,11
Qwen2.5-1.5B,family-outlet_block,all internals + grounding,0.05,2198,1247,0.4314354450681636,0.7063511621688225,4.891740176423416,0,0,,61,11
Qwen2.5-1.5B,family-outlet_block,readings + change + all internals + grounding,0.1,2198,1247,0.4314354450681636,0.92745948269986,42.26142742582197,306,5,0.016339869281045753,221,12
Qwen2.5-1.5B,family-outlet_block,readings + change + all internals + grounding,0.05,2198,1247,0.4314354450681636,0.92745948269986,17.72253408179631,0,0,,221,12
Qwen2.5-1.5B,family-outlet_block,readings + change + grounding,0.1,2198,1247,0.4314354450681636,0.9480392825121514,50.360866078588614,401,4,0.00997506234413965,227,4
Qwen2.5-1.5B,family-outlet_block,readings + change + grounding,0.05,2198,1247,0.4314354450681636,0.9480392825121514,47.07297514033681,360,4,0.011111111111111112,227,4
Qwen2.5-1.5B,family-outlet_block,readings + change + all internals,0.1,2198,1247,0.4314354450681636,0.9298163285637134,48.997594226142745,387,10,0.025839793281653745,224,11
Qwen2.5-1.5B,family-outlet_block,readings + change + all internals,0.05,2198,1247,0.4314354450681636,0.9298163285637134,17.963111467522054,0,0,,224,11
Qwen2.5-1.5B,control,plant readings only,0.1,1477,2478,0.6505246166263116,0.9200432380701321,62.308313155770776,440,21,0.04772727272727273,1104,62
Qwen2.5-1.5B,control,plant readings only,0.05,1477,2478,0.6505246166263116,0.9200432380701321,58.111380145278446,336,6,0.017857142857142856,1104,62
Qwen2.5-1.5B,control,plant readings + proposed change,0.1,1477,2478,0.6505246166263116,0.9265447079925959,67.27199354317999,438,14,0.0319634703196347,1229,71
Qwen2.5-1.5B,control,plant readings + proposed change,0.05,1477,2478,0.6505246166263116,0.9265447079925959,66.18240516545602,411,11,0.0267639902676399,1229,71
Qwen2.5-1.5B,control,token confidence,0.1,1477,2478,0.6505246166263116,0.6472644542375601,3.3494753833736888,0,0,,83,6
Qwen2.5-1.5B,control,token confidence,0.05,1477,2478,0.6505246166263116,0.6472644542375601,3.3494753833736888,0,0,,83,6
Qwen2.5-1.5B,control,attention by prompt region,0.1,1477,2478,0.6505246166263116,0.7723862314397216,28.53107344632768,0,0,,707,42
Qwen2.5-1.5B,control,attention by prompt region,0.05,1477,2478,0.6505246166263116,0.7723862314397216,28.53107344632768,0,0,,707,42
Qwen2.5-1.5B,control,region-based attention grounding,0.1,1477,2478,0.6505246166263116,0.7258823832801334,26.39225181598063,0,0,,654,28
Qwen2.5-1.5B,control,region-based attention grounding,0.05,1477,2478,0.6505246166263116,0.7258823832801334,26.39225181598063,0,0,,654,28
Qwen2.5-1.5B,control,hidden states,0.1,1477,2478,0.6505246166263116,0.7946549836961816,30.306698950766748,0,0,,751,52
Qwen2.5-1.5B,control,hidden states,0.05,1477,2478,0.6505246166263116,0.7946549836961816,30.306698950766748,0,0,,751,52
Qwen2.5-1.5B,control,all internals,0.1,1477,2478,0.6505246166263116,0.8016457114367417,28.410008071025022,0,0,,704,41
Qwen2.5-1.5B,control,all internals,0.05,1477,2478,0.6505246166263116,0.8016457114367417,28.410008071025022,0,0,,704,41
Qwen2.5-1.5B,control,all internals + grounding,0.1,1477,2478,0.6505246166263116,0.8037087605086561,30.347054075867636,0,0,,752,53
Qwen2.5-1.5B,control,all internals + grounding,0.05,1477,2478,0.6505246166263116,0.8037087605086561,30.347054075867636,0,0,,752,53
Qwen2.5-1.5B,control,readings + change + all internals + grounding,0.1,1477,2478,0.6505246166263116,0.9154221514163405,60.330912025827274,393,14,0.035623409669211195,1102,59
Qwen2.5-1.5B,control,readings + change + all internals + grounding,0.05,1477,2478,0.6505246166263116,0.9154221514163405,44.471347861178366,0,0,,1102,59
Qwen2.5-1.5B,control,readings + change + grounding,0.1,1477,2478,0.6505246166263116,0.9253649018045949,68.03874092009686,475,21,0.04421052631578947,1211,70
Qwen2.5-1.5B,control,readings + change + grounding,0.05,1477,2478,0.6505246166263116,0.9253649018045949,62.42937853107344,336,5,0.01488095238095238,1211,70
Qwen2.5-1.5B,control,readings + change + all internals,0.1,1477,2478,0.6505246166263116,0.918599103719792,56.25504439063761,314,4,0.012738853503184714,1080,56
Qwen2.5-1.5B,control,readings + change + all internals,0.05,1477,2478,0.6505246166263116,0.918599103719792,43.583535108958834,0,0,,1080,56
Qwen2.5-3B,feed,plant readings only,0.1,1479,2473,0.8374443995147594,0.5790122300136209,35.22038010513546,0,0,,871,82
Qwen2.5-3B,feed,plant readings only,0.05,1479,2473,0.8374443995147594,0.5790122300136209,35.22038010513546,0,0,,871,82
Qwen2.5-3B,feed,plant readings + proposed change,0.1,1479,2473,0.8374443995147594,0.7253676090815839,73.87788111605337,6,0,0.0,1821,228
Qwen2.5-3B,feed,plant readings + proposed change,0.05,1479,2473,0.8374443995147594,0.7253676090815839,73.63526081682168,0,0,,1821,228
Qwen2.5-3B,feed,token confidence,0.1,1479,2473,0.8374443995147594,0.48062560207172733,0.3639304488475536,0,0,,9,1
Qwen2.5-3B,feed,token confidence,0.05,1479,2473,0.8374443995147594,0.48062560207172733,0.3639304488475536,0,0,,9,1
Qwen2.5-3B,feed,attention by prompt region,0.1,1479,2473,0.8374443995147594,0.5622959562400456,9.866558835422563,0,0,,244,23
Qwen2.5-3B,feed,attention by prompt region,0.05,1479,2473,0.8374443995147594,0.5622959562400456,9.866558835422563,0,0,,244,23
Qwen2.5-3B,feed,region-based attention grounding,0.1,1479,2473,0.8374443995147594,0.4984096898414735,12.13101496158512,0,0,,300,33
Qwen2.5-3B,feed,region-based attention grounding,0.05,1479,2473,0.8374443995147594,0.4984096898414735,12.13101496158512,0,0,,300,33
Qwen2.5-3B,feed,hidden states,0.1,1479,2473,0.8374443995147594,0.6024392763368094,15.244642135058633,0,0,,377,24
Qwen2.5-3B,feed,hidden states,0.05,1479,2473,0.8374443995147594,0.6024392763368094,15.244642135058633,0,0,,377,24
Qwen2.5-3B,feed,all internals,0.1,1479,2473,0.8374443995147594,0.6026674930514015,15.002021835826932,0,0,,371,11
Qwen2.5-3B,feed,all internals,0.05,1479,2473,0.8374443995147594,0.6026674930514015,15.002021835826932,0,0,,371,11
Qwen2.5-3B,feed,all internals + grounding,0.1,1479,2473,0.8374443995147594,0.6011012057049374,24.666397088556412,55,38,0.6909090909090909,555,32
Qwen2.5-3B,feed,all internals + grounding,0.05,1479,2473,0.8374443995147594,0.6011012057049374,22.44237767893247,0,0,,555,32
Qwen2.5-3B,feed,readings + change + all internals + grounding,0.1,1479,2473,0.8374443995147594,0.7415806049424534,65.91184795794581,7,2,0.2857142857142857,1623,162
Qwen2.5-3B,feed,readings + change + all internals + grounding,0.05,1479,2473,0.8374443995147594,0.7415806049424534,65.6287909421755,0,0,,1623,162
Qwen2.5-3B,feed,readings + change + grounding,0.1,1479,2473,0.8374443995147594,0.7266624386517437,76.18277395875455,7,0,0.0,1877,234
Qwen2.5-3B,feed,readings + change + grounding,0.05,1479,2473,0.8374443995147594,0.7266624386517437,75.89971694298423,0,0,,1877,234
Qwen2.5-3B,feed,readings + change + all internals,0.1,1479,2473,0.8374443995147594,0.7412971357601179,67.40800646987465,17,6,0.35294117647058826,1650,167
Qwen2.5-3B,feed,readings + change + all internals,0.05,1479,2473,0.8374443995147594,0.7412971357601179,66.72058228871816,0,0,,1650,167
Qwen2.5-3B,cooling,plant readings only,0.1,1514,2466,0.6727493917274939,0.7247696280212398,15.97729115977291,0,0,,394,49
Qwen2.5-3B,cooling,plant readings only,0.05,1514,2466,0.6727493917274939,0.7247696280212398,15.97729115977291,0,0,,394,49
Qwen2.5-3B,cooling,plant readings + proposed change,0.1,1514,2466,0.6727493917274939,0.8600767993737737,44.76885644768856,0,0,,1104,90
Qwen2.5-3B,cooling,plant readings + proposed change,0.05,1514,2466,0.6727493917274939,0.8600767993737737,44.76885644768856,0,0,,1104,90
Qwen2.5-3B,cooling,token confidence,0.1,1514,2466,0.6727493917274939,0.5451209392200405,0.0,0,0,,0,0
Qwen2.5-3B,cooling,token confidence,0.05,1514,2466,0.6727493917274939,0.5451209392200405,0.0,0,0,,0,0
Qwen2.5-3B,cooling,attention by prompt region,0.1,1514,2466,0.6727493917274939,0.6845399618916159,7.380373073803731,0,0,,182,9
Qwen2.5-3B,cooling,attention by prompt region,0.05,1514,2466,0.6727493917274939,0.6845399618916159,7.380373073803731,0,0,,182,9
Qwen2.5-3B,cooling,region-based attention grounding,0.1,1514,2466,0.6727493917274939,0.6499160076874066,7.015409570154096,0,0,,173,14
Qwen2.5-3B,cooling,region-based attention grounding,0.05,1514,2466,0.6727493917274939,0.6499160076874066,7.015409570154096,0,0,,173,14
Qwen2.5-3B,cooling,hidden states,0.1,1514,2466,0.6727493917274939,0.712337720055004,21.24898621248986,0,0,,524,50
Qwen2.5-3B,cooling,hidden states,0.05,1514,2466,0.6727493917274939,0.712337720055004,21.24898621248986,0,0,,524,50
Qwen2.5-3B,cooling,all internals,0.1,1514,2466,0.6727493917274939,0.7172450521469391,13.86861313868613,0,0,,342,25
Qwen2.5-3B,cooling,all internals,0.05,1514,2466,0.6727493917274939,0.7172450521469391,13.86861313868613,0,0,,342,25
Qwen2.5-3B,cooling,all internals + grounding,0.1,1514,2466,0.6727493917274939,0.7172211503772372,16.86942416869424,0,0,,416,35
Qwen2.5-3B,cooling,all internals + grounding,0.05,1514,2466,0.6727493917274939,0.7172211503772372,16.86942416869424,0,0,,416,35
Qwen2.5-3B,cooling,readings + change + all internals + grounding,0.1,1514,2466,0.6727493917274939,0.8492746933290908,38.605028386050286,0,0,,952,69
Qwen2.5-3B,cooling,readings + change + all internals + grounding,0.05,1514,2466,0.6727493917274939,0.8492746933290908,38.605028386050286,0,0,,952,69
Qwen2.5-3B,cooling,readings + change + grounding,0.1,1514,2466,0.6727493917274939,0.8589877749917277,45.21492295214923,0,0,,1115,97
Qwen2.5-3B,cooling,readings + change + grounding,0.05,1514,2466,0.6727493917274939,0.8589877749917277,45.21492295214923,0,0,,1115,97
Qwen2.5-3B,cooling,readings + change + all internals,0.1,1514,2466,0.6727493917274939,0.8509089768324627,39.253852392538526,0,0,,968,70
Qwen2.5-3B,cooling,readings + change + all internals,0.05,1514,2466,0.6727493917274939,0.8509089768324627,39.253852392538526,0,0,,968,70
Qwen2.5-3B,family-fouling,plant readings only,0.1,2277,1250,0.7888,0.5828761755485894,55.2,0,0,,690,128
Qwen2.5-3B,family-fouling,plant readings only,0.05,2277,1250,0.7888,0.5828761755485894,55.2,0,0,,690,128
Qwen2.5-3B,family-fouling,plant readings + proposed change,0.1,2277,1250,0.7888,0.6240242178376052,99.11999999999999,1,0,0.0,1238,262
Qwen2.5-3B,family-fouling,plant readings + proposed change,0.05,2277,1250,0.7888,0.6240242178376052,99.03999999999999,0,0,,1238,262
Qwen2.5-3B,family-fouling,token confidence,0.1,2277,1250,0.7888,0.4443381584608765,0.08,0,0,,1,0
Qwen2.5-3B,family-fouling,token confidence,0.05,2277,1250,0.7888,0.4443381584608765,0.08,0,0,,1,0
Qwen2.5-3B,family-fouling,attention by prompt region,0.1,2277,1250,0.7888,0.5922882475874363,0.48,0,0,,6,1
Qwen2.5-3B,family-fouling,attention by prompt region,0.05,2277,1250,0.7888,0.5922882475874363,0.48,0,0,,6,1
Qwen2.5-3B,family-fouling,region-based attention grounding,0.1,2277,1250,0.7888,0.43488766980146293,13.28,0,0,,166,24
Qwen2.5-3B,family-fouling,region-based attention grounding,0.05,2277,1250,0.7888,0.43488766980146293,13.28,0,0,,166,24
Qwen2.5-3B,family-fouling,hidden states,0.1,2277,1250,0.7888,0.5091815723154466,2.08,0,0,,26,1
Qwen2.5-3B,family-fouling,hidden states,0.05,2277,1250,0.7888,0.5091815723154466,2.08,0,0,,26,1
Qwen2.5-3B,family-fouling,all internals,0.1,2277,1250,0.7888,0.5635334070932448,1.1199999999999999,0,0,,14,1
Qwen2.5-3B,family-fouling,all internals,0.05,2277,1250,0.7888,0.5635334070932448,1.1199999999999999,0,0,,14,1
Qwen2.5-3B,family-fouling,all internals + grounding,0.1,2277,1250,0.7888,0.5517971295101113,2.7199999999999998,0,0,,34,5
Qwen2.5-3B,family-fouling,all internals + grounding,0.05,2277,1250,0.7888,0.5517971295101113,2.7199999999999998,0,0,,34,5
Qwen2.5-3B,family-fouling,readings + change + all internals + grounding,0.1,2277,1250,0.7888,0.6095027352633844,100.0,1,0,0.0,1249,263
Qwen2.5-3B,family-fouling,readings + change + all internals + grounding,0.05,2277,1250,0.7888,0.6095027352633844,100.0,1,0,0.0,1249,263
Qwen2.5-3B,family-fouling,readings + change + grounding,0.1,2277,1250,0.7888,0.609329860470834,99.2,1,0,0.0,1239,262
Qwen2.5-3B,family-fouling,readings + change + grounding,0.05,2277,1250,0.7888,0.609329860470834,99.2,1,0,0.0,1239,262
Qwen2.5-3B,family-fouling,readings + change + all internals,0.1,2277,1250,0.7888,0.6147350789845719,100.0,1,0,0.0,1249,263
Qwen2.5-3B,family-fouling,readings + change + all internals,0.05,2277,1250,0.7888,0.6147350789845719,100.0,1,0,0.0,1249,263
Qwen2.5-3B,family-pump_degrade,plant readings only,0.1,2247,1226,0.6394779771615008,0.7453539107950873,4.730831973898858,0,0,,58,2
Qwen2.5-3B,family-pump_degrade,plant readings only,0.05,2247,1226,0.6394779771615008,0.7453539107950873,4.730831973898858,0,0,,58,2
Qwen2.5-3B,family-pump_degrade,plant readings + proposed change,0.1,2247,1226,0.6394779771615008,0.899087519623234,33.3605220228385,0,0,,409,3
Qwen2.5-3B,family-pump_degrade,plant readings + proposed change,0.05,2247,1226,0.6394779771615008,0.899087519623234,33.3605220228385,0,0,,409,3
Qwen2.5-3B,family-pump_degrade,token confidence,0.1,2247,1226,0.6394779771615008,0.4802526779942747,0.0,0,0,,0,0
Qwen2.5-3B,family-pump_degrade,token confidence,0.05,2247,1226,0.6394779771615008,0.4802526779942747,0.0,0,0,,0,0
Qwen2.5-3B,family-pump_degrade,attention by prompt region,0.1,2247,1226,0.6394779771615008,0.6663732800812632,7.096247960848287,0,0,,87,0
Qwen2.5-3B,family-pump_degrade,attention by prompt region,0.05,2247,1226,0.6394779771615008,0.6663732800812632,7.096247960848287,0,0,,87,0
Qwen2.5-3B,family-pump_degrade,region-based attention grounding,0.1,2247,1226,0.6394779771615008,0.6659894727121618,6.117455138662317,0,0,,75,0
Qwen2.5-3B,family-pump_degrade,region-based attention grounding,0.05,2247,1226,0.6394779771615008,0.6659894727121618,6.117455138662317,0,0,,75,0
Qwen2.5-3B,family-pump_degrade,hidden states,0.1,2247,1226,0.6394779771615008,0.6888043679010066,11.33768352365416,0,0,,139,3
Qwen2.5-3B,family-pump_degrade,hidden states,0.05,2247,1226,0.6394779771615008,0.6888043679010066,11.33768352365416,0,0,,139,3
Qwen2.5-3B,family-pump_degrade,all internals,0.1,2247,1226,0.6394779771615008,0.6926943854464863,13.132137030995105,0,0,,161,9
Qwen2.5-3B,family-pump_degrade,all internals,0.05,2247,1226,0.6394779771615008,0.6926943854464863,13.132137030995105,0,0,,161,9
Qwen2.5-3B,family-pump_degrade,all internals + grounding,0.1,2247,1226,0.6394779771615008,0.6966652045433558,10.848287112561176,0,0,,133,1
Qwen2.5-3B,family-pump_degrade,all internals + grounding,0.05,2247,1226,0.6394779771615008,0.6966652045433558,10.848287112561176,0,0,,133,1
Qwen2.5-3B,family-pump_degrade,readings + change + all internals + grounding,0.1,2247,1226,0.6394779771615008,0.8776866515837104,35.07340946166394,0,0,,430,15
Qwen2.5-3B,family-pump_degrade,readings + change + all internals + grounding,0.05,2247,1226,0.6394779771615008,0.8776866515837104,35.07340946166394,0,0,,430,15
Qwen2.5-3B,family-pump_degrade,readings + change + grounding,0.1,2247,1226,0.6394779771615008,0.8969982223658696,32.21859706362154,0,0,,395,3
Qwen2.5-3B,family-pump_degrade,readings + change + grounding,0.05,2247,1226,0.6394779771615008,0.8969982223658696,32.21859706362154,0,0,,395,3
Qwen2.5-3B,family-pump_degrade,readings + change + all internals,0.1,2247,1226,0.6394779771615008,0.8778511404561824,35.15497553017944,0,0,,431,14
Qwen2.5-3B,family-pump_degrade,readings + change + all internals,0.05,2247,1226,0.6394779771615008,0.8778511404561824,35.15497553017944,0,0,,431,14
Qwen2.5-3B,family-cool_stuck_closed,plant readings only,0.1,2227,1247,0.7923015236567763,0.6428962218435903,100.0,0,0,,1247,259
Qwen2.5-3B,family-cool_stuck_closed,plant readings only,0.05,2227,1247,0.7923015236567763,0.6428962218435903,100.0,0,0,,1247,259
Qwen2.5-3B,family-cool_stuck_closed,plant readings + proposed change,0.1,2227,1247,0.7923015236567763,0.7432510590405328,100.0,0,0,,1247,259
Qwen2.5-3B,family-cool_stuck_closed,plant readings + proposed change,0.05,2227,1247,0.7923015236567763,0.7432510590405328,100.0,0,0,,1247,259
Qwen2.5-3B,family-cool_stuck_closed,token confidence,0.1,2227,1247,0.7923015236567763,0.4766424898003846,0.8019246190858059,0,0,,10,0
Qwen2.5-3B,family-cool_stuck_closed,token confidence,0.05,2227,1247,0.7923015236567763,0.4766424898003846,0.8019246190858059,0,0,,10,0
Qwen2.5-3B,family-cool_stuck_closed,attention by prompt region,0.1,2227,1247,0.7923015236567763,0.4986752223594329,2.566158781074579,0,0,,32,5
Qwen2.5-3B,family-cool_stuck_closed,attention by prompt region,0.05,2227,1247,0.7923015236567763,0.4986752223594329,2.566158781074579,0,0,,32,5
Qwen2.5-3B,family-cool_stuck_closed,region-based attention grounding,0.1,2227,1247,0.7923015236567763,0.5210909289856659,0.5613472333600642,0,0,,7,1
Qwen2.5-3B,family-cool_stuck_closed,region-based attention grounding,0.05,2227,1247,0.7923015236567763,0.5210909289856659,0.5613472333600642,0,0,,7,1
Qwen2.5-3B,family-cool_stuck_closed,hidden states,0.1,2227,1247,0.7923015236567763,0.5224508777140355,10.665597433841219,0,0,,133,21
Qwen2.5-3B,family-cool_stuck_closed,hidden states,0.05,2227,1247,0.7923015236567763,0.5224508777140355,10.665597433841219,0,0,,133,21
Qwen2.5-3B,family-cool_stuck_closed,all internals,0.1,2227,1247,0.7923015236567763,0.5238538133274976,27.506014434643145,0,0,,343,56
Qwen2.5-3B,family-cool_stuck_closed,all internals,0.05,2227,1247,0.7923015236567763,0.5238538133274976,27.506014434643145,0,0,,343,56
Qwen2.5-3B,family-cool_stuck_closed,all internals + grounding,0.1,2227,1247,0.7923015236567763,0.4941147046410205,15.396952686447474,0,0,,192,28
Qwen2.5-3B,family-cool_stuck_closed,all internals + grounding,0.05,2227,1247,0.7923015236567763,0.4941147046410205,15.396952686447474,0,0,,192,28
Qwen2.5-3B,family-cool_stuck_closed,readings + change + all internals + grounding,0.1,2227,1247,0.7923015236567763,0.5524772169509012,100.0,0,0,,1247,259
Qwen2.5-3B,family-cool_stuck_closed,readings + change + all internals + grounding,0.05,2227,1247,0.7923015236567763,0.5524772169509012,100.0,0,0,,1247,259
Qwen2.5-3B,family-cool_stuck_closed,readings + change + grounding,0.1,2227,1247,0.7923015236567763,0.6991660544292123,100.0,0,0,,1247,259
Qwen2.5-3B,family-cool_stuck_closed,readings + change + grounding,0.05,2227,1247,0.7923015236567763,0.6991660544292123,100.0,0,0,,1247,259
Qwen2.5-3B,family-cool_stuck_closed,readings + change + all internals,0.1,2227,1247,0.7923015236567763,0.5687633845528582,100.0,0,0,,1247,259
Qwen2.5-3B,family-cool_stuck_closed,readings + change + all internals,0.05,2227,1247,0.7923015236567763,0.5687633845528582,100.0,0,0,,1247,259
Qwen2.5-3B,family-outlet_block,plant readings only,0.1,2206,1222,0.5769230769230769,0.7572437823230037,4.3371522094926345,0,0,,53,6
Qwen2.5-3B,family-outlet_block,plant readings only,0.05,2206,1222,0.5769230769230769,0.7572437823230037,4.3371522094926345,0,0,,53,6
Qwen2.5-3B,family-outlet_block,plant readings + proposed change,0.1,2206,1222,0.5769230769230769,0.9137632550036353,30.687397708674304,0,0,,375,0
Qwen2.5-3B,family-outlet_block,plant readings + proposed change,0.05,2206,1222,0.5769230769230769,0.9137632550036353,30.687397708674304,0,0,,375,0
Qwen2.5-3B,family-outlet_block,token confidence,0.1,2206,1222,0.5769230769230769,0.5925813133599462,0.08183306055646482,0,0,,1,1
Qwen2.5-3B,family-outlet_block,token confidence,0.05,2206,1222,0.5769230769230769,0.5925813133599462,0.08183306055646482,0,0,,1,1
Qwen2.5-3B,family-outlet_block,attention by prompt region,0.1,2206,1222,0.5769230769230769,0.6517799086382156,0.0,0,0,,0,0
Qwen2.5-3B,family-outlet_block,attention by prompt region,0.05,2206,1222,0.5769230769230769,0.6517799086382156,0.0,0,0,,0,0
Qwen2.5-3B,family-outlet_block,region-based attention grounding,0.1,2206,1222,0.5769230769230769,0.6343882464298942,0.4091653027823241,0,0,,5,0
Qwen2.5-3B,family-outlet_block,region-based attention grounding,0.05,2206,1222,0.5769230769230769,0.6343882464298942,0.4091653027823241,0,0,,5,0
Qwen2.5-3B,family-outlet_block,hidden states,0.1,2206,1222,0.5769230769230769,0.6762939489965294,10.310965630114566,0,0,,126,5
Qwen2.5-3B,family-outlet_block,hidden states,0.05,2206,1222,0.5769230769230769,0.6762939489965294,10.310965630114566,0,0,,126,5
Qwen2.5-3B,family-outlet_block,all internals,0.1,2206,1222,0.5769230769230769,0.6896168566607679,9.165302782324058,0,0,,112,7
Qwen2.5-3B,family-outlet_block,all internals,0.05,2206,1222,0.5769230769230769,0.6896168566607679,9.165302782324058,0,0,,112,7
Qwen2.5-3B,family-outlet_block,all internals + grounding,0.1,2206,1222,0.5769230769230769,0.687240901546017,7.1194762684124395,0,0,,87,4
Qwen2.5-3B,family-outlet_block,all internals + grounding,0.05,2206,1222,0.5769230769230769,0.687240901546017,7.1194762684124395,0,0,,87,4
Qwen2.5-3B,family-outlet_block,readings + change + all internals + grounding,0.1,2206,1222,0.5769230769230769,0.8890407012634265,30.851063829787233,0,0,,377,14
Qwen2.5-3B,family-outlet_block,readings + change + all internals + grounding,0.05,2206,1222,0.5769230769230769,0.8890407012634265,30.851063829787233,0,0,,377,14
Qwen2.5-3B,family-outlet_block,readings + change + grounding,0.1,2206,1222,0.5769230769230769,0.9104709384473983,29.869067103109657,0,0,,365,1
Qwen2.5-3B,family-outlet_block,readings + change + grounding,0.05,2206,1222,0.5769230769230769,0.9104709384473983,29.869067103109657,0,0,,365,1
Qwen2.5-3B,family-outlet_block,readings + change + all internals,0.1,2206,1222,0.5769230769230769,0.8919873245812586,30.360065466448443,0,0,,371,12
Qwen2.5-3B,family-outlet_block,readings + change + all internals,0.05,2206,1222,0.5769230769230769,0.8919873245812586,30.360065466448443,0,0,,371,12
Qwen2.5-3B,control,plant readings only,0.1,1475,2473,0.6971289931257582,0.736394852843234,12.535382126971289,0,0,,310,28
Qwen2.5-3B,control,plant readings only,0.05,1475,2473,0.6971289931257582,0.736394852843234,12.535382126971289,0,0,,310,28
Qwen2.5-3B,control,plant readings + proposed change,0.1,1475,2473,0.6971289931257582,0.8696034000477049,40.84108370400323,0,0,,1010,55
Qwen2.5-3B,control,plant readings + proposed change,0.05,1475,2473,0.6971289931257582,0.8696034000477049,40.84108370400323,0,0,,1010,55
Qwen2.5-3B,control,token confidence,0.1,1475,2473,0.6971289931257582,0.5682332824276142,0.0,0,0,,0,0
Qwen2.5-3B,control,token confidence,0.05,1475,2473,0.6971289931257582,0.5682332824276142,0.0,0,0,,0,0
Qwen2.5-3B,control,attention by prompt region,0.1,1475,2473,0.6971289931257582,0.6884360895734143,0.0,0,0,,0,0
Qwen2.5-3B,control,attention by prompt region,0.05,1475,2473,0.6971289931257582,0.6884360895734143,0.0,0,0,,0,0
Qwen2.5-3B,control,region-based attention grounding,0.1,1475,2473,0.6971289931257582,0.6457356908979954,4.650222401940962,0,0,,115,6
Qwen2.5-3B,control,region-based attention grounding,0.05,1475,2473,0.6971289931257582,0.6457356908979954,4.650222401940962,0,0,,115,6
Qwen2.5-3B,control,hidden states,0.1,1475,2473,0.6971289931257582,0.7128336622069953,25.111200970481196,0,0,,621,74
Qwen2.5-3B,control,hidden states,0.05,1475,2473,0.6971289931257582,0.7128336622069953,25.111200970481196,0,0,,621,74
Qwen2.5-3B,control,all internals,0.1,1475,2473,0.6971289931257582,0.7144986819239264,21.148402749696725,0,0,,523,52
Qwen2.5-3B,control,all internals,0.05,1475,2473,0.6971289931257582,0.7144986819239264,21.148402749696725,0,0,,523,52
Qwen2.5-3B,control,all internals + grounding,0.1,1475,2473,0.6971289931257582,0.7109115324686589,23.12980186008896,0,0,,572,65
Qwen2.5-3B,control,all internals + grounding,0.05,1475,2473,0.6971289931257582,0.7109115324686589,23.12980186008896,0,0,,572,65
Qwen2.5-3B,control,readings + change + all internals + grounding,0.1,1475,2473,0.6971289931257582,0.8435950176414647,44.48038819247877,145,15,0.10344827586206896,955,56
Qwen2.5-3B,control,readings + change + all internals + grounding,0.05,1475,2473,0.6971289931257582,0.8435950176414647,38.6170642943793,0,0,,955,56
Qwen2.5-3B,control,readings + change + grounding,0.1,1475,2473,0.6971289931257582,0.8612891434519034,38.13182369591589,0,0,,943,54
Qwen2.5-3B,control,readings + change + grounding,0.05,1475,2473,0.6971289931257582,0.8612891434519034,38.13182369591589,0,0,,943,54
Qwen2.5-3B,control,readings + change + all internals,0.1,1475,2473,0.6971289931257582,0.8506407615412972,47.35139506672058,138,16,0.11594202898550725,1033,67
Qwen2.5-3B,control,readings + change + all internals,0.05,1475,2473,0.6971289931257582,0.8506407615412972,41.77112818439143,0,0,,1033,67
Qwen2.5-7B (4-bit),feed,plant readings only,0.1,1490,2494,0.9558941459502807,0.5664276998169616,98.63672814755414,0,0,,2460,104
Qwen2.5-7B (4-bit),feed,plant readings only,0.05,1490,2494,0.9558941459502807,0.5664276998169616,98.63672814755414,0,0,,2460,104
Qwen2.5-7B (4-bit),feed,plant readings + proposed change,0.1,1490,2494,0.9558941459502807,0.6570622330689446,96.87249398556536,4,0,0.0,2412,73
Qwen2.5-7B (4-bit),feed,plant readings + proposed change,0.05,1490,2494,0.9558941459502807,0.6570622330689446,96.79230152365677,2,0,0.0,2412,73
Qwen2.5-7B (4-bit),feed,token confidence,0.1,1490,2494,0.9558941459502807,0.46920378279438685,5.132317562149158,0,0,,128,1
Qwen2.5-7B (4-bit),feed,token confidence,0.05,1490,2494,0.9558941459502807,0.46920378279438685,5.132317562149158,0,0,,128,1
Qwen2.5-7B (4-bit),feed,attention by prompt region,0.1,1490,2494,0.9558941459502807,0.5551555826723613,59.14194065757818,0,0,,1475,65
Qwen2.5-7B (4-bit),feed,attention by prompt region,0.05,1490,2494,0.9558941459502807,0.5551555826723613,59.14194065757818,0,0,,1475,65
Qwen2.5-7B (4-bit),feed,region-based attention grounding,0.1,1490,2494,0.9558941459502807,0.5628813300793166,35.80593424218124,0,0,,893,26
Qwen2.5-7B (4-bit),feed,region-based attention grounding,0.05,1490,2494,0.9558941459502807,0.5628813300793166,35.80593424218124,0,0,,893,26
Qwen2.5-7B (4-bit),feed,hidden states,0.1,1490,2494,0.9558941459502807,0.5278104026845638,58.34001603849238,0,0,,1455,65
Qwen2.5-7B (4-bit),feed,hidden states,0.05,1490,2494,0.9558941459502807,0.5278104026845638,58.34001603849238,0,0,,1455,65
Qwen2.5-7B (4-bit),feed,all internals,0.1,1490,2494,0.9558941459502807,0.5221552776082978,56.41539695268645,0,0,,1407,62
Qwen2.5-7B (4-bit),feed,all internals,0.05,1490,2494,0.9558941459502807,0.5221552776082978,56.41539695268645,0,0,,1407,62
Qwen2.5-7B (4-bit),feed,all internals + grounding,0.1,1490,2494,0.9558941459502807,0.5097887431360586,53.04731355252606,0,0,,1323,57
Qwen2.5-7B (4-bit),feed,all internals + grounding,0.05,1490,2494,0.9558941459502807,0.5097887431360586,53.04731355252606,0,0,,1323,57
Qwen2.5-7B (4-bit),feed,readings + change + all internals + grounding,0.1,1490,2494,0.9558941459502807,0.6479446308724832,94.50681635926223,3,1,0.3333333333333333,2354,70
Qwen2.5-7B (4-bit),feed,readings + change + all internals + grounding,0.05,1490,2494,0.9558941459502807,0.6479446308724832,94.38652766639936,0,0,,2354,70
Qwen2.5-7B (4-bit),feed,readings + change + grounding,0.1,1490,2494,0.9558941459502807,0.6487111043319098,96.99278267842823,4,0,0.0,2415,74
Qwen2.5-7B (4-bit),feed,readings + change + grounding,0.05,1490,2494,0.9558941459502807,0.6487111043319098,96.95268644747394,3,0,0.0,2415,74
Qwen2.5-7B (4-bit),feed,readings + change + all internals,0.1,1490,2494,0.9558941459502807,0.6454869585112875,95.22854851643946,2,0,0.0,2373,70
Qwen2.5-7B (4-bit),feed,readings + change + all internals,0.05,1490,2494,0.9558941459502807,0.6454869585112875,95.14835605453086,0,0,,2373,70
Qwen2.5-7B (4-bit),cooling,plant readings only,0.1,1520,2492,0.7732744783306581,0.8838159181817764,65.40930979133226,0,0,,1630,82
Qwen2.5-7B (4-bit),cooling,plant readings only,0.05,1520,2492,0.7732744783306581,0.8838159181817764,65.40930979133226,0,0,,1630,82
Qwen2.5-7B (4-bit),cooling,plant readings + proposed change,0.1,1520,2492,0.7732744783306581,0.9241096481761278,85.95505617977528,337,18,0.05341246290801187,1805,100
Qwen2.5-7B (4-bit),cooling,plant readings + proposed change,0.05,1520,2492,0.7732744783306581,0.9241096481761278,84.87158908507223,310,11,0.035483870967741936,1805,100
Qwen2.5-7B (4-bit),cooling,token confidence,0.1,1520,2492,0.7732744783306581,0.6552355672304605,23.274478330658106,0,0,,580,50
Qwen2.5-7B (4-bit),cooling,token confidence,0.05,1520,2492,0.7732744783306581,0.6552355672304605,23.274478330658106,0,0,,580,50
Qwen2.5-7B (4-bit),cooling,attention by prompt region,0.1,1520,2492,0.7732744783306581,0.7420402202515717,45.987158908507226,0,0,,1146,77
Qwen2.5-7B (4-bit),cooling,attention by prompt region,0.05,1520,2492,0.7732744783306581,0.7420402202515717,45.987158908507226,0,0,,1146,77
Qwen2.5-7B (4-bit),cooling,region-based attention grounding,0.1,1520,2492,0.7732744783306581,0.7483382395488425,41.53290529695024,0,0,,1035,63
Qwen2.5-7B (4-bit),cooling,region-based attention grounding,0.05,1520,2492,0.7732744783306581,0.7483382395488425,41.53290529695024,0,0,,1035,63
Qwen2.5-7B (4-bit),cooling,hidden states,0.1,1520,2492,0.7732744783306581,0.7646697374524112,46.18780096308186,0,0,,1151,79
Qwen2.5-7B (4-bit),cooling,hidden states,0.05,1520,2492,0.7732744783306581,0.7646697374524112,46.18780096308186,0,0,,1151,79
Qwen2.5-7B (4-bit),cooling,all internals,0.1,1520,2492,0.7732744783306581,0.7703863587308439,47.91332263242376,0,0,,1194,82
Qwen2.5-7B (4-bit),cooling,all internals,0.05,1520,2492,0.7732744783306581,0.7703863587308439,47.91332263242376,0,0,,1194,82
Qwen2.5-7B (4-bit),cooling,all internals + grounding,0.1,1520,2492,0.7732744783306581,0.7641186492828965,47.71268057784911,0,0,,1189,89
Qwen2.5-7B (4-bit),cooling,all internals + grounding,0.05,1520,2492,0.7732744783306581,0.7641186492828965,47.71268057784911,0,0,,1189,89
Qwen2.5-7B (4-bit),cooling,readings + change + all internals + grounding,0.1,1520,2492,0.7732744783306581,0.904090451938223,74.67897271268058,151,6,0.039735099337748346,1710,98
Qwen2.5-7B (4-bit),cooling,readings + change + all internals + grounding,0.05,1520,2492,0.7732744783306581,0.904090451938223,68.61958266452648,0,0,,1710,98
Qwen2.5-7B (4-bit),cooling,readings + change + grounding,0.1,1520,2492,0.7732744783306581,0.9224067857323273,86.15569823434993,323,16,0.04953560371517028,1824,106
Qwen2.5-7B (4-bit),cooling,readings + change + grounding,0.05,1520,2492,0.7732744783306581,0.9224067857323273,81.42054574638844,205,4,0.01951219512195122,1824,106
Qwen2.5-7B (4-bit),cooling,readings + change + all internals,0.1,1520,2492,0.7732744783306581,0.9088050112284214,77.08667736757624,172,10,0.05813953488372093,1749,101
Qwen2.5-7B (4-bit),cooling,readings + change + all internals,0.05,1520,2492,0.7732744783306581,0.9088050112284214,70.18459069020867,0,0,,1749,101
Qwen2.5-7B (4-bit),family-fouling,plant readings only,0.1,2305,1249,0.978382706164932,0.5476753349093774,100.0,0,0,,1249,27
Qwen2.5-7B (4-bit),family-fouling,plant readings only,0.05,2305,1249,0.978382706164932,0.5476753349093774,100.0,0,0,,1249,27
Qwen2.5-7B (4-bit),family-fouling,plant readings + proposed change,0.1,2305,1249,0.978382706164932,0.6788810086682427,100.0,0,0,,1249,27
Qwen2.5-7B (4-bit),family-fouling,plant readings + proposed change,0.05,2305,1249,0.978382706164932,0.6788810086682427,100.0,0,0,,1249,27
Qwen2.5-7B (4-bit),family-fouling,token confidence,0.1,2305,1249,0.978382706164932,0.49333212099169554,21.45716573258607,0,0,,268,5
Qwen2.5-7B (4-bit),family-fouling,token confidence,0.05,2305,1249,0.978382706164932,0.49333212099169554,21.45716573258607,0,0,,268,5
Qwen2.5-7B (4-bit),family-fouling,attention by prompt region,0.1,2305,1249,0.978382706164932,0.45653755228223314,0.0,0,0,,0,0
Qwen2.5-7B (4-bit),family-fouling,attention by prompt region,0.05,2305,1249,0.978382706164932,0.45653755228223314,0.0,0,0,,0,0
Qwen2.5-7B (4-bit),family-fouling,region-based attention grounding,0.1,2305,1249,0.978382706164932,0.7704734194095897,21.697357886309046,0,0,,271,0
Qwen2.5-7B (4-bit),family-fouling,region-based attention grounding,0.05,2305,1249,0.978382706164932,0.7704734194095897,21.697357886309046,0,0,,271,0
Qwen2.5-7B (4-bit),family-fouling,hidden states,0.1,2305,1249,0.978382706164932,0.34206219312602293,0.0,0,0,,0,0
Qwen2.5-7B (4-bit),family-fouling,hidden states,0.05,2305,1249,0.978382706164932,0.34206219312602293,0.0,0,0,,0,0
Qwen2.5-7B (4-bit),family-fouling,all internals,0.1,2305,1249,0.978382706164932,0.34536582408922833,5.204163330664532,0,0,,65,2
Qwen2.5-7B (4-bit),family-fouling,all internals,0.05,2305,1249,0.978382706164932,0.34536582408922833,5.204163330664532,0,0,,65,2
Qwen2.5-7B (4-bit),family-fouling,all internals + grounding,0.1,2305,1249,0.978382706164932,0.4187124931805783,26.901521216973578,0,0,,336,11
Qwen2.5-7B (4-bit),family-fouling,all internals + grounding,0.05,2305,1249,0.978382706164932,0.4187124931805783,26.901521216973578,0,0,,336,11
Qwen2.5-7B (4-bit),family-fouling,readings + change + all internals + grounding,0.1,2305,1249,0.978382706164932,0.5149724192277384,100.0,0,0,,1249,27
Qwen2.5-7B (4-bit),family-fouling,readings + change + all internals + grounding,0.05,2305,1249,0.978382706164932,0.5149724192277384,100.0,0,0,,1249,27
Qwen2.5-7B (4-bit),family-fouling,readings + change + grounding,0.1,2305,1249,0.978382706164932,0.6344789961811237,100.0,0,0,,1249,27
Qwen2.5-7B (4-bit),family-fouling,readings + change + grounding,0.05,2305,1249,0.978382706164932,0.6344789961811237,100.0,0,0,,1249,27
Qwen2.5-7B (4-bit),family-fouling,readings + change + all internals,0.1,2305,1249,0.978382706164932,0.49651451779111355,100.0,0,0,,1249,27
Qwen2.5-7B (4-bit),family-fouling,readings + change + all internals,0.05,2305,1249,0.978382706164932,0.49651451779111355,100.0,0,0,,1249,27
Qwen2.5-7B (4-bit),family-pump_degrade,plant readings only,0.1,2261,1241,0.6631748589846898,0.8963966582755354,63.094278807413374,222,27,0.12162162162162163,561,27
Qwen2.5-7B (4-bit),family-pump_degrade,plant readings only,0.05,2261,1241,0.6631748589846898,0.8963966582755354,45.20547945205479,0,0,,561,27
Qwen2.5-7B (4-bit),family-pump_degrade,plant readings + proposed change,0.1,2261,1241,0.6631748589846898,0.9398919811403024,87.18775181305399,333,37,0.1111111111111111,749,65
Qwen2.5-7B (4-bit),family-pump_degrade,plant readings + proposed change,0.05,2261,1241,0.6631748589846898,0.9398919811403024,84.20628525382756,296,22,0.07432432432432433,749,65
Qwen2.5-7B (4-bit),family-pump_degrade,token confidence,0.1,2261,1241,0.6631748589846898,0.5600062788142344,6.365834004834811,0,0,,79,20
Qwen2.5-7B (4-bit),family-pump_degrade,token confidence,0.05,2261,1241,0.6631748589846898,0.5600062788142344,6.365834004834811,0,0,,79,20
Qwen2.5-7B (4-bit),family-pump_degrade,attention by prompt region,0.1,2261,1241,0.6631748589846898,0.5784938985041306,11.522965350523771,0,0,,143,38
Qwen2.5-7B (4-bit),family-pump_degrade,attention by prompt region,0.05,2261,1241,0.6631748589846898,0.5784938985041306,11.522965350523771,0,0,,143,38
Qwen2.5-7B (4-bit),family-pump_degrade,region-based attention grounding,0.1,2261,1241,0.6631748589846898,0.574348718366113,15.71313456889605,0,0,,195,54
Qwen2.5-7B (4-bit),family-pump_degrade,region-based attention grounding,0.05,2261,1241,0.6631748589846898,0.574348718366113,15.71313456889605,0,0,,195,54
Qwen2.5-7B (4-bit),family-pump_degrade,hidden states,0.1,2261,1241,0.6631748589846898,0.6198817489985873,11.03948428686543,0,0,,137,30
Qwen2.5-7B (4-bit),family-pump_degrade,hidden states,0.05,2261,1241,0.6631748589846898,0.6198817489985873,11.03948428686543,0,0,,137,30
Qwen2.5-7B (4-bit),family-pump_degrade,all internals,0.1,2261,1241,0.6631748589846898,0.6559413279692106,20.1450443190975,0,0,,250,46
Qwen2.5-7B (4-bit),family-pump_degrade,all internals,0.05,2261,1241,0.6631748589846898,0.6559413279692106,20.1450443190975,0,0,,250,46
Qwen2.5-7B (4-bit),family-pump_degrade,all internals + grounding,0.1,2261,1241,0.6631748589846898,0.6700948217223718,18.291700241740532,0,0,,227,39
Qwen2.5-7B (4-bit),family-pump_degrade,all internals + grounding,0.05,2261,1241,0.6631748589846898,0.6700948217223718,18.291700241740532,0,0,,227,39
Qwen2.5-7B (4-bit),family-pump_degrade,readings + change + all internals + grounding,0.1,2261,1241,0.6631748589846898,0.9155150662473038,72.6027397260274,230,19,0.08260869565217391,671,49
Qwen2.5-7B (4-bit),family-pump_degrade,readings + change + all internals + grounding,0.05,2261,1241,0.6631748589846898,0.9155150662473038,54.0692989524577,0,0,,671,49
Qwen2.5-7B (4-bit),family-pump_degrade,readings + change + grounding,0.1,2261,1241,0.6631748589846898,0.9342207003203358,83.883964544722,326,34,0.10429447852760736,715,54
Qwen2.5-7B (4-bit),family-pump_degrade,readings + change + grounding,0.05,2261,1241,0.6631748589846898,0.9342207003203358,80.82191780821918,288,25,0.08680555555555555,715,54
Qwen2.5-7B (4-bit),family-pump_degrade,readings + change + all internals,0.1,2261,1241,0.6631748589846898,0.9171341863993907,69.78243352135375,197,16,0.08121827411167512,669,46
Qwen2.5-7B (4-bit),family-pump_degrade,readings + change + all internals,0.05,2261,1241,0.6631748589846898,0.9171341863993907,64.94762288477035,137,8,0.058394160583941604,669,46
Qwen2.5-7B (4-bit),family-cool_stuck_closed,plant readings only,0.1,2249,1250,0.9256,0.5525088056802445,100.0,0,0,,1250,93
Qwen2.5-7B (4-bit),family-cool_stuck_closed,plant readings only,0.05,2249,1250,0.9256,0.5525088056802445,100.0,0,0,,1250,93
Qwen2.5-7B (4-bit),family-cool_stuck_closed,plant readings + proposed change,0.1,2249,1250,0.9256,0.5188334680904453,100.0,0,0,,1250,93
Qwen2.5-7B (4-bit),family-cool_stuck_closed,plant readings + proposed change,0.05,2249,1250,0.9256,0.5188334680904453,100.0,0,0,,1250,93
Qwen2.5-7B (4-bit),family-cool_stuck_closed,token confidence,0.1,2249,1250,0.9256,0.5506454400981403,27.52,0,0,,344,19
Qwen2.5-7B (4-bit),family-cool_stuck_closed,token confidence,0.05,2249,1250,0.9256,0.5506454400981403,27.52,0,0,,344,19
Qwen2.5-7B (4-bit),family-cool_stuck_closed,attention by prompt region,0.1,2249,1250,0.9256,0.5231085212962705,95.84,0,0,,1198,89
Qwen2.5-7B (4-bit),family-cool_stuck_closed,attention by prompt region,0.05,2249,1250,0.9256,0.5231085212962705,95.84,0,0,,1198,89
Qwen2.5-7B (4-bit),family-cool_stuck_closed,region-based attention grounding,0.1,2249,1250,0.9256,0.556175128483936,85.2,0,0,,1065,75
Qwen2.5-7B (4-bit),family-cool_stuck_closed,region-based attention grounding,0.05,2249,1250,0.9256,0.556175128483936,85.2,0,0,,1065,75
Qwen2.5-7B (4-bit),family-cool_stuck_closed,hidden states,0.1,2249,1250,0.9256,0.5049395451715133,65.36,0,0,,817,60
Qwen2.5-7B (4-bit),family-cool_stuck_closed,hidden states,0.05,2249,1250,0.9256,0.5049395451715133,65.36,0,0,,817,60
Qwen2.5-7B (4-bit),family-cool_stuck_closed,all internals,0.1,2249,1250,0.9256,0.5533405823365953,96.64,0,0,,1208,84
Qwen2.5-7B (4-bit),family-cool_stuck_closed,all internals,0.05,2249,1250,0.9256,0.5533405823365953,96.64,0,0,,1208,84
Qwen2.5-7B (4-bit),family-cool_stuck_closed,all internals + grounding,0.1,2249,1250,0.9256,0.5354690012174608,97.28,0,0,,1216,86
Qwen2.5-7B (4-bit),family-cool_stuck_closed,all internals + grounding,0.05,2249,1250,0.9256,0.5354690012174608,97.28,0,0,,1216,86
Qwen2.5-7B (4-bit),family-cool_stuck_closed,readings + change + all internals + grounding,0.1,2249,1250,0.9256,0.4995678478824546,100.0,0,0,,1250,93
Qwen2.5-7B (4-bit),family-cool_stuck_closed,readings + change + all internals + grounding,0.05,2249,1250,0.9256,0.4995678478824546,100.0,0,0,,1250,93
Qwen2.5-7B (4-bit),family-cool_stuck_closed,readings + change + grounding,0.1,2249,1250,0.9256,0.5048466092322562,100.0,0,0,,1250,93
Qwen2.5-7B (4-bit),family-cool_stuck_closed,readings + change + grounding,0.05,2249,1250,0.9256,0.5048466092322562,100.0,0,0,,1250,93
Qwen2.5-7B (4-bit),family-cool_stuck_closed,readings + change + all internals,0.1,2249,1250,0.9256,0.49870354364736386,100.0,0,0,,1250,93
Qwen2.5-7B (4-bit),family-cool_stuck_closed,readings + change + all internals,0.05,2249,1250,0.9256,0.49870354364736386,100.0,0,0,,1250,93
Qwen2.5-7B (4-bit),family-outlet_block,plant readings only,0.1,2221,1245,0.6016064257028112,0.8937023558292778,44.257028112449795,0,0,,551,46
Qwen2.5-7B (4-bit),family-outlet_block,plant readings only,0.05,2221,1245,0.6016064257028112,0.8937023558292778,44.257028112449795,0,0,,551,46
Qwen2.5-7B (4-bit),family-outlet_block,plant readings + proposed change,0.1,2221,1245,0.6016064257028112,0.9529345579051638,78.95582329317268,278,3,0.01079136690647482,705,64
Qwen2.5-7B (4-bit),family-outlet_block,plant readings + proposed change,0.05,2221,1245,0.6016064257028112,0.9529345579051638,56.62650602409639,0,0,,705,64
Qwen2.5-7B (4-bit),family-outlet_block,token confidence,0.1,2221,1245,0.6016064257028112,0.5475957190232137,6.425702811244979,0,0,,80,25
Qwen2.5-7B (4-bit),family-outlet_block,token confidence,0.05,2221,1245,0.6016064257028112,0.5475957190232137,6.425702811244979,0,0,,80,25
Qwen2.5-7B (4-bit),family-outlet_block,attention by prompt region,0.1,2221,1245,0.6016064257028112,0.5584812007407727,2.570281124497992,0,0,,32,13
Qwen2.5-7B (4-bit),family-outlet_block,attention by prompt region,0.05,2221,1245,0.6016064257028112,0.5584812007407727,2.570281124497992,0,0,,32,13
Qwen2.5-7B (4-bit),family-outlet_block,region-based attention grounding,0.1,2221,1245,0.6016064257028112,0.5800825832292519,2.8112449799196786,0,0,,35,9
Qwen2.5-7B (4-bit),family-outlet_block,region-based attention grounding,0.05,2221,1245,0.6016064257028112,0.5800825832292519,2.8112449799196786,0,0,,35,9
Qwen2.5-7B (4-bit),family-outlet_block,hidden states,0.1,2221,1245,0.6016064257028112,0.6080230630087429,4.257028112449799,0,0,,53,20
Qwen2.5-7B (4-bit),family-outlet_block,hidden states,0.05,2221,1245,0.6016064257028112,0.6080230630087429,4.257028112449799,0,0,,53,20
Qwen2.5-7B (4-bit),family-outlet_block,all internals,0.1,2221,1245,0.6016064257028112,0.6347522503122444,8.353413654618475,0,0,,104,31
Qwen2.5-7B (4-bit),family-outlet_block,all internals,0.05,2221,1245,0.6016064257028112,0.6347522503122444,8.353413654618475,0,0,,104,31
Qwen2.5-7B (4-bit),family-outlet_block,all internals + grounding,0.1,2221,1245,0.6016064257028112,0.6493389034842154,9.959839357429718,0,0,,124,29
Qwen2.5-7B (4-bit),family-outlet_block,all internals + grounding,0.05,2221,1245,0.6016064257028112,0.6493389034842154,9.959839357429718,0,0,,124,29
Qwen2.5-7B (4-bit),family-outlet_block,readings + change + all internals + grounding,0.1,2221,1245,0.6016064257028112,0.9100198113613851,49.47791164658635,0,0,,616,56
Qwen2.5-7B (4-bit),family-outlet_block,readings + change + all internals + grounding,0.05,2221,1245,0.6016064257028112,0.9100198113613851,49.47791164658635,0,0,,616,56
Qwen2.5-7B (4-bit),family-outlet_block,readings + change + grounding,0.1,2221,1245,0.6016064257028112,0.945424544554029,77.83132530120483,274,4,0.014598540145985401,695,66
Qwen2.5-7B (4-bit),family-outlet_block,readings + change + grounding,0.05,2221,1245,0.6016064257028112,0.945424544554029,55.82329317269076,0,0,,695,66
Qwen2.5-7B (4-bit),family-outlet_block,readings + change + all internals,0.1,2221,1245,0.6016064257028112,0.9165177225548042,53.092369477911646,0,0,,661,72
Qwen2.5-7B (4-bit),family-outlet_block,readings + change + all internals,0.05,2221,1245,0.6016064257028112,0.9165177225548042,53.092369477911646,0,0,,661,72
Qwen2.5-7B (4-bit),control,plant readings only,0.1,1485,2494,0.7923015236567763,0.8952145827145827,77.2253408179631,212,21,0.09905660377358491,1714,78
Qwen2.5-7B (4-bit),control,plant readings only,0.05,1485,2494,0.7923015236567763,0.8952145827145827,68.72493985565356,0,0,,1714,78
Qwen2.5-7B (4-bit),control,plant readings + proposed change,0.1,1485,2494,0.7923015236567763,0.9344225298172668,84.3624699278268,303,12,0.039603960396039604,1801,67
Qwen2.5-7B (4-bit),control,plant readings + proposed change,0.05,1485,2494,0.7923015236567763,0.9344225298172668,72.21331194867683,0,0,,1801,67
Qwen2.5-7B (4-bit),control,token confidence,0.1,1485,2494,0.7923015236567763,0.6784043659043659,15.11627906976744,0,0,,377,21
Qwen2.5-7B (4-bit),control,token confidence,0.05,1485,2494,0.7923015236567763,0.6784043659043659,15.11627906976744,0,0,,377,21
Qwen2.5-7B (4-bit),control,attention by prompt region,0.1,1485,2494,0.7923015236567763,0.7750154361996469,45.8700882117081,0,0,,1144,55
Qwen2.5-7B (4-bit),control,attention by prompt region,0.05,1485,2494,0.7923015236567763,0.7750154361996469,45.8700882117081,0,0,,1144,55
Qwen2.5-7B (4-bit),control,region-based attention grounding,0.1,1485,2494,0.7923015236567763,0.75416288903131,40.01603849238172,0,0,,998,45
Qwen2.5-7B (4-bit),control,region-based attention grounding,0.05,1485,2494,0.7923015236567763,0.75416288903131,40.01603849238172,0,0,,998,45
Qwen2.5-7B (4-bit),control,hidden states,0.1,1485,2494,0.7923015236567763,0.7860044471886578,41.218925421010425,0,0,,1028,43
Qwen2.5-7B (4-bit),control,hidden states,0.05,1485,2494,0.7923015236567763,0.7860044471886578,41.218925421010425,0,0,,1028,43
Qwen2.5-7B (4-bit),control,all internals,0.1,1485,2494,0.7923015236567763,0.8031112735060103,42.502004811547714,0,0,,1060,49
Qwen2.5-7B (4-bit),control,all internals,0.05,1485,2494,0.7923015236567763,0.8031112735060103,42.502004811547714,0,0,,1060,49
Qwen2.5-7B (4-bit),control,all internals + grounding,0.1,1485,2494,0.7923015236567763,0.7985839729260783,43.74498797113071,0,0,,1091,53
Qwen2.5-7B (4-bit),control,all internals + grounding,0.05,1485,2494,0.7923015236567763,0.7985839729260783,43.74498797113071,0,0,,1091,53
Qwen2.5-7B (4-bit),control,readings + change + all internals + grounding,0.1,1485,2494,0.7923015236567763,0.919848021821706,65.23656776263032,0,0,,1627,54
Qwen2.5-7B (4-bit),control,readings + change + all internals + grounding,0.05,1485,2494,0.7923015236567763,0.919848021821706,65.23656776263032,0,0,,1627,54
Qwen2.5-7B (4-bit),control,readings + change + grounding,0.1,1485,2494,0.7923015236567763,0.9287209056945898,84.80352846832398,281,13,0.046263345195729534,1834,89
Qwen2.5-7B (4-bit),control,readings + change + grounding,0.05,1485,2494,0.7923015236567763,0.9287209056945898,73.5364875701684,0,0,,1834,89
Qwen2.5-7B (4-bit),control,readings + change + all internals,0.1,1485,2494,0.7923015236567763,0.9230524987103934,65.95829991980754,0,0,,1645,52
Qwen2.5-7B (4-bit),control,readings + change + all internals,0.05,1485,2494,0.7923015236567763,0.9230524987103934,65.95829991980754,0,0,,1645,52
Llama-3.2-3B,feed,plant readings only,0.1,1407,2404,0.8452579034941764,0.6150503238506477,0.49916805324459235,0,0,,12,1
Llama-3.2-3B,feed,plant readings only,0.05,1407,2404,0.8452579034941764,0.6150503238506477,0.49916805324459235,0,0,,12,1
Llama-3.2-3B,feed,plant readings + proposed change,0.1,1407,2404,0.8452579034941764,0.8606370650241301,81.90515806988353,0,0,,1969,131
Llama-3.2-3B,feed,plant readings + proposed change,0.05,1407,2404,0.8452579034941764,0.8606370650241301,81.90515806988353,0,0,,1969,131
Llama-3.2-3B,feed,token confidence,0.1,1407,2404,0.8452579034941764,0.5699533274066548,26.830282861896837,0,0,,645,35
Llama-3.2-3B,feed,token confidence,0.05,1407,2404,0.8452579034941764,0.5699533274066548,26.830282861896837,0,0,,645,35
Llama-3.2-3B,feed,attention by prompt region,0.1,1407,2404,0.8452579034941764,0.8051154643975955,51.78868552412646,0,0,,1245,51
Llama-3.2-3B,feed,attention by prompt region,0.05,1407,2404,0.8452579034941764,0.8051154643975955,51.78868552412646,0,0,,1245,51
Llama-3.2-3B,feed,region-based attention grounding,0.1,1407,2404,0.8452579034941764,0.6725854076708153,35.27454242928453,0,0,,848,47
Llama-3.2-3B,feed,region-based attention grounding,0.05,1407,2404,0.8452579034941764,0.6725854076708153,35.27454242928453,0,0,,848,47
Llama-3.2-3B,feed,hidden states,0.1,1407,2404,0.8452579034941764,0.8118544153754973,53.45257903494176,0,0,,1285,60
Llama-3.2-3B,feed,hidden states,0.05,1407,2404,0.8452579034941764,0.8118544153754973,53.45257903494176,0,0,,1285,60
Llama-3.2-3B,feed,all internals,0.1,1407,2404,0.8452579034941764,0.8289213974261281,58.73544093178037,0,0,,1412,62
Llama-3.2-3B,feed,all internals,0.05,1407,2404,0.8452579034941764,0.8289213974261281,58.73544093178037,0,0,,1412,62
Llama-3.2-3B,feed,all internals + grounding,0.1,1407,2404,0.8452579034941764,0.8207735373804081,57.19633943427621,0,0,,1375,63
Llama-3.2-3B,feed,all internals + grounding,0.05,1407,2404,0.8452579034941764,0.8207735373804081,57.19633943427621,0,0,,1375,63
Llama-3.2-3B,feed,readings + change + all internals + grounding,0.1,1407,2404,0.8452579034941764,0.9020073977647955,84.77537437603993,0,0,,2038,160
Llama-3.2-3B,feed,readings + change + all internals + grounding,0.05,1407,2404,0.8452579034941764,0.9020073977647955,84.77537437603993,0,0,,2038,160
Llama-3.2-3B,feed,readings + change + grounding,0.1,1407,2404,0.8452579034941764,0.889025590551181,83.36106489184692,0,0,,2004,161
Llama-3.2-3B,feed,readings + change + grounding,0.05,1407,2404,0.8452579034941764,0.889025590551181,83.36106489184692,0,0,,2004,161
Llama-3.2-3B,feed,readings + change + all internals,0.1,1407,2404,0.8452579034941764,0.9050805393277452,83.52745424292846,0,0,,2008,141
Llama-3.2-3B,feed,readings + change + all internals,0.05,1407,2404,0.8452579034941764,0.9050805393277452,83.52745424292846,0,0,,2008,141
Llama-3.2-3B,cooling,plant readings only,0.1,1452,2368,0.8315033783783784,0.6798306074989403,20.7347972972973,0,0,,491,32
Llama-3.2-3B,cooling,plant readings only,0.05,1452,2368,0.8315033783783784,0.6798306074989403,20.7347972972973,0,0,,491,32
Llama-3.2-3B,cooling,plant readings + proposed change,0.1,1452,2368,0.8315033783783784,0.9110803927034448,77.74493243243244,0,0,,1841,103
Llama-3.2-3B,cooling,plant readings + proposed change,0.05,1452,2368,0.8315033783783784,0.9110803927034448,77.74493243243244,0,0,,1841,103
Llama-3.2-3B,cooling,token confidence,0.1,1452,2368,0.8315033783783784,0.6632095729420047,34.670608108108105,0,0,,821,23
Llama-3.2-3B,cooling,token confidence,0.05,1452,2368,0.8315033783783784,0.6632095729420047,34.670608108108105,0,0,,821,23
Llama-3.2-3B,cooling,attention by prompt region,0.1,1452,2368,0.8315033783783784,0.8261741199112561,59.45945945945946,0,0,,1408,75
Llama-3.2-3B,cooling,attention by prompt region,0.05,1452,2368,0.8315033783783784,0.8261741199112561,59.45945945945946,0,0,,1408,75
Llama-3.2-3B,cooling,region-based attention grounding,0.1,1452,2368,0.8315033783783784,0.7388990505720878,46.70608108108108,0,0,,1106,56
Llama-3.2-3B,cooling,region-based attention grounding,0.05,1452,2368,0.8315033783783784,0.7388990505720878,46.70608108108108,0,0,,1106,56
Llama-3.2-3B,cooling,hidden states,0.1,1452,2368,0.8315033783783784,0.8561372960079222,64.73817567567568,0,0,,1533,78
Llama-3.2-3B,cooling,hidden states,0.05,1452,2368,0.8315033783783784,0.8561372960079222,64.73817567567568,0,0,,1533,78
Llama-3.2-3B,cooling,all internals,0.1,1452,2368,0.8315033783783784,0.8588192166551473,71.11486486486487,0,0,,1684,104
Llama-3.2-3B,cooling,all internals,0.05,1452,2368,0.8315033783783784,0.8588192166551473,71.11486486486487,0,0,,1684,104
Llama-3.2-3B,cooling,all internals + grounding,0.1,1452,2368,0.8315033783783784,0.8584119007523888,71.1570945945946,0,0,,1685,108
Llama-3.2-3B,cooling,all internals + grounding,0.05,1452,2368,0.8315033783783784,0.8584119007523888,71.1570945945946,0,0,,1685,108
Llama-3.2-3B,cooling,readings + change + all internals + grounding,0.1,1452,2368,0.8315033783783784,0.933168370392716,81.25,0,0,,1924,110
Llama-3.2-3B,cooling,readings + change + all internals + grounding,0.05,1452,2368,0.8315033783783784,0.933168370392716,81.25,0,0,,1924,110
Llama-3.2-3B,cooling,readings + change + grounding,0.1,1452,2368,0.8315033783783784,0.9254828284525431,80.70101351351352,0,0,,1911,118
Llama-3.2-3B,cooling,readings + change + grounding,0.05,1452,2368,0.8315033783783784,0.9254828284525431,80.70101351351352,0,0,,1911,118
Llama-3.2-3B,cooling,readings + change + all internals,0.1,1452,2368,0.8315033783783784,0.9332294677781299,82.89695945945947,0,0,,1963,128
Llama-3.2-3B,cooling,readings + change + all internals,0.05,1452,2368,0.8315033783783784,0.9332294677781299,82.89695945945947,0,0,,1963,128
Llama-3.2-3B,family-fouling,plant readings only,0.1,2173,1221,0.8427518427518428,0.42424380466472306,0.0,0,0,,0,0
Llama-3.2-3B,family-fouling,plant readings only,0.05,2173,1221,0.8427518427518428,0.42424380466472306,0.0,0,0,,0,0
Llama-3.2-3B,family-fouling,plant readings + proposed change,0.1,2173,1221,0.8427518427518428,0.48380810657596374,95.65929565929567,0,0,,1168,180
Llama-3.2-3B,family-fouling,plant readings + proposed change,0.05,2173,1221,0.8427518427518428,0.48380810657596374,95.65929565929567,0,0,,1168,180
Llama-3.2-3B,family-fouling,token confidence,0.1,2173,1221,0.8427518427518428,0.31028810333657275,8.19000819000819,0,0,,100,37
Llama-3.2-3B,family-fouling,token confidence,0.05,2173,1221,0.8427518427518428,0.31028810333657275,8.19000819000819,0,0,,100,37
Llama-3.2-3B,family-fouling,attention by prompt region,0.1,2173,1221,0.8427518427518428,0.6013676303854876,14.16871416871417,0,0,,173,22
Llama-3.2-3B,family-fouling,attention by prompt region,0.05,2173,1221,0.8427518427518428,0.6013676303854876,14.16871416871417,0,0,,173,22
Llama-3.2-3B,family-fouling,region-based attention grounding,0.1,2173,1221,0.8427518427518428,0.43096047942986715,24.733824733824733,0,0,,302,71
Llama-3.2-3B,family-fouling,region-based attention grounding,0.05,2173,1221,0.8427518427518428,0.43096047942986715,24.733824733824733,0,0,,302,71
Llama-3.2-3B,family-fouling,hidden states,0.1,2173,1221,0.8427518427518428,0.5921758584386135,8.108108108108109,0,0,,99,6
Llama-3.2-3B,family-fouling,hidden states,0.05,2173,1221,0.8427518427518428,0.5921758584386135,8.108108108108109,0,0,,99,6
Llama-3.2-3B,family-fouling,all internals,0.1,2173,1221,0.8427518427518428,0.4181345157110463,23.34152334152334,0,0,,285,60
Llama-3.2-3B,family-fouling,all internals,0.05,2173,1221,0.8427518427518428,0.4181345157110463,23.34152334152334,0,0,,285,60
Llama-3.2-3B,family-fouling,all internals + grounding,0.1,2173,1221,0.8427518427518428,0.39576247165532885,13.841113841113842,0,0,,169,45
Llama-3.2-3B,family-fouling,all internals + grounding,0.05,2173,1221,0.8427518427518428,0.39576247165532885,13.841113841113842,0,0,,169,45
Llama-3.2-3B,family-fouling,readings + change + all internals + grounding,0.1,2173,1221,0.8427518427518428,0.5874534337544541,75.83947583947584,0,0,,926,127
Llama-3.2-3B,family-fouling,readings + change + all internals + grounding,0.05,2173,1221,0.8427518427518428,0.5874534337544541,75.83947583947584,0,0,,926,127
Llama-3.2-3B,family-fouling,readings + change + grounding,0.1,2173,1221,0.8427518427518428,0.5156654923874312,97.13349713349714,0,0,,1186,182
Llama-3.2-3B,family-fouling,readings + change + grounding,0.05,2173,1221,0.8427518427518428,0.5156654923874312,97.13349713349714,0,0,,1186,182
Llama-3.2-3B,family-fouling,readings + change + all internals,0.1,2173,1221,0.8427518427518428,0.6035896501457727,79.85257985257985,0,0,,975,127
Llama-3.2-3B,family-fouling,readings + change + all internals,0.05,2173,1221,0.8427518427518428,0.6035896501457727,79.85257985257985,0,0,,975,127
Llama-3.2-3B,family-pump_degrade,plant readings only,0.1,2183,1165,0.8832618025751073,0.5723718058652032,47.467811158798284,0,0,,553,51
Llama-3.2-3B,family-pump_degrade,plant readings only,0.05,2183,1165,0.8832618025751073,0.5723718058652032,47.467811158798284,0,0,,553,51
Llama-3.2-3B,family-pump_degrade,plant readings + proposed change,0.1,2183,1165,0.8832618025751073,0.9475290116046418,83.86266094420601,0,0,,977,30
Llama-3.2-3B,family-pump_degrade,plant readings + proposed change,0.05,2183,1165,0.8832618025751073,0.9475290116046418,83.86266094420601,0,0,,977,30
Llama-3.2-3B,family-pump_degrade,token confidence,0.1,2183,1165,0.8832618025751073,0.7563025210084033,66.69527896995709,0,0,,777,35
Llama-3.2-3B,family-pump_degrade,token confidence,0.05,2183,1165,0.8832618025751073,0.7563025210084033,66.69527896995709,0,0,,777,35
Llama-3.2-3B,family-pump_degrade,attention by prompt region,0.1,2183,1165,0.8832618025751073,0.8080803750071457,67.8969957081545,0,0,,791,26
Llama-3.2-3B,family-pump_degrade,attention by prompt region,0.05,2183,1165,0.8832618025751073,0.8080803750071457,67.8969957081545,0,0,,791,26
Llama-3.2-3B,family-pump_degrade,region-based attention grounding,0.1,2183,1165,0.8832618025751073,0.8201494883667753,58.45493562231759,0,0,,681,15
Llama-3.2-3B,family-pump_degrade,region-based attention grounding,0.05,2183,1165,0.8832618025751073,0.8201494883667753,58.45493562231759,0,0,,681,15
Llama-3.2-3B,family-pump_degrade,hidden states,0.1,2183,1165,0.8832618025751073,0.878487109129366,71.75965665236052,0,0,,836,21
Llama-3.2-3B,family-pump_degrade,hidden states,0.05,2183,1165,0.8832618025751073,0.878487109129366,71.75965665236052,0,0,,836,21
Llama-3.2-3B,family-pump_degrade,all internals,0.1,2183,1165,0.8832618025751073,0.9046404275996112,72.27467811158799,0,0,,842,17
Llama-3.2-3B,family-pump_degrade,all internals,0.05,2183,1165,0.8832618025751073,0.9046404275996112,72.27467811158799,0,0,,842,17
Llama-3.2-3B,family-pump_degrade,all internals + grounding,0.1,2183,1165,0.8832618025751073,0.8989381466872464,75.10729613733905,0,0,,875,23
Llama-3.2-3B,family-pump_degrade,all internals + grounding,0.05,2183,1165,0.8832618025751073,0.8989381466872464,75.10729613733905,0,0,,875,23
Llama-3.2-3B,family-pump_degrade,readings + change + all internals + grounding,0.1,2183,1165,0.8832618025751073,0.9680872348939574,84.37768240343347,0,0,,983,24
Llama-3.2-3B,family-pump_degrade,readings + change + all internals + grounding,0.05,2183,1165,0.8832618025751073,0.9680872348939574,84.37768240343347,0,0,,983,24
Llama-3.2-3B,family-pump_degrade,readings + change + grounding,0.1,2183,1165,0.8832618025751073,0.954517521294232,83.86266094420601,0,0,,977,28
Llama-3.2-3B,family-pump_degrade,readings + change + grounding,0.05,2183,1165,0.8832618025751073,0.954517521294232,83.86266094420601,0,0,,977,28
Llama-3.2-3B,family-pump_degrade,readings + change + all internals,0.1,2183,1165,0.8832618025751073,0.9670653975876065,86.09442060085837,0,0,,1003,31
Llama-3.2-3B,family-pump_degrade,readings + change + all internals,0.05,2183,1165,0.8832618025751073,0.9670653975876065,86.09442060085837,0,0,,1003,31
Llama-3.2-3B,family-cool_stuck_closed,plant readings only,0.1,2133,1212,0.7112211221122112,0.5660192243950944,0.0,0,0,,0,0
Llama-3.2-3B,family-cool_stuck_closed,plant readings only,0.05,2133,1212,0.7112211221122112,0.5660192243950944,0.0,0,0,,0,0
Llama-3.2-3B,family-cool_stuck_closed,plant readings + proposed change,0.1,2133,1212,0.7112211221122112,0.8364401723566457,67.57425742574257,0,0,,819,109
Llama-3.2-3B,family-cool_stuck_closed,plant readings + proposed change,0.05,2133,1212,0.7112211221122112,0.8364401723566457,67.57425742574257,0,0,,819,109
Llama-3.2-3B,family-cool_stuck_closed,token confidence,0.1,2133,1212,0.7112211221122112,0.424487901889294,53.3003300330033,0,0,,646,217
Llama-3.2-3B,family-cool_stuck_closed,token confidence,0.05,2133,1212,0.7112211221122112,0.424487901889294,53.3003300330033,0,0,,646,217
Llama-3.2-3B,family-cool_stuck_closed,attention by prompt region,0.1,2133,1212,0.7112211221122112,0.5847464368578057,86.71617161716172,0,0,,1051,296
Llama-3.2-3B,family-cool_stuck_closed,attention by prompt region,0.05,2133,1212,0.7112211221122112,0.5847464368578057,86.71617161716172,0,0,,1051,296
Llama-3.2-3B,family-cool_stuck_closed,region-based attention grounding,0.1,2133,1212,0.7112211221122112,0.4820682797480941,85.39603960396039,0,0,,1035,299
Llama-3.2-3B,family-cool_stuck_closed,region-based attention grounding,0.05,2133,1212,0.7112211221122112,0.4820682797480941,85.39603960396039,0,0,,1035,299
Llama-3.2-3B,family-cool_stuck_closed,hidden states,0.1,2133,1212,0.7112211221122112,0.669115014915479,91.25412541254126,0,0,,1106,303
Llama-3.2-3B,family-cool_stuck_closed,hidden states,0.05,2133,1212,0.7112211221122112,0.669115014915479,91.25412541254126,0,0,,1106,303
Llama-3.2-3B,family-cool_stuck_closed,all internals,0.1,2133,1212,0.7112211221122112,0.6163937686443487,91.0891089108911,0,0,,1104,309
Llama-3.2-3B,family-cool_stuck_closed,all internals,0.05,2133,1212,0.7112211221122112,0.6163937686443487,91.0891089108911,0,0,,1104,309
Llama-3.2-3B,family-cool_stuck_closed,all internals + grounding,0.1,2133,1212,0.7112211221122112,0.6185482267152801,93.15181518151815,0,0,,1129,314
Llama-3.2-3B,family-cool_stuck_closed,all internals + grounding,0.05,2133,1212,0.7112211221122112,0.6185482267152801,93.15181518151815,0,0,,1129,314
Llama-3.2-3B,family-cool_stuck_closed,readings + change + all internals + grounding,0.1,2133,1212,0.7112211221122112,0.7647596950613191,83.4983498349835,0,0,,1012,228
Llama-3.2-3B,family-cool_stuck_closed,readings + change + all internals + grounding,0.05,2133,1212,0.7112211221122112,0.7647596950613191,83.4983498349835,0,0,,1012,228
Llama-3.2-3B,family-cool_stuck_closed,readings + change + grounding,0.1,2133,1212,0.7112211221122112,0.7484686774941995,79.62046204620462,0,0,,965,227
Llama-3.2-3B,family-cool_stuck_closed,readings + change + grounding,0.05,2133,1212,0.7112211221122112,0.7484686774941995,79.62046204620462,0,0,,965,227
Llama-3.2-3B,family-cool_stuck_closed,readings + change + all internals,0.1,2133,1212,0.7112211221122112,0.7528074245939675,78.38283828382838,0,0,,950,208
Llama-3.2-3B,family-cool_stuck_closed,readings + change + all internals,0.05,2133,1212,0.7112211221122112,0.7528074245939675,78.38283828382838,0,0,,950,208
Llama-3.2-3B,family-outlet_block,plant readings only,0.1,2128,1166,0.8910806174957119,0.621607693648496,0.0,0,0,,0,0
Llama-3.2-3B,family-outlet_block,plant readings only,0.05,2128,1166,0.8910806174957119,0.621607693648496,0.0,0,0,,0,0
Llama-3.2-3B,family-outlet_block,plant readings + proposed change,0.1,2128,1166,0.8910806174957119,0.9358256348851485,83.61921097770154,0,0,,975,31
Llama-3.2-3B,family-outlet_block,plant readings + proposed change,0.05,2128,1166,0.8910806174957119,0.9358256348851485,83.61921097770154,0,0,,975,31
Llama-3.2-3B,family-outlet_block,token confidence,0.1,2128,1166,0.8910806174957119,0.7851204595575698,50.25728987993139,0,0,,586,12
Llama-3.2-3B,family-outlet_block,token confidence,0.05,2128,1166,0.8910806174957119,0.7851204595575698,50.25728987993139,0,0,,586,12
Llama-3.2-3B,family-outlet_block,attention by prompt region,0.1,2128,1166,0.8910806174957119,0.821625881942813,64.6655231560892,0,0,,754,30
Llama-3.2-3B,family-outlet_block,attention by prompt region,0.05,2128,1166,0.8910806174957119,0.821625881942813,64.6655231560892,0,0,,754,30
Llama-3.2-3B,family-outlet_block,region-based attention grounding,0.1,2128,1166,0.8910806174957119,0.8079391904693337,51.45797598627787,0,0,,600,15
Llama-3.2-3B,family-outlet_block,region-based attention grounding,0.05,2128,1166,0.8910806174957119,0.8079391904693337,51.45797598627787,0,0,,600,15
Llama-3.2-3B,family-outlet_block,hidden states,0.1,2128,1166,0.8910806174957119,0.8874220366342562,65.78044596912521,0,0,,767,14
Llama-3.2-3B,family-outlet_block,hidden states,0.05,2128,1166,0.8910806174957119,0.8874220366342562,65.78044596912521,0,0,,767,14
Llama-3.2-3B,family-outlet_block,all internals,0.1,2128,1166,0.8910806174957119,0.8903321637249628,72.29845626072041,0,0,,843,19
Llama-3.2-3B,family-outlet_block,all internals,0.05,2128,1166,0.8910806174957119,0.8903321637249628,72.29845626072041,0,0,,843,19
Llama-3.2-3B,family-outlet_block,all internals + grounding,0.1,2128,1166,0.8910806174957119,0.8895743181284246,74.61406518010291,0,0,,870,20
Llama-3.2-3B,family-outlet_block,all internals + grounding,0.05,2128,1166,0.8910806174957119,0.8895743181284246,74.61406518010291,0,0,,870,20
Llama-3.2-3B,family-outlet_block,readings + change + all internals + grounding,0.1,2128,1166,0.8910806174957119,0.9578940986563398,87.56432246998284,0,0,,1021,37
Llama-3.2-3B,family-outlet_block,readings + change + all internals + grounding,0.05,2128,1166,0.8910806174957119,0.9578940986563398,87.56432246998284,0,0,,1021,37
Llama-3.2-3B,family-outlet_block,readings + change + grounding,0.1,2128,1166,0.8910806174957119,0.9455563723446985,85.3344768439108,0,0,,995,34
Llama-3.2-3B,family-outlet_block,readings + change + grounding,0.05,2128,1166,0.8910806174957119,0.9455563723446985,85.3344768439108,0,0,,995,34
Llama-3.2-3B,family-outlet_block,readings + change + all internals,0.1,2128,1166,0.8910806174957119,0.9578637848324782,85.84905660377359,0,0,,1001,28
Llama-3.2-3B,family-outlet_block,readings + change + all internals,0.05,2128,1166,0.8910806174957119,0.9578637848324782,85.84905660377359,0,0,,1001,28
Llama-3.2-3B,control,plant readings only,0.1,1428,2383,0.8325639949643306,0.6763632872503841,0.5035669324381032,0,0,,12,3
Llama-3.2-3B,control,plant readings only,0.05,1428,2383,0.8325639949643306,0.6763632872503841,0.5035669324381032,0,0,,12,3
Llama-3.2-3B,control,plant readings + proposed change,0.1,1428,2383,0.8325639949643306,0.8997556896272939,71.88417960553923,0,0,,1713,88
Llama-3.2-3B,control,plant readings + proposed change,0.05,1428,2383,0.8325639949643306,0.8997556896272939,71.88417960553923,0,0,,1713,88
Llama-3.2-3B,control,token confidence,0.1,1428,2383,0.8325639949643306,0.6286052833697147,26.52119177507344,0,0,,632,21
Llama-3.2-3B,control,token confidence,0.05,1428,2383,0.8325639949643306,0.6286052833697147,26.52119177507344,0,0,,632,21
Llama-3.2-3B,control,attention by prompt region,0.1,1428,2383,0.8325639949643306,0.7970644858113025,51.78346621905161,0,0,,1234,66
Llama-3.2-3B,control,attention by prompt region,0.05,1428,2383,0.8325639949643306,0.7970644858113025,51.78346621905161,0,0,,1234,66
Llama-3.2-3B,control,region-based attention grounding,0.1,1428,2383,0.8325639949643306,0.7051929218206807,38.313050776332354,0,0,,913,43
Llama-3.2-3B,control,region-based attention grounding,0.05,1428,2383,0.8325639949643306,0.7051929218206807,38.313050776332354,0,0,,913,43
Llama-3.2-3B,control,hidden states,0.1,1428,2383,0.8325639949643306,0.8380654256609266,66.47083508182962,0,0,,1584,99
Llama-3.2-3B,control,hidden states,0.05,1428,2383,0.8325639949643306,0.8380654256609266,66.47083508182962,0,0,,1584,99
Llama-3.2-3B,control,all internals,0.1,1428,2383,0.8325639949643306,0.8446304774031854,69.82794796475031,0,0,,1664,104
Llama-3.2-3B,control,all internals,0.05,1428,2383,0.8325639949643306,0.8446304774031854,69.82794796475031,0,0,,1664,104
Llama-3.2-3B,control,all internals + grounding,0.1,1428,2383,0.8325639949643306,0.8473186494461961,70.83508182962652,0,0,,1688,110
Llama-3.2-3B,control,all internals + grounding,0.05,1428,2383,0.8325639949643306,0.8473186494461961,70.83508182962652,0,0,,1688,110
Llama-3.2-3B,control,readings + change + all internals + grounding,0.1,1428,2383,0.8325639949643306,0.9236157429864986,79.22786403692824,0,0,,1888,112
Llama-3.2-3B,control,readings + change + all internals + grounding,0.05,1428,2383,0.8325639949643306,0.9236157429864986,79.22786403692824,0,0,,1888,112
Llama-3.2-3B,control,readings + change + grounding,0.1,1428,2383,0.8325639949643306,0.9066668687848654,76.33235417540915,0,0,,1819,103
Llama-3.2-3B,control,readings + change + grounding,0.05,1428,2383,0.8325639949643306,0.9066668687848654,76.33235417540915,0,0,,1819,103
Llama-3.2-3B,control,readings + change + all internals,0.1,1428,2383,0.8325639949643306,0.9235007882609749,80.52874527906,0,0,,1919,121
Llama-3.2-3B,control,readings + change + all internals,0.05,1428,2383,0.8325639949643306,0.9235007882609749,80.52874527906,0,0,,1919,121
