model,policy,n_eligible,prevalence,allow,verify,disallow,calls_saved,failures_let_through,allow_rate_ub,cert_0.05,cert_0.02,lost_valid,whatif_saved_pct_at_6.95s
Qwen/Qwen2.5-3B-Instruct,P1_all_internal,2994,0.5233800935203741,231,2156,607,0.2798931195724783,4,0.04806309284935084,True,False,68,26.788731894401813
Qwen/Qwen2.5-3B-Instruct,P2_attention_token,2994,0.5233800935203741,253,2210,531,0.2618570474281897,2,0.03171779779557765,True,False,49,25.12915633474915
Qwen/Qwen2.5-3B-Instruct,P3_agree_context_all_internal,2994,0.5233800935203741,399,1988,607,0.3360053440213761,23,0.08943897062176713,False,False,68,32.390827001176234
Qwen/Qwen2.5-3B-Instruct,P4_context_action_baseline,2994,0.5233800935203741,274,2224,496,0.2571810287241149,5,0.04593165657530578,True,False,46,25.708975534296123
meta-llama/Llama-3.2-3B-Instruct,P1_all_internal,2997,0.6279612946279612,129,1624,1244,0.4581247914581248,3,0.07354960067841868,False,False,147,44.7302900794453
meta-llama/Llama-3.2-3B-Instruct,P2_attention_token,2997,0.6279612946279612,118,1787,1092,0.4037370704037371,2,0.06707097102930731,False,False,124,39.489035240210406
meta-llama/Llama-3.2-3B-Instruct,P3_agree_context_all_internal,2997,0.6279612946279612,198,1555,1244,0.4811478144811478,10,0.09720381608176276,False,False,147,47.02320820881923
meta-llama/Llama-3.2-3B-Instruct,P4_context_action_baseline,2997,0.6279612946279612,198,1567,1232,0.4771438104771438,3,0.0483575311736464,True,False,132,47.70499687478601
Qwen/Qwen2.5-1.5B-Instruct,P1_all_internal,2959,0.6711726934775262,147,1672,1140,0.4349442379182156,1,0.042621635122814874,True,False,84,42.51569370152602
Qwen/Qwen2.5-1.5B-Instruct,P2_attention_token,2959,0.6711726934775262,141,1559,1259,0.4731328151402501,2,0.056368107070700814,False,False,97,46.46462480509957
Qwen/Qwen2.5-1.5B-Instruct,P3_agree_context_all_internal,2959,0.6711726934775262,161,1658,1140,0.4396755660696181,2,0.04949905983955917,True,False,84,42.97578335133707
Qwen/Qwen2.5-1.5B-Instruct,P4_context_action_baseline,2959,0.6711726934775262,194,1230,1535,0.5843190266982089,0,0.022334572510693033,True,False,153,58.41885950449171
HuggingFaceTB/SmolLM2-1.7B-Instruct,P1_all_internal,2935,0.8310051107325384,22,374,2539,0.872572402044293,3,0.37946881895336887,False,False,244,86.36269085535022
HuggingFaceTB/SmolLM2-1.7B-Instruct,P2_attention_token,2935,0.8310051107325384,8,390,2537,0.8671209540034072,1,0.5754500196169428,False,False,233,85.99521655492497
HuggingFaceTB/SmolLM2-1.7B-Instruct,P3_agree_context_all_internal,2935,0.8310051107325384,118,283,2534,0.9035775127768313,0,0.036454741232182675,True,False,239,89.44917890702695
HuggingFaceTB/SmolLM2-1.7B-Instruct,P4_context_action_baseline,2935,0.8310051107325384,125,286,2524,0.9025553662691652,0,0.034448861868842294,True,False,223,90.24151360533942
