model,policy,episodes,recovered_pct,unsafe_executions,validator_calls_per_ep,calls_avoided_pct,gen_s,internals_s,grounding_s,validator_s,measured_validator_s_per_call,compute_s_measured,saving_pct_measured,compute_s_30s,saving_pct_30s,compute_s_60s,saving_pct_60s,breakeven_validator_s
Qwen2.5-1.5B,Always validate,400,34.5,0,1.0525,0.0,37.006666118000865,0.0,0.0,10.470527212999441,10.544062390940425,48.10429178446566,0.0,68.58166611800087,0.0,100.15666611800086,0.0,
Qwen2.5-1.5B,Observables probe,400,33.0,12,0.3525,66.5083135391924,38.92877711824927,0.0,0.0,4.083278196999454,10.544062390940425,42.645559111055775,11.347704063221808,49.503777118249275,27.817768333196202,60.07877711824927,40.0151987412733,2.7458728574977243
Qwen2.5-1.5B,Obs. + internals + grounding probe,400,33.25,9,0.3825,63.657957244655584,39.86709930150144,0.5137143990009645,1.1868837742515461,4.320994326749787,10.544062390940425,45.600801339288665,5.204297480137617,53.04269747475395,22.657613211832352,64.51769747475394,35.583221791007304,6.807509487691171
Qwen2.5-1.5B,Internals-only probe,400,33.25,0,0.685,34.916864608076004,36.4872745710038,0.5048408627568278,1.158579906501982,7.424799833251455,10.544062390940425,45.3733780780568,5.67706872942832,58.70069534026261,14.407598031720553,79.25069534026261,20.873269436811736,3.113004686426512
Qwen2.5-1.5B,Random routing,400,33.75,186,0.425,59.61995249406176,28.598840118749795,0.0,0.0,4.251821207749745,10.544062390940425,33.080066634899474,31.232608551609452,41.34884011874979,39.708609517293695,54.09884011874979,45.985781859978694,-13.398925895220831
Qwen2.5-1.5B,Never validate,400,34.5,259,0.0,100.0,10.759987735000395,0.0,0.0,0.0,10.544062390940425,10.759987735000395,77.63195894617635,10.759987735000395,84.31069359486415,10.759987735000395,89.25684315178445,
Qwen2.5-3B,Always validate,400,43.75,0,2.45,0.0,55.052722284499104,0.0,0.0,20.12619324500054,8.139282831642548,74.99396522202335,0.0,128.5527222844991,0.0,202.0527222844991,0.0,
Qwen2.5-3B,Observables probe,400,41.0,0,1.3025,46.83673469387756,62.96061691225281,0.0,0.0,10.357388253249956,8.139282831642548,73.56203280046722,1.909396865890235,102.0356169122528,20.62741644129596,141.11061691225282,30.161486904609543,6.891411440308239
Qwen2.5-3B,Obs. + internals + grounding probe,400,37.0,1,0.685,72.0408163265306,67.2217188905026,2.725371120249256,2.4115261710026243,5.060773906500254,8.139282831642548,77.93402492142963,-3.9203950487243664,92.90861618175448,27.72722776252137,113.45861618175448,43.84702423261599,9.80503903527217
Qwen2.5-3B,Internals-only probe,400,30.0,0,0.86,64.89795918367346,78.31515299324616,1.1627482859953306,2.918185872753966,8.458159845497285,8.139282831642548,89.39587038720805,-19.204085452138912,108.19608715199546,15.83524235873631,133.99608715199545,33.68261232168747,17.197084822324747
Qwen2.5-3B,Random routing,400,37.75,110,1.3075,46.632653061224495,56.7991925717509,0.0,0.0,9.757447852750992,8.139282831642548,67.44130487412353,10.071024149129588,96.0241925717509,25.303649066847104,135.2491925717509,33.062424973758034,1.528639201095664
Qwen2.5-3B,Never validate,400,30.0,274,0.0,100.0,16.457644350750126,0.0,0.0,0.0,8.139282831642548,16.457644350750126,78.0547083995006,16.457644350750126,87.19774730687706,16.457644350750126,91.85477722612565,
Llama-3.2-3B,Always validate,400,53.75,0,1.7975,0.0,166.76825246275112,0.0,0.0,14.801680994496564,8.058117927468103,181.25271943737505,0.0,220.69325246275113,0.0,274.6182524627511,0.0,
Llama-3.2-3B,Observables probe,400,35.25,0,0.6775,62.30876216968011,248.54450261925217,0.0,0.0,5.396970137499011,8.058117927468103,254.0038775151118,-40.137967752187656,268.86950261925216,-21.82950752634917,289.19450261925215,-5.307822777904443,73.0145090683045
Llama-3.2-3B,Obs. + internals + grounding probe,400,44.5,0,0.9875,45.06258692628651,230.76264070600314,6.783743871749903,7.525808797502978,7.635081249998912,8.058117927468103,253.0295848286308,-39.60043502467586,274.697193375256,-24.470136857319517,304.322193375256,-10.816448158897922,96.6715319907468
Llama-3.2-3B,Internals-only probe,400,49.75,0,1.2725,29.207232267037554,210.12511013500233,6.018180256249325,7.058051581254112,10.179402434999647,8.058117927468103,233.45529703520893,-28.800989998867568,261.37634197250577,-18.43422445215953,299.5513419725057,-9.079181476889087,107.49159906619929
Llama-3.2-3B,Random routing,400,29.5,0,0.58,67.73296244784423,300.472560744498,0.0,0.0,4.815761967498839,8.058117927468103,305.1462691424295,-68.35403633646509,317.872560744498,-44.033656306800275,335.27256074449804,-22.086772360469375,109.81873370164014
Llama-3.2-3B,Never validate,400,15.25,312,0.0,100.0,56.54492079325093,0.0,0.0,0.0,8.058117927468103,56.54492079325093,68.80327039022006,56.54492079325093,74.37850040168553,56.54492079325093,79.40962762447094,
Qwen2.5-7B (4-bit),Always validate,400,34.0,0,2.4975,0.0,51.86327626074577,0.0,0.0,19.26673892125138,8.355326917077344,72.73070523614643,0.0,126.78827626074576,0.0,201.71327626074577,0.0,
Qwen2.5-7B (4-bit),Observables probe,400,25.0,8,0.245,90.1901901901902,57.33726488375454,0.0,0.0,2.1821664847494686,8.355326917077344,59.38431997843849,18.350413644930427,64.68726488375454,48.9800896490443,72.03726488375455,64.28729619629242,2.430183628416769
Qwen2.5-7B (4-bit),"Observables probe, first-proposal-only",400,25.5,4,0.3225,87.08708708708708,57.88958887226006,0.0,0.0,3.3372610309979063,8.355326917077344,60.58418180301751,16.700681498537467,67.56458887226006,46.7106968681312,77.23958887226007,61.708227488003374,2.770718442075537
Qwen2.5-7B (4-bit),Obs. + internals + grounding probe,400,26.5,165,0.62,75.17517517517518,40.473449048751355,1.0730521242502435,3.384585920500103,4.545476483250386,8.355326917077344,50.11138978208965,31.10009091842988,63.531087093501704,49.891986099056055,82.1310870935017,59.28325164510515,-3.6922445631126863
Qwen2.5-7B (4-bit),"Obs. + internals + grounding, first-proposal-only",400,32.5,4,1.4675,41.24124124124124,55.01512155174627,1.4436857824979235,4.561003872994916,13.53701674925047,8.355326917077344,73.28125345805012,-0.7569680784974228,105.0448112072391,17.14942871278591,149.0698112072391,26.098165688140828,8.889839753877027
Qwen2.5-7B (4-bit),Internals-only probe,400,30.0,0,1.4075,43.64364364364365,55.362961658248096,1.4718265250034164,4.607684398748097,11.7575671482514,8.355326917077344,73.20259521778597,-0.6488181024883152,103.66747258199962,18.235758352923085,145.8924725819996,27.673341444610266,8.788253505737467
Qwen2.5-7B (4-bit),"Internals-only, first-proposal-only",400,30.0,0,1.4075,43.64364364364365,56.38248214075342,1.48437505974347,4.641882794983976,12.57568775699794,8.355326917077344,74.26886263126723,-2.114866602938345,104.73373999548087,17.39477569669671,146.95873999548087,27.144735973891056,9.766480490582655
Qwen2.5-7B (4-bit),Random routing,400,19.25,107,0.5525,77.87787787787788,55.0771516597514,0.0,0.0,3.985470758750016,8.355326917077344,59.69346978143663,17.925352727406835,71.6521516597514,43.48676882995432,88.2271516597514,56.26110819512738,1.6523780971751312
Qwen2.5-7B (4-bit),Never validate,400,19.25,318,0.0,100.0,11.884467096749285,0.0,0.0,0.0,8.355326917077344,11.884467096749285,83.659628958413,11.884467096749285,90.62652522200999,11.884467096749285,94.10823753544771,
SmolLM2-1.7B,Always validate,400,36.5,0,1.015,0.0,16.688597807736077,0.0,0.0,10.93106296575308,12.017322034336535,28.88617967258766,0.0,47.138597807736076,0.0,77.58859780773606,0.0,
SmolLM2-1.7B,Observables probe,400,35.25,13,0.3875,61.822660098522164,24.217958791482086,0.0,0.0,4.796518386251409,12.017322034336535,28.874671079787493,0.03984117294363738,35.84295879148209,23.962611408861676,47.46795879148209,38.820960640238255,11.998981647404001
SmolLM2-1.7B,"Observables probe, first-proposal-only",400,35.25,13,0.3875,61.822660098522164,26.26748377224372,0.0,0.0,5.0169373475012256,12.017322034336535,30.92419606054913,-7.055333765355971,37.89248377224372,19.614741348914166,49.51748377224372,36.17943206687707,15.265156915550033
SmolLM2-1.7B,Obs. + internals + grounding probe,400,35.0,237,0.3425,66.25615763546797,10.615233711994952,0.675396720248973,0.9128373227457632,4.269362120501755,12.017322034336535,16.31940055174995,43.50446913810241,22.478467754989687,52.31409333244811,32.753467754989686,57.785720221220494,-6.669338368396118
SmolLM2-1.7B,"Obs. + internals + grounding, first-proposal-only",400,35.5,11,0.355,65.02463054187191,21.854273247755774,1.3237646972559742,1.6833578632486752,4.6229715742502595,12.017322034336535,29.127545130449892,-0.8355741762947073,35.51139580826042,24.66599037777802,46.16139580826042,40.50492325863654,12.383027273521737
SmolLM2-1.7B,Internals-only probe,400,35.5,243,0.565,44.33497536945813,9.092133233246278,0.5807732472472708,0.940020334746805,7.005150363251741,12.017322034336535,17.402713764640495,39.7541870822216,27.562926815240353,41.52790261674498,44.51292681524035,42.62955115448403,-13.501491094434943
SmolLM2-1.7B,"Internals-only, first-proposal-only",400,36.0,2,0.585,42.36453201970443,21.468697228004167,1.140230965007504,1.814371236001316,7.41966290974844,12.017322034336535,31.45343281909986,-8.887478979951325,41.97329942901298,10.957683552215036,59.52329942901298,23.283444847770998,17.98767818901607
SmolLM2-1.7B,Random routing,400,34.0,172,0.36,64.5320197044335,19.872148127741237,0.0,0.0,3.9775791650023895,12.017322034336535,24.19838406010239,16.22850673096755,30.672148127741238,34.931988743399735,41.472148127741235,46.54865624649012,4.860382167946811
SmolLM2-1.7B,Never validate,400,36.0,254,0.0,100.0,4.530611142750131,0.0,0.0,0.0,12.017322034336535,4.530611142750131,84.31564438737608,4.530611142750131,90.3887443550419,4.530611142750131,94.16072558241488,
