model,policy,unsafe_executions,extra_validator_calls_min,recovered_lower,recovered_upper,continued_episodes,validator_calls_min,logged_unsafe,logged_calls,logged_recovered
Qwen2.5-1.5B,Observables probe,12,0,0.33,0.33,0,0.3525,12,0.3525,0.33
Qwen2.5-1.5B,Obs. + internals + grounding probe,9,0,0.3325,0.3325,0,0.3825,9,0.3825,0.3325
Qwen2.5-1.5B,Internals-only probe,0,0,0.3325,0.3325,0,0.685,0,0.685,0.3325
Qwen2.5-3B,Observables probe,0,0,0.41,0.41,0,1.3025,0,1.3025,0.41
Qwen2.5-3B,Obs. + internals + grounding probe,1,5,0.37,0.37,0,0.6975,1,0.685,0.37
Qwen2.5-3B,Internals-only probe,0,0,0.3,0.3,0,0.86,0,0.86,0.3
Llama-3.2-3B,Observables probe,0,0,0.3525,0.3525,0,0.6775,0,0.6775,0.3525
Llama-3.2-3B,Obs. + internals + grounding probe,0,0,0.445,0.445,0,0.9875,0,0.9875,0.445
Llama-3.2-3B,Internals-only probe,0,0,0.4975,0.4975,0,1.2725,0,1.2725,0.4975
Qwen2.5-7B (4-bit),Observables probe,4,28,0.25,0.26,4,0.315,8,0.245,0.25
Qwen2.5-7B (4-bit),Obs. + internals + grounding probe,4,191,0.265,0.6675,161,1.0975,165,0.62,0.265
Qwen2.5-7B (4-bit),Internals-only probe,0,0,0.3,0.3,0,1.4075,0,1.4075,0.3
