domain,model,feature,n,auroc_low_grounding_predicts_failure
FSM,Qwen2.5-3B,grd_min_share,2494,0.747792883517959
FSM,Llama-3.2-3B,grd_min_share,2499,0.8360970855018385
FSM,Qwen2.5-1.5B,grd_min_share,2472,0.8448597033407526
FSM,SmolLM2-1.7B,grd_min_share,2422,0.8815241391862145
FSM,Qwen2.5-7B (4-bit),grd_min_share,2491,0.723153159785047
CSTR,Qwen2.5-1.5B,g31_min_share,3968,0.7162212987188741
CSTR,Qwen2.5-3B*,g31_min_share,3954,0.4957500401950801
CSTR,Qwen2.5-7B (4-bit),g31_min_share,3988,0.47898919640245685
CSTR,Llama-3.2-3B,g31_min_share,3817,0.5219701843609084
CSTR,SmolLM2-1.7B,g31_min_share,3964,0.6623617863247026
