model,signal,family,tolerance,n,failure_rate,skipped_pct,accepted,accepted_failures,cp_upper,certified,rejected,rejected_good,delta_pts,delta_lo,delta_hi
Qwen2.5-3B,Observables,obs,0.1,2992,0.5096925133689839,20.52139037433155,335,15,0.08242390428293966,True,279,12,0.0,0.0,0.0
Qwen2.5-3B,Token confidence,tok,0.1,2992,0.5096925133689839,17.914438502673796,329,28,0.13251041196542748,False,207,19,-2.606951871657754,-4.077540106951872,-1.036096256684492
Qwen2.5-3B,Attention (regions),int,0.1,2992,0.5096925133689839,21.390374331550802,351,19,0.09316075265514458,True,289,22,0.8689839572192514,-0.267379679144385,2.0053475935828877
Qwen2.5-3B,Region grounding,int,0.1,2992,0.5096925133689839,14.405080213903743,367,18,0.08576367737355495,True,64,11,-6.116310160427807,-7.720588235294118,-4.545454545454546
Qwen2.5-3B,Hidden states,int,0.1,2992,0.5096925133689839,23.863636363636363,506,26,0.08215668004872485,True,208,7,3.342245989304813,1.9719251336898396,4.779411764705882
Qwen2.5-3B,All internals,int,0.1,2992,0.5096925133689839,25.40106951871658,526,31,0.09055780789128873,True,234,11,4.879679144385027,3.3756684491978612,6.4505347593582885
Qwen2.5-3B,All internals + grounding,int,0.1,2992,0.5096925133689839,22.56016042780749,483,21,0.07327123945779937,True,192,4,2.038770053475936,0.4344919786096257,3.6764705882352944
Qwen2.5-3B,Obs. + internals + grounding,comb,0.1,2992,0.5096925133689839,34.49197860962567,603,27,0.07114568900599476,True,429,17,13.970588235294118,12.299465240641712,15.57570187165775
Qwen2.5-3B,Obs. + grounding,comb,0.1,2992,0.5096925133689839,20.755347593582886,339,11,0.0660325479581891,True,282,9,0.2339572192513369,-0.8355614973262032,1.303475935828877
Qwen2.5-3B,Obs. + all internals,comb,0.1,2992,0.5096925133689839,31.684491978609625,599,35,0.08765420618944664,True,349,17,11.163101604278076,9.69167780748663,12.667112299465241
Qwen2.5-3B,Observables,obs,0.05,2992,0.5096925133689839,19.318181818181817,299,3,0.03622741192373762,True,279,12,0.0,0.0,0.0
Qwen2.5-3B,Token confidence,tok,0.05,2992,0.5096925133689839,6.918449197860962,0,0,1.0,False,207,19,-12.399732620320854,-13.770053475935828,-10.995989304812834
Qwen2.5-3B,Attention (regions),int,0.05,2992,0.5096925133689839,15.441176470588236,173,3,0.06200715871098974,False,289,22,-3.8770053475935833,-5.113636363636364,-2.740641711229946
Qwen2.5-3B,Region grounding,int,0.05,2992,0.5096925133689839,2.13903743315508,0,0,1.0,False,64,11,-17.17914438502674,-18.683155080213904,-15.675133689839571
Qwen2.5-3B,Hidden states,int,0.05,2992,0.5096925133689839,17.914438502673796,328,10,0.06410873778136633,False,208,7,-1.4037433155080214,-2.6412098930481287,-0.1336898395721925
Qwen2.5-3B,All internals,int,0.05,2992,0.5096925133689839,14.13770053475936,189,3,0.0568687974048428,False,234,11,-5.18048128342246,-6.517379679144384,-3.843582887700535
Qwen2.5-3B,All internals + grounding,int,0.05,2992,0.5096925133689839,6.417112299465241,0,0,1.0,False,192,4,-12.901069518716577,-14.43850267379679,-11.43048128342246
Qwen2.5-3B,Obs. + internals + grounding,comb,0.05,2992,0.5096925133689839,21.256684491978607,207,1,0.035341979511017946,True,429,17,1.9385026737967916,0.5681818181818182,3.3756684491978612
Qwen2.5-3B,Obs. + grounding,comb,0.05,2992,0.5096925133689839,9.425133689839573,0,0,1.0,False,282,9,-9.893048128342247,-11.096256684491978,-8.656417112299465
Qwen2.5-3B,Obs. + all internals,comb,0.05,2992,0.5096925133689839,20.822192513368982,274,4,0.04524807846047658,True,349,17,1.5040106951871657,0.267379679144385,2.807486631016043
Llama-3.2-3B,Observables,obs,0.1,2995,0.6260434056761269,43.038397328881466,333,26,0.12377509326077625,False,956,62,0.0,0.0,0.0
Llama-3.2-3B,Token confidence,tok,0.1,2995,0.6260434056761269,14.223706176961603,140,12,0.1650453313667556,False,286,20,-28.81469115191987,-30.651085141903174,-26.9449081803005
Llama-3.2-3B,Attention (regions),int,0.1,2995,0.6260434056761269,16.52754590984975,0,0,1.0,False,495,30,-26.510851419031717,-28.347245409015027,-24.808013355592653
Llama-3.2-3B,Region grounding,int,0.1,2995,0.6260434056761269,31.352253756260435,102,2,0.08773948865235749,True,837,51,-11.686143572621036,-14.023372287145241,-9.482470784641068
Llama-3.2-3B,Hidden states,int,0.1,2995,0.6260434056761269,26.510851419031717,204,13,0.12117528971765822,False,590,40,-16.52754590984975,-18.096828046744573,-14.958263772954924
Llama-3.2-3B,All internals,int,0.1,2995,0.6260434056761269,30.71786310517529,240,8,0.07571495371845592,True,680,46,-12.320534223706177,-14.056761268781301,-10.616861435726214
Llama-3.2-3B,All internals + grounding,int,0.1,2995,0.6260434056761269,35.82637729549249,371,13,0.06757010854956395,True,702,31,-7.212020033388981,-9.081803005008346,-5.308848080133556
Llama-3.2-3B,Obs. + internals + grounding,comb,0.1,2995,0.6260434056761269,58.06343906510851,532,29,0.0850383201556837,True,1207,68,15.025041736227045,13.15525876460768,16.89565943238731
Llama-3.2-3B,Obs. + grounding,comb,0.1,2995,0.6260434056761269,58.56427378964941,444,20,0.07679153746072359,True,1310,77,15.525876460767945,13.822203672787982,17.195325542570952
Llama-3.2-3B,Obs. + all internals,comb,0.1,2995,0.6260434056761269,46.777963272120196,308,7,0.054718568217033636,True,1093,78,3.739565943238731,2.2036727879799667,5.242070116861436
Llama-3.2-3B,Observables,obs,0.05,2995,0.6260434056761269,38.16360601001669,187,0,0.027935625640156503,True,956,62,0.0,0.0,0.0
Llama-3.2-3B,Token confidence,tok,0.05,2995,0.6260434056761269,9.54924874791319,0,0,1.0,False,286,20,-28.614357262103507,-30.35058430717863,-26.844741235392323
Llama-3.2-3B,Attention (regions),int,0.05,2995,0.6260434056761269,16.52754590984975,0,0,1.0,False,495,30,-21.636060100166947,-23.338898163606007,-20.03338898163606
Llama-3.2-3B,Region grounding,int,0.05,2995,0.6260434056761269,27.9465776293823,0,0,1.0,False,837,51,-10.21702838063439,-12.287145242070117,-8.180300500834726
Llama-3.2-3B,Hidden states,int,0.05,2995,0.6260434056761269,19.69949916527546,0,0,1.0,False,590,40,-18.464106844741234,-20.06677796327212,-16.794657762938233
Llama-3.2-3B,All internals,int,0.05,2995,0.6260434056761269,22.70450751252087,0,0,1.0,False,680,46,-15.459098497495827,-17.129382303839733,-13.756260434056761
Llama-3.2-3B,All internals + grounding,int,0.05,2995,0.6260434056761269,30.68447412353923,217,2,0.04202657413037783,True,702,31,-7.479131886477462,-9.415692821368948,-5.709515859766277
Llama-3.2-3B,Obs. + internals + grounding,comb,0.05,2995,0.6260434056761269,51.28547579298831,329,3,0.03296408097441201,True,1207,68,13.121869782971618,11.318864774624373,14.891485809682806
Llama-3.2-3B,Obs. + grounding,comb,0.05,2995,0.6260434056761269,51.18530884808013,223,1,0.03284270472543658,True,1310,77,13.02170283806344,11.352253756260435,14.691151919866444
Llama-3.2-3B,Obs. + all internals,comb,0.05,2995,0.6260434056761269,44.707846410684475,246,3,0.04390610909211083,True,1093,78,6.544240400667779,5.141903171953255,7.979966611018365
Qwen2.5-1.5B,Observables,obs,0.1,2945,0.6753820033955857,40.373514431239386,284,7,0.05925978165397022,True,905,45,0.0,0.0,0.0
Qwen2.5-1.5B,Token confidence,tok,0.1,2945,0.6753820033955857,13.412563667232597,0,0,1.0,False,395,19,-26.960950764006792,-28.76061120543294,-25.19524617996605
Qwen2.5-1.5B,Attention (regions),int,0.1,2945,0.6753820033955857,34.56706281833616,195,6,0.07833540004543613,True,823,42,-5.806451612903226,-7.3013582342954155,-4.278438030560271
Qwen2.5-1.5B,Region grounding,int,0.1,2945,0.6753820033955857,30.662139219015277,178,5,0.07747144182804008,True,725,29,-9.711375212224109,-11.613752122241086,-7.707979626485568
Qwen2.5-1.5B,Hidden states,int,0.1,2945,0.6753820033955857,22.207130730050935,0,0,1.0,False,654,29,-18.166383701188455,-19.763157894736846,-16.468590831918505
Qwen2.5-1.5B,All internals,int,0.1,2945,0.6753820033955857,25.46689303904924,196,6,0.07794564035373971,True,554,17,-14.906621392190154,-16.536502546689306,-13.412563667232597
Qwen2.5-1.5B,All internals + grounding,int,0.1,2945,0.6753820033955857,37.96264855687606,240,8,0.07571495371845592,True,878,45,-2.4108658743633278,-4.142614601018676,-0.6451612903225806
Qwen2.5-1.5B,Obs. + internals + grounding,comb,0.1,2945,0.6753820033955857,39.9320882852292,259,5,0.05367427296038276,True,917,40,-0.4414261460101867,-2.0042444821731746,1.1213921901527966
Qwen2.5-1.5B,Obs. + grounding,comb,0.1,2945,0.6753820033955857,45.50084889643464,228,1,0.03213259958614942,True,1112,56,5.127334465195246,3.633276740237691,6.655348047538201
Qwen2.5-1.5B,Obs. + all internals,comb,0.1,2945,0.6753820033955857,36.7062818336163,262,6,0.05867554138282523,True,819,37,-3.66723259762309,-5.127334465195246,-2.3089983022071308
Qwen2.5-1.5B,Observables,obs,0.05,2945,0.6753820033955857,37.351443123938886,195,0,0.02680505110629073,True,905,45,0.0,0.0,0.0
Qwen2.5-1.5B,Token confidence,tok,0.05,2945,0.6753820033955857,13.412563667232597,0,0,1.0,False,395,19,-23.93887945670628,-25.67147707979627,-22.139219015280137
Qwen2.5-1.5B,Attention (regions),int,0.05,2945,0.6753820033955857,27.94567062818336,0,0,1.0,False,823,42,-9.405772495755519,-11.069609507640068,-7.843803056027164
Qwen2.5-1.5B,Region grounding,int,0.05,2945,0.6753820033955857,24.61799660441426,0,0,1.0,False,725,29,-12.73344651952462,-14.736842105263156,-10.66213921901528
Qwen2.5-1.5B,Hidden states,int,0.05,2945,0.6753820033955857,22.207130730050935,0,0,1.0,False,654,29,-15.144312393887946,-16.808149405772497,-13.514431239388793
Qwen2.5-1.5B,All internals,int,0.05,2945,0.6753820033955857,18.811544991511038,0,0,1.0,False,554,17,-18.539898132427844,-20.13667232597623,-16.943972835314092
Qwen2.5-1.5B,All internals + grounding,int,0.05,2945,0.6753820033955857,29.813242784380307,0,0,1.0,False,878,45,-7.538200339558573,-9.474533106960951,-5.67062818336163
Qwen2.5-1.5B,Obs. + internals + grounding,comb,0.05,2945,0.6753820033955857,31.137521222410864,0,0,1.0,False,917,40,-6.213921901528013,-7.979626485568761,-4.413412563667237
Qwen2.5-1.5B,Obs. + grounding,comb,0.05,2945,0.6753820033955857,44.68590831918506,204,0,0.0256377688898248,True,1112,56,7.33446519524618,5.942275042444821,8.726655348047538
Qwen2.5-1.5B,Obs. + all internals,comb,0.05,2945,0.6753820033955857,34.63497453310696,201,2,0.04531156972918126,True,819,37,-2.7164685908319184,-4.041595925297114,-1.2563667232597622
SmolLM2-1.7B,Observables,obs,0.1,2946,0.8336727766463,84.55532926001358,166,15,0.1629665422904763,False,2325,134,0.0,0.0,0.0
SmolLM2-1.7B,Token confidence,tok,0.1,2946,0.8336727766463,55.80448065173116,0,0,1.0,False,1644,77,-28.750848608282414,-30.515953835709436,-26.951799049558723
SmolLM2-1.7B,Attention (regions),int,0.1,2946,0.8336727766463,75.49219280380176,0,0,1.0,False,2224,125,-9.063136456211812,-10.488798370672098,-7.637474541751528
SmolLM2-1.7B,Region grounding,int,0.1,2946,0.8336727766463,79.56551255940258,0,0,1.0,False,2344,120,-4.989816700610998,-6.483367277664629,-3.4962661235573655
SmolLM2-1.7B,Hidden states,int,0.1,2946,0.8336727766463,74.37202987101153,0,0,1.0,False,2191,108,-10.183299389002038,-11.642905634758995,-8.723693143245079
SmolLM2-1.7B,All internals,int,0.1,2946,0.8336727766463,76.06924643584522,0,0,1.0,False,2241,125,-8.486082824168365,-9.979633401221996,-7.059572301425667
SmolLM2-1.7B,All internals + grounding,int,0.1,2946,0.8336727766463,78.78479293957909,0,0,1.0,False,2321,112,-5.770536320434488,-7.3319755600814664,-4.243041412084183
SmolLM2-1.7B,Obs. + internals + grounding,comb,0.1,2946,0.8336727766463,90.73319755600815,146,7,0.11332866471298922,False,2527,165,6.1778682959945685,4.887983706720977,7.501697216564835
SmolLM2-1.7B,Obs. + grounding,comb,0.1,2946,0.8336727766463,85.1663272233537,0,0,1.0,False,2509,146,0.6109979633401221,-0.8494568906992532,2.104548540393754
SmolLM2-1.7B,Obs. + all internals,comb,0.1,2946,0.8336727766463,78.98845892735913,0,0,1.0,False,2327,136,-5.566870332654447,-6.958587915818058,-4.208248472505096
SmolLM2-1.7B,Observables,obs,0.05,2946,0.8336727766463,78.92057026476579,0,0,1.0,False,2325,134,0.0,0.0,0.0
SmolLM2-1.7B,Token confidence,tok,0.05,2946,0.8336727766463,55.80448065173116,0,0,1.0,False,1644,77,-23.116089613034625,-24.813306177868295,-21.41802443991854
SmolLM2-1.7B,Attention (regions),int,0.05,2946,0.8336727766463,75.49219280380176,0,0,1.0,False,2224,125,-3.4283774609640187,-4.5485403937542435,-2.2742701968771217
SmolLM2-1.7B,Region grounding,int,0.05,2946,0.8336727766463,79.56551255940258,0,0,1.0,False,2344,120,0.6449422946367956,-0.6788866259334692,1.9687712152070607
SmolLM2-1.7B,Hidden states,int,0.05,2946,0.8336727766463,74.37202987101153,0,0,1.0,False,2191,108,-4.5485403937542435,-5.8044806517311605,-3.360488798370672
SmolLM2-1.7B,All internals,int,0.05,2946,0.8336727766463,76.06924643584522,0,0,1.0,False,2241,125,-2.8513238289205702,-4.107264086897488,-1.5953835709436524
SmolLM2-1.7B,All internals + grounding,int,0.05,2946,0.8336727766463,78.78479293957909,0,0,1.0,False,2321,112,-0.1357773251866938,-1.3917175831636117,1.2559402579769179
SmolLM2-1.7B,Obs. + internals + grounding,comb,0.05,2946,0.8336727766463,85.77732518669382,0,0,1.0,False,2527,165,6.8567549219280375,5.6008146639511205,8.04480651731161
SmolLM2-1.7B,Obs. + grounding,comb,0.05,2946,0.8336727766463,85.1663272233537,0,0,1.0,False,2509,146,6.245756958587916,5.158689748811948,7.365919891378139
SmolLM2-1.7B,Obs. + all internals,comb,0.05,2946,0.8336727766463,78.98845892735913,0,0,1.0,False,2327,136,0.0678886625933469,-0.9843856076035303,1.2559402579769179
