family,severity,seed,onset_s,plant_CA_in_base,plant_CD_in_base,plant_Fc_max,plant_Fin_sp,plant_L_sp,plant_Tc_base,plant_Tin_base,plant_UA,triggered,pre_fault_trigger,t_trigger,no_change,feed_x0.9,feed_x0.8,feed_x0.65,feed_x0.5,feed_x0.35,feed_x0.9_L-1
fouling,"{""fouling_max"": 0.5, ""fouling_tau"": 2000.0}",705709693,4597.429208687558,0.1067517343342333,0.05325715681529251,0.5109685830043834,0.03723771982216906,9.943224345570778,287.9440493769515,349.7337547132983,445.1866974090055,False,False,,,,,,,,
fouling,"{""fouling_max"": 0.5, ""fouling_tau"": 2000.0}",1231447859,2784.2961828814196,0.10015117766917929,0.05425198801210328,0.5378235613881471,0.02824980497404357,8.774074426943722,287.0018370840768,349.9481009429925,564.0288241502935,False,False,,,,,,,,
fouling,"{""fouling_max"": 0.5, ""fouling_tau"": 2000.0}",1856868100,2208.224697634056,0.10205080200290226,0.05147506364724273,0.522622610085221,0.03606624817095165,9.816540133866251,285.14571735615397,351.2675644217641,456.4059788239285,False,False,,,,,,,,
fouling,"{""fouling_max"": 0.5, ""fouling_tau"": 2000.0}",1121293364,4003.6906744757707,0.0993947462466041,0.05014598201062148,0.4593122872666735,0.02859844750267151,8.169098163681786,285.2502459964915,351.13923444677545,549.5837252200333,False,False,,,,,,,,
fouling,"{""fouling_max"": 0.5, ""fouling_tau"": 2000.0}",1513226055,1731.950694065907,0.09523406500191099,0.050875417571355656,0.5457035316910731,0.03871058426562914,9.720166225757918,290.7999119282106,353.6899034781462,452.3599163950234,True,False,3147.0,False,False,False,True,True,True,False
fouling,"{""fouling_max"": 0.5, ""fouling_tau"": 2000.0}",694039838,2406.4862069738197,0.09780467576236777,0.04833375324982795,0.4765875429729081,0.03508244013220939,9.058569273955738,292.5952951128192,346.61208599507955,493.2862695570773,True,False,6247.0,False,True,True,True,True,True,True
fouling,"{""fouling_max"": 0.55, ""fouling_tau"": 2000.0}",650619760,4356.692624692561,0.1045915509428119,0.048453438923058985,0.5445286241321399,0.029640967651427805,9.594339097332934,289.89242036044953,351.2850556442795,520.3251819277987,False,False,,,,,,,,
fouling,"{""fouling_max"": 0.55, ""fouling_tau"": 2000.0}",1100434476,2333.963492599522,0.10893957742157488,0.049218624653796256,0.45610713563817046,0.032506151803621895,8.552288895616911,294.91880321331564,348.2245404250343,481.90379515511034,True,False,4554.0,False,False,True,True,True,True,False
fouling,"{""fouling_max"": 0.55, ""fouling_tau"": 2000.0}",1504890821,3393.3599635956098,0.10246004521071982,0.04578696735769136,0.45420700037939693,0.0273949564898236,9.961977967024906,285.3920464452097,346.7027341911463,469.1938425723103,False,False,,,,,,,,
fouling,"{""fouling_max"": 0.55, ""fouling_tau"": 2000.0}",1887458347,2963.7978269790656,0.10923889011751856,0.05474297175630349,0.4673163338799511,0.035522231049467945,9.852077996885589,290.41272368854237,346.9234585405248,481.4761430143765,True,False,6561.0,False,True,True,True,True,True,True
fouling,"{""fouling_max"": 0.55, ""fouling_tau"": 2000.0}",141203756,4818.324864718461,0.09317226960568913,0.05012051332939766,0.5476034416382487,0.03638076566453578,9.474771872683057,286.04750431483194,346.0650092129239,543.4467210847583,False,False,,,,,,,,
fouling,"{""fouling_max"": 0.55, ""fouling_tau"": 2000.0}",561447756,4028.7873464395443,0.09318234988605203,0.0514728474898212,0.4991442747676138,0.03254870030869041,8.106679008142233,288.5469794023341,351.42712079722975,536.1422508628915,False,False,,,,,,,,
fouling,"{""fouling_max"": 0.6, ""fouling_tau"": 2000.0}",165410015,4274.778506258749,0.09041876337159978,0.050876043857103294,0.4984178794958095,0.029729365928492138,8.363751147700277,285.1307732444835,351.9545891881861,542.9007075898046,False,False,,,,,,,,
fouling,"{""fouling_max"": 0.6, ""fouling_tau"": 2000.0}",710555931,4603.820063528201,0.10155038358410123,0.047910990674769324,0.47989805709377675,0.03287898374521547,9.11916567782364,290.11641149730184,354.2624655203324,497.8452119896272,False,False,,,,,,,,
fouling,"{""fouling_max"": 0.6, ""fouling_tau"": 2000.0}",1688747811,2819.0348663799273,0.10583101224041036,0.0494988753328286,0.49199160410618015,0.03595744310917138,8.346886987995754,291.55704202355935,354.78339870510143,496.41237265855784,True,False,4462.0,False,False,False,True,True,True,False
fouling,"{""fouling_max"": 0.6, ""fouling_tau"": 2000.0}",1666960701,2560.371829527502,0.1029355697693552,0.04658333483154061,0.4834314200601044,0.028965902750256352,8.23209044556045,290.67924840091166,349.36555242319815,520.6238726819703,False,False,,,,,,,,
fouling,"{""fouling_max"": 0.6, ""fouling_tau"": 2000.0}",245241656,4934.855652824405,0.09704568272142881,0.04974467504170754,0.48138749903619094,0.03171276665190442,8.746299038234271,286.3761156396808,349.1034427720197,481.87482467464207,False,False,,,,,,,,
fouling,"{""fouling_max"": 0.6, ""fouling_tau"": 2000.0}",343061736,1830.3491103823403,0.10786944666064772,0.04958685258527529,0.5403927932693093,0.03742958563088693,9.689374478760394,288.4992289129052,348.4471576960944,512.3199095498492,True,False,5303.0,False,True,True,True,True,True,True
fouling,"{""fouling_max"": 0.65, ""fouling_tau"": 2000.0}",2009281056,3134.6522090073513,0.10462212815629461,0.04526693029448483,0.5308940994167234,0.031970851642304225,9.123472315090888,292.4966876483547,345.9747495159921,442.9004995480063,True,False,5590.0,False,False,True,True,True,True,False
fouling,"{""fouling_max"": 0.65, ""fouling_tau"": 2000.0}",1753461072,1836.4936462188605,0.09645481942305942,0.052495432478165245,0.5083465148873852,0.029253607468931304,9.387029021785185,293.60269723590164,351.64484724889076,446.9163579467922,True,False,3739.0,False,False,False,True,True,True,False
fouling,"{""fouling_max"": 0.65, ""fouling_tau"": 2000.0}",1105953669,2305.2883426486706,0.09191926508293448,0.053415211783778,0.4858607094439329,0.02674439001169623,9.876129074131411,290.58785496819695,354.58397235465384,434.9325586315416,True,False,4961.0,False,False,True,True,True,True,False
fouling,"{""fouling_max"": 0.65, ""fouling_tau"": 2000.0}",642242267,1851.7840149619751,0.10144648981619268,0.04532819355756228,0.5124952149901799,0.03184194039290007,8.806012185141695,289.9882054913811,353.9165415330997,444.3492781356307,True,False,3933.0,False,False,False,True,True,True,False
fouling,"{""fouling_max"": 0.65, ""fouling_tau"": 2000.0}",2052410174,2134.001865669736,0.10752474458401434,0.04944603381175141,0.5126592727927559,0.03279449668034379,8.322998959257493,291.80258455521727,349.5785972715715,543.3171996950749,True,False,5255.0,False,False,True,True,True,True,False
fouling,"{""fouling_max"": 0.65, ""fouling_tau"": 2000.0}",1006030169,2609.7999601190513,0.10738147483728176,0.053554763074758344,0.5131205609187907,0.029555953033532284,8.821212706378482,285.9384259344972,350.40846562391937,494.89677514568837,False,False,,,,,,,,
fouling,"{""fouling_max"": 0.7, ""fouling_tau"": 2000.0}",387784383,4016.328857054472,0.09547650410039744,0.053757397733157686,0.5315784700071201,0.03875796596808432,8.055728362638984,289.2101239836134,354.3323377257709,527.5142084992775,True,False,5812.0,False,False,True,True,True,True,False
fouling,"{""fouling_max"": 0.7, ""fouling_tau"": 2000.0}",1703775839,4021.537202154785,0.10695215298706108,0.04536940467684866,0.5447881289715966,0.02739662855531056,8.618040717868357,288.3942305941933,348.5298652695514,426.3387099363255,False,False,,,,,,,,
fouling,"{""fouling_max"": 0.7, ""fouling_tau"": 2000.0}",144532333,4867.503833369287,0.09810203197229622,0.04621922145909223,0.4551779330839663,0.03448519932194338,9.083188107565487,293.39011528213643,349.4447579457876,466.77085417394164,True,False,6415.0,False,False,True,True,True,True,False
fouling,"{""fouling_max"": 0.7, ""fouling_tau"": 2000.0}",990470754,2657.971471153988,0.10064544331176367,0.04597145397553409,0.5099706104560363,0.030767307620624774,8.89405315459409,289.65623791166973,346.12374090605107,484.29964308099443,True,False,6280.0,False,True,True,True,True,True,True
fouling,"{""fouling_max"": 0.7, ""fouling_tau"": 2000.0}",44448881,4339.641174397833,0.09461248542144765,0.04579144249621751,0.5015587227222731,0.038254417318086015,8.126495616366574,289.72487237965277,351.4207366799748,435.148115655413,True,False,5719.0,False,False,True,True,True,True,False
fouling,"{""fouling_max"": 0.7, ""fouling_tau"": 2000.0}",1075027625,1615.4363577372278,0.09090449912332317,0.046027494915701454,0.5109744270190912,0.0347916888963206,8.2218125031369,286.50137443587874,350.44267504156994,433.59948924503044,True,False,3961.0,False,False,False,True,True,True,False
fouling,"{""fouling_max"": 0.8, ""fouling_tau"": 2000.0}",1175204209,4934.5991346067285,0.09506073660528598,0.04591307438652865,0.5403700594851927,0.03716509453726297,8.308546142821761,294.01730825923664,346.4191162346767,513.7684415678525,True,False,6423.0,False,False,True,True,True,True,False
fouling,"{""fouling_max"": 0.8, ""fouling_tau"": 2000.0}",143398305,1807.3416529927702,0.1050244367450721,0.04994726025432807,0.52623579482384,0.030290143165139984,9.833654627942694,293.14550661692846,346.4255645104841,425.2235514017544,True,False,3611.0,False,False,False,False,True,True,False
fouling,"{""fouling_max"": 0.8, ""fouling_tau"": 2000.0}",303192033,2769.27280700458,0.09214496066861204,0.05400434934690752,0.4646911647809744,0.03201519681345139,8.382278207036187,294.0282343253672,354.831662517221,571.7118909026242,True,False,4389.0,False,False,False,False,True,True,False
fouling,"{""fouling_max"": 0.8, ""fouling_tau"": 2000.0}",1197383264,3894.5223406573737,0.10349328454077641,0.05252802855727604,0.49600597549309083,0.031061864799304256,8.642151811637671,290.60585773893837,353.025145696784,495.29374743837366,True,False,5896.0,False,False,True,True,True,True,False
fouling,"{""fouling_max"": 0.8, ""fouling_tau"": 2000.0}",1903350440,2177.2439993634966,0.10956385642071974,0.04618303051962451,0.5239231061586709,0.029538618416829504,9.827297864663162,285.7647661212855,348.81268673286814,560.8484111958645,True,False,6147.0,False,False,True,True,True,True,True
fouling,"{""fouling_max"": 0.8, ""fouling_tau"": 2000.0}",1929874069,1905.1737875382819,0.10807499453784768,0.045702008488727665,0.5335480869464723,0.03924354231695945,8.141427642654687,286.00989105002975,351.64276611511985,496.83912985289226,True,False,2800.0,False,False,False,False,True,True,False
pump_degrade,"{""pump_degrade_factor"": 0.5}",107637193,2779.983326487588,0.09078448702083809,0.05044873316287932,0.5030022512405506,0.030131627684423692,9.115252595974825,285.9056507330883,351.73254009812905,566.610350857434,True,False,2843.0,True,True,True,True,True,True,True
pump_degrade,"{""pump_degrade_factor"": 0.5}",887423460,1961.1122413157773,0.10331615709311823,0.05104886889032975,0.4733572861985112,0.03889444549063731,8.779889289059476,287.0839169816116,353.9814382648601,499.81105869435555,True,False,2007.0,False,True,True,True,True,True,True
pump_degrade,"{""pump_degrade_factor"": 0.5}",1553155261,4658.727491534175,0.10249940118912854,0.045566916772367023,0.5478997740584515,0.03529261799823582,8.843500678331214,287.88210159297523,354.6284839012191,450.2343706894533,True,False,4710.0,True,True,True,True,True,True,True
pump_degrade,"{""pump_degrade_factor"": 0.5}",1321975638,4496.9536680109495,0.10102629778076538,0.04905230074940887,0.5422226250428777,0.035862082129816945,8.991125823902522,291.3785508248167,349.0087780921538,508.17695750660806,True,False,4548.0,True,True,True,True,True,True,True
pump_degrade,"{""pump_degrade_factor"": 0.5}",1725965796,1535.7594688902248,0.09902879377178811,0.04788865273265469,0.4883529542163361,0.03496842994538332,8.04554329429677,291.9252425370743,348.9606047847824,525.6726752448023,True,False,1588.0,True,True,True,True,True,True,True
pump_degrade,"{""pump_degrade_factor"": 0.5}",1721295261,4055.3901176063177,0.09647540580140651,0.053491292096754066,0.5115304845065037,0.03940123805900672,9.947944576647235,286.4907381985106,353.024401624053,553.7246444651979,True,False,4101.0,False,True,True,True,True,True,False
pump_degrade,"{""pump_degrade_factor"": 0.45}",1970265742,4428.6078031796405,0.10103859699145327,0.0475101786206072,0.4505595956258369,0.03620762915867515,8.347611144672078,288.40088582326615,349.93793901412306,437.06723291733863,True,False,4473.0,False,False,True,True,True,True,False
pump_degrade,"{""pump_degrade_factor"": 0.45}",765008663,2824.4539778116646,0.09156553030510417,0.05450726620313858,0.5236881558360468,0.03852059544697831,9.20219725517147,294.0966931598141,345.9533420498345,566.0854018111695,True,False,2865.0,False,False,True,True,True,True,False
pump_degrade,"{""pump_degrade_factor"": 0.45}",2112514139,4697.46298302358,0.10051159891442278,0.05210821435512154,0.5084251104923795,0.028928672921874322,8.673103682202056,285.09515583232144,350.32899980604066,490.6922488404627,True,False,4754.0,True,True,True,True,True,True,True
pump_degrade,"{""pump_degrade_factor"": 0.45}",1433084094,4725.589897270838,0.10165405289449021,0.04580748322832977,0.4624825580347193,0.033330041395291096,8.80744284138449,287.89096873559663,348.2355011882006,446.004349300802,True,False,4774.0,False,True,True,True,True,True,True
pump_degrade,"{""pump_degrade_factor"": 0.45}",431575119,2117.4576716794572,0.09136210720204331,0.04867457479826471,0.45722907308667715,0.031085438511155777,9.126319978705656,289.699612741826,352.29569128884077,459.43081030915323,True,False,2170.0,True,True,True,True,True,True,True
pump_degrade,"{""pump_degrade_factor"": 0.45}",1891364530,3888.553931698133,0.10639973505774683,0.046647816047474616,0.4835274084219054,0.03683412125971947,8.112869761102441,294.378448507268,345.8814960581474,549.9581850745765,True,False,3931.0,False,False,True,True,True,True,False
pump_degrade,"{""pump_degrade_factor"": 0.4}",840975887,3677.9008292651733,0.10375834368659277,0.05173270439647619,0.4818790762144825,0.03766995074819801,8.304049787584093,289.2381446202157,354.9444437099265,443.7369002436907,True,False,3714.0,False,False,False,True,True,True,False
pump_degrade,"{""pump_degrade_factor"": 0.4}",386176546,2322.0299412500367,0.09866780095820671,0.04793508418738033,0.4751420298255408,0.029696723561334227,8.766695813235632,293.1837671896341,352.63143007498917,540.8837111888743,True,False,2371.0,False,True,True,True,True,True,True
pump_degrade,"{""pump_degrade_factor"": 0.4}",862985851,4614.0678894374105,0.10568889400874115,0.046929619707529034,0.52582960140419,0.0384515382145562,8.64510693015849,291.97540545721614,349.61794443141406,450.30084289362617,True,False,4651.0,False,False,False,True,True,True,False
pump_degrade,"{""pump_degrade_factor"": 0.4}",1944157570,2890.2756332304943,0.09659663292272656,0.05110159210381338,0.5293097001198784,0.027467564697731713,9.501639495272842,286.6581370823387,345.1549725093956,555.3299603033267,True,False,2944.0,True,True,True,True,True,True,True
pump_degrade,"{""pump_degrade_factor"": 0.4}",482565269,2872.970493138298,0.10967823223157463,0.04576746488507169,0.5092834724052443,0.03309994427114913,8.885364012656625,289.06958467977427,352.9941729357389,492.98758343998077,True,False,2915.0,False,False,True,True,True,True,False
pump_degrade,"{""pump_degrade_factor"": 0.4}",1922805034,3820.565980910543,0.10495507636289624,0.04986627576824156,0.5444552024208884,0.03523307016812172,8.503501433578577,285.13304735202166,351.5031935016602,507.43878272615046,True,False,3861.0,False,False,True,True,True,True,False
pump_degrade,"{""pump_degrade_factor"": 0.35}",83556237,2075.090887399554,0.1054201817070668,0.04578238774129544,0.5410931384258199,0.03804355323998664,8.690887599541476,285.3190316326304,350.0576388829947,573.5346956445154,True,False,2109.0,False,False,False,True,True,True,False
pump_degrade,"{""pump_degrade_factor"": 0.35}",130605441,3531.7891098922846,0.09559817202433085,0.050106124792160485,0.4641006332089964,0.03844450559928421,9.409335649642273,290.063262366823,350.39587145823566,539.7137980789907,True,False,3564.0,False,False,False,True,True,True,False
pump_degrade,"{""pump_degrade_factor"": 0.35}",1508767188,2524.8701198485296,0.1043206468949604,0.051975297441482216,0.4595392763878463,0.02836064129838465,8.672992825469706,288.5422888189802,345.44487009929617,425.5487602274571,True,False,2570.0,False,True,True,True,True,True,False
pump_degrade,"{""pump_degrade_factor"": 0.35}",2144727442,2425.4369106535714,0.10733547601289384,0.049341267466954136,0.47022361853257966,0.02876336417081478,8.853965349924831,290.77534180809374,350.054110624616,471.62621032748467,True,False,2470.0,False,True,True,True,True,True,False
pump_degrade,"{""pump_degrade_factor"": 0.35}",2050819286,4416.250704900678,0.10079771005480191,0.04848407079754186,0.5078211556665309,0.02762289320244883,9.353917112751537,294.4174568193036,349.26935241713386,460.5100230417431,True,False,4463.0,False,True,True,True,True,True,False
pump_degrade,"{""pump_degrade_factor"": 0.35}",1166871289,3322.069009948305,0.10456191897337846,0.05051770072725858,0.4726387641492126,0.030685442940125256,9.970514187763408,291.42855233568105,349.25224977435215,456.25219781704465,True,False,3364.0,False,False,False,True,True,True,False
pump_degrade,"{""pump_degrade_factor"": 0.3}",649655578,2904.3362009402576,0.10338884457140257,0.04835329636128845,0.489981340853503,0.02814255057878579,8.301125030677984,290.8806951710341,350.61165473525483,442.86447394227764,True,False,2946.0,False,False,True,True,True,True,False
pump_degrade,"{""pump_degrade_factor"": 0.3}",1678524715,3097.9976902888984,0.0975411491761288,0.049513086588839364,0.5204595295453354,0.03352452737112413,9.55694949125548,285.3982009573642,353.7290425475668,517.6290668130836,True,False,3132.0,False,False,False,False,True,True,False
pump_degrade,"{""pump_degrade_factor"": 0.3}",240292007,4914.378880344413,0.09874236836861718,0.053511391969623505,0.47874695383958826,0.038079559036327586,9.378361828963916,287.57944967351426,345.93323069565776,546.181428742392,True,False,4945.0,False,False,False,False,True,True,False
pump_degrade,"{""pump_degrade_factor"": 0.3}",1378872261,4573.7385929523425,0.10546497674439298,0.05345359326007795,0.46373325532930393,0.03949998020232305,8.399877924430669,293.3145684893289,351.4221938051865,516.6434303242061,True,False,4603.0,False,False,False,False,True,True,False
pump_degrade,"{""pump_degrade_factor"": 0.3}",1176167473,4355.66534311196,0.10801211811146909,0.0540872645657598,0.4659941965225137,0.03217690510131076,8.056177577069292,294.71325086346906,352.79022311176584,451.8704417094653,True,False,4391.0,False,False,False,True,True,True,False
pump_degrade,"{""pump_degrade_factor"": 0.3}",1579850605,4372.547558549427,0.10833128233649603,0.05338170583788356,0.47610044750139,0.02834246959781357,9.566311432641076,292.9504926531903,346.86548610053757,552.6744023994911,True,False,4414.0,False,False,False,True,True,True,False
pump_degrade,"{""pump_degrade_factor"": 0.25}",216386982,2867.8020538038354,0.09235842987184449,0.046724313521593515,0.515192347917982,0.032982397343497595,8.199109571326225,289.02921794887374,346.24583618561525,508.56823091992106,True,False,2900.0,False,False,False,False,True,True,False
pump_degrade,"{""pump_degrade_factor"": 0.25}",1077389202,2710.515117800699,0.09509475142068305,0.05344371678019687,0.5121867017314299,0.038158448606146644,8.478616277143223,288.76948102816453,350.24275317729035,504.31288057635845,True,False,2739.0,False,False,False,False,False,True,False
pump_degrade,"{""pump_degrade_factor"": 0.25}",405969789,3520.4173093239433,0.10047994368331654,0.04540389378365161,0.4649925752965278,0.03798838481221186,8.7231287525319,289.264424705507,347.5920138145968,463.3102741490936,True,False,3549.0,False,False,False,False,False,True,False
pump_degrade,"{""pump_degrade_factor"": 0.25}",1689134343,1959.7470064883921,0.10079947658880985,0.054684192387212616,0.4547977869910742,0.02741225359018105,9.22121501854334,291.3397820026931,348.8666572539253,497.1409410926545,True,False,1998.0,False,False,False,True,True,True,False
pump_degrade,"{""pump_degrade_factor"": 0.25}",236573190,1974.2833587257878,0.10846848938745532,0.046307371182888836,0.4805915387542661,0.02801484288852468,9.693751014748125,285.24320995870045,350.9474059850395,507.28513163923554,True,False,2013.0,False,False,False,False,True,True,False
pump_degrade,"{""pump_degrade_factor"": 0.25}",1967832920,2690.2812754713864,0.09464471908484919,0.046741885149960624,0.5016355428791426,0.030664743456728843,9.769968308453368,289.04787710704915,346.1271060270767,486.5634170025541,True,False,2725.0,False,False,False,False,True,True,False
cool_stuck_closed,"{""stuck_opening"": 0.5}",335931305,2648.4705238576053,0.1006796074577779,0.054588456617158276,0.53795756258315,0.03821854616326973,8.70660725167724,288.6688343905337,353.3218662557101,492.7797317578867,True,False,2766.0,False,True,True,True,True,True,True
cool_stuck_closed,"{""stuck_opening"": 0.5}",798999673,4893.852685913608,0.0944263238395797,0.04982702470248432,0.5395273597434278,0.027033018010874953,8.324627003628438,293.64702507538254,351.3593808847601,530.1297733974664,False,False,,,,,,,,
cool_stuck_closed,"{""stuck_opening"": 0.5}",129326603,1987.7016055189379,0.10943559101317174,0.04574081749664729,0.5355633254750521,0.031666808771748975,8.704991141792165,292.0541284753653,354.8992486615225,516.7084064534478,True,False,2227.0,True,True,True,True,True,True,True
cool_stuck_closed,"{""stuck_opening"": 0.5}",78469388,3731.6257477963336,0.10029338934982207,0.04832552837544634,0.45890314817515526,0.027600181716068563,8.625753927269272,293.013619663192,345.31862872509225,500.76450747952697,False,False,,,,,,,,
cool_stuck_closed,"{""stuck_opening"": 0.5}",907087397,2834.261406102304,0.1042591138162915,0.05286246781206709,0.4636708686688289,0.03640074532084887,8.433330008411087,288.6542393338717,348.7577918449698,510.00456869996384,False,False,,,,,,,,
cool_stuck_closed,"{""stuck_opening"": 0.5}",70459499,4739.5565283534415,0.09846305442436454,0.047294806991424874,0.5283793160864395,0.03047136206125229,8.031324776139433,290.02876330683324,345.0341875733835,550.3722579286106,False,False,,,,,,,,
cool_stuck_closed,"{""stuck_opening"": 0.45}",875050648,3556.4688095571587,0.10625478724547338,0.05018198287039315,0.5296528829625705,0.031177000782427175,9.160838883658833,285.97755845631445,350.2697629050102,567.4659104231704,False,False,,,,,,,,
cool_stuck_closed,"{""stuck_opening"": 0.45}",486960751,2116.4839902986123,0.09409948167915357,0.04747240484694152,0.4676373881551781,0.030762930896086588,9.443406297128277,285.5709367438323,347.89570108580307,503.2188127639051,False,False,,,,,,,,
cool_stuck_closed,"{""stuck_opening"": 0.45}",546878066,2565.243530081818,0.10711261343169615,0.05494761314848487,0.49101598441528094,0.030958686216636035,8.429976113871401,287.7351049072627,353.55730196332945,427.8789449157856,True,False,2808.0,False,True,True,True,True,True,True
cool_stuck_closed,"{""stuck_opening"": 0.45}",1005336390,4536.549593136996,0.0988149118830804,0.0509909215854761,0.4640158819603246,0.03551333744692926,8.980158789536652,291.62783004050965,345.68760864861184,426.8542807235621,True,False,4676.0,False,True,True,True,True,True,True
cool_stuck_closed,"{""stuck_opening"": 0.45}",568459725,2671.9250300450553,0.10845535799702839,0.04502008337470453,0.4569859231143828,0.038749336083493735,9.220892301852608,292.17566869053434,349.3754151303551,536.9104266377341,True,False,2726.0,False,False,True,True,True,True,False
cool_stuck_closed,"{""stuck_opening"": 0.45}",846546651,2106.6306612639173,0.10502052485770791,0.0494400720728016,0.47207810312574433,0.03070218675535189,8.581143119543725,286.50058570748297,348.5596316430595,508.66631397294185,False,False,,,,,,,,
cool_stuck_closed,"{""stuck_opening"": 0.4}",305656774,2228.5075816711174,0.09638666963849638,0.04938672125740721,0.47905491079692697,0.035164879709290255,9.430834566881083,287.85554857952667,353.5684819678691,537.0868830327005,True,False,2334.0,False,True,True,True,True,True,True
cool_stuck_closed,"{""stuck_opening"": 0.4}",1131084526,2157.065756172714,0.09560510993603012,0.046479449972452465,0.5195825870989327,0.03023207963588349,9.94909335762689,286.55849915553506,345.74961241576244,544.0291023746452,False,False,,,,,,,,
cool_stuck_closed,"{""stuck_opening"": 0.4}",1311948019,2494.4500181891653,0.10029688077149525,0.053016966164895936,0.5250289340963967,0.03323545759580544,9.743383124385872,288.18631129650004,351.04865087518664,530.7888618492588,True,False,3306.0,True,True,True,True,True,True,True
cool_stuck_closed,"{""stuck_opening"": 0.4}",2061384769,4162.399448398473,0.09091679012276306,0.05169401848955968,0.4930253545501295,0.03804406223583385,8.83906993027315,291.802825028805,348.03766921362455,574.5926115383212,True,False,4240.0,False,True,True,True,True,True,True
cool_stuck_closed,"{""stuck_opening"": 0.4}",1267135295,3604.1548859823492,0.10823056832240524,0.052010610330811446,0.4977414012841115,0.027220520474606477,9.056170123675262,290.06905733236937,351.4672164880258,542.8364027133986,False,False,,,,,,,,
cool_stuck_closed,"{""stuck_opening"": 0.4}",910005254,3644.444230429677,0.0980634549350416,0.04948032810052094,0.47376812727701656,0.033592088041694786,8.36653017413232,288.98237221893754,348.24651665346573,526.9673806611636,False,False,,,,,,,,
cool_stuck_closed,"{""stuck_opening"": 0.35}",522666038,2693.0074233732603,0.09668547366980804,0.05321157899625231,0.5077813282292596,0.03287335354853952,9.482345221528064,294.4956897779254,352.67203164547124,505.3518812924137,True,False,2740.0,False,False,False,True,True,True,False
cool_stuck_closed,"{""stuck_opening"": 0.35}",374625516,4315.203718385051,0.09495436253766079,0.0509175603055424,0.5098947980773814,0.03372958082082272,8.79366043717497,294.48881702480827,348.77292105547303,513.4049673332427,True,False,4360.0,False,False,False,True,True,True,False
cool_stuck_closed,"{""stuck_opening"": 0.35}",1594307438,3878.304668124638,0.0998277724083551,0.04536480763289173,0.4766053410872847,0.030783733952364223,8.955168753454682,287.36637029496234,346.3819506256436,573.5609522050933,False,False,,,,,,,,
cool_stuck_closed,"{""stuck_opening"": 0.35}",458679470,2035.5559242629465,0.09256511409920898,0.04845155758641734,0.5109490690797946,0.02680517144281705,9.301929354662914,291.82145712565347,353.2849472985215,441.331438872232,True,False,2115.0,False,False,True,True,True,True,False
cool_stuck_closed,"{""stuck_opening"": 0.35}",1792159088,4509.896062156563,0.09110408107891256,0.053370311585831325,0.5044385515258939,0.02920721181014057,9.356649928473171,288.5903784398783,352.54128427732843,568.8911840861103,True,False,6658.0,True,True,True,True,True,True,True
cool_stuck_closed,"{""stuck_opening"": 0.35}",883443534,2708.3167718968352,0.10957032620083187,0.04781009463425292,0.5154959927807821,0.030476110046237667,9.78867947145901,293.76323747791184,349.3206292705533,441.7118405635617,True,False,2761.0,False,False,False,True,True,True,False
cool_stuck_closed,"{""stuck_opening"": 0.3}",369369393,1559.8143962736515,0.10281398739588092,0.05013647593283825,0.5220017043318552,0.028311366370207203,8.912770543377082,293.5476415254327,349.8916411331223,518.6567580755172,True,False,1622.0,False,False,False,True,True,True,False
cool_stuck_closed,"{""stuck_opening"": 0.3}",1184337216,2177.354241245055,0.0984653240198922,0.0514650108457303,0.5259645911965666,0.037464572747476325,9.942506504410872,291.40714880244195,346.4009637968347,484.94715304646434,True,False,2230.0,False,False,False,True,True,True,False
cool_stuck_closed,"{""stuck_opening"": 0.3}",468653670,3909.8586411038914,0.09934816484583027,0.05198871157531715,0.48682085676663456,0.0314919211977778,8.501771416147228,291.28897347576327,348.6523864670765,468.8588809272879,True,False,3960.0,False,False,False,True,True,True,False
cool_stuck_closed,"{""stuck_opening"": 0.3}",122572435,3270.197382425933,0.09909753664119207,0.045753953455500936,0.5355899337081481,0.029052917552678748,8.021823590462605,287.13437511032265,348.3772743434916,433.7511997413709,True,False,3324.0,False,True,True,True,True,True,True
cool_stuck_closed,"{""stuck_opening"": 0.3}",100713811,3875.6481150052123,0.10268253985425567,0.053339826759203804,0.46108817187754286,0.027104660651634947,9.220632050933766,288.604407214393,345.16512219134955,555.2845307092553,False,False,,,,,,,,
cool_stuck_closed,"{""stuck_opening"": 0.3}",1431088832,2104.972483300452,0.09588477395721269,0.04512187484855348,0.486571384461394,0.03848830541815351,9.029708621479159,291.4466444648278,346.4715523246593,471.75463483687844,True,False,2150.0,False,False,False,False,True,True,False
cool_stuck_closed,"{""stuck_opening"": 0.25}",1928057335,4279.78312923589,0.10647058051935199,0.0512659666041597,0.46909087971952035,0.02884463364407032,8.415548175665055,293.54289965350335,351.5994356701743,565.0688994110769,True,False,4321.0,False,False,False,True,True,True,False
cool_stuck_closed,"{""stuck_opening"": 0.25}",229198828,2682.53454428204,0.10430982352271745,0.053372380724186576,0.5187287088781696,0.039011461611176766,9.124832115666202,287.4665386887746,347.39627660034427,521.1667596117809,True,False,2718.0,False,False,False,True,True,True,False
cool_stuck_closed,"{""stuck_opening"": 0.25}",164729095,3789.8764496985177,0.09343846730035062,0.05266655443639058,0.4548151071430808,0.03305501140094191,8.12707304000249,285.15810109742193,349.715653437475,456.20506782426156,True,False,3842.0,False,False,False,True,True,True,False
cool_stuck_closed,"{""stuck_opening"": 0.25}",729182085,1570.2015039909252,0.1022137386249098,0.047074840838348966,0.47382281647758456,0.029717301247657434,8.635407696204066,287.10270116152304,345.4610314865361,549.7389494038739,True,False,1728.0,False,True,True,True,True,True,True
cool_stuck_closed,"{""stuck_opening"": 0.25}",574995843,2287.197678167554,0.09396562343382091,0.0502886836612012,0.5434770370322289,0.03146631244602965,9.5190801020852,293.63669520944796,348.22611146381513,565.8465247886807,True,False,2347.0,False,False,False,True,True,True,False
cool_stuck_closed,"{""stuck_opening"": 0.25}",1078563386,1516.8392138787863,0.09327391394774974,0.04549049789364095,0.4503063114141469,0.030322236770739214,8.21491797545486,288.63890684236475,351.06773624493513,513.5085644409564,True,False,1560.0,False,False,False,True,True,True,False
outlet_block,"{""outlet_block_factor"": 0.6}",630245498,2171.340934703291,0.09979042749928256,0.050025085141794476,0.5357275826765934,0.031927261508077405,9.69362212091361,294.6984215909526,347.46900020491574,464.828674949285,True,False,2273.0,True,True,True,True,True,True,True
outlet_block,"{""outlet_block_factor"": 0.6}",1048107158,2923.8080373774956,0.10546858564819322,0.04615978877989574,0.4766518062146807,0.031976269283684605,8.430954777638595,285.2757277726685,353.8911673820848,558.9965127021229,True,False,3026.0,True,True,True,True,True,True,True
outlet_block,"{""outlet_block_factor"": 0.6}",949576256,4845.115539205104,0.10162240099515181,0.049700001535346795,0.477232950005889,0.03661470148381976,8.931912225125178,288.78549137607854,348.19810769934463,450.7734226528744,True,False,4919.0,True,True,True,True,True,True,True
outlet_block,"{""outlet_block_factor"": 0.6}",1612923185,4230.2516011680045,0.1072125979942459,0.05022194335600215,0.5150424098021741,0.03533215067064194,9.001534987325936,293.33959769067866,347.1311526149688,472.44298937090196,True,False,4309.0,True,True,True,True,True,True,True
outlet_block,"{""outlet_block_factor"": 0.6}",314943602,4440.33565993471,0.09795025124457006,0.05011156954754708,0.4974618724603008,0.029189093020120047,9.079821459793017,293.9903746126974,349.2162456958662,538.2706476203837,False,False,,,,,,,,
outlet_block,"{""outlet_block_factor"": 0.6}",950508982,3613.7342341425715,0.0908705912761126,0.04986284173406417,0.46314662672923856,0.03125521897116884,8.309114408354132,287.2664622860063,347.5346933920312,437.4357909813064,True,False,3725.0,True,True,True,True,True,True,True
outlet_block,"{""outlet_block_factor"": 0.55}",1567624687,2713.0970539942887,0.10542324547551483,0.05375896404892702,0.5184148623034228,0.035115801506624085,9.267550320882357,287.77388025790685,352.11116988919457,488.3279614273287,True,False,2775.0,True,True,True,True,True,True,True
outlet_block,"{""outlet_block_factor"": 0.55}",1091323357,3975.2281348213164,0.10955580880729951,0.05207679990372851,0.4861355025805579,0.027303873336972297,8.349081088893291,286.0008058726279,349.6230406459433,483.63262035808145,True,False,4074.0,True,True,True,True,True,True,True
outlet_block,"{""outlet_block_factor"": 0.55}",784501853,2798.488154935256,0.09461072281085002,0.04748764827772061,0.5023858724243081,0.0332731731233804,9.763045098339637,286.5335391224113,353.6174798509762,472.73215243052584,True,False,2866.0,True,True,True,True,True,True,True
outlet_block,"{""outlet_block_factor"": 0.55}",1439981751,2509.7690260111185,0.09893272602900104,0.053753441113116085,0.48417356129425726,0.03710020988485987,9.254029885507776,294.0287879764889,353.8381395210175,442.17991967308933,True,False,2567.0,True,True,True,True,True,True,True
outlet_block,"{""outlet_block_factor"": 0.55}",487638731,2096.6434421149715,0.10476124029289052,0.04769810567854193,0.5208474192571617,0.03665978823772763,9.187779306132699,285.49422153560005,349.89080681784253,509.995235693884,True,False,2155.0,True,True,True,True,True,True,True
outlet_block,"{""outlet_block_factor"": 0.55}",834346558,4163.0016782607345,0.09427087679664452,0.04679909971240399,0.5098194529380257,0.03569818991904873,9.271599437765651,291.84059165301164,351.55857126451826,547.7826326659981,True,False,4224.0,True,True,True,True,True,True,True
outlet_block,"{""outlet_block_factor"": 0.5}",738922338,4433.364063561008,0.10130334389356505,0.04639950030125842,0.47137478737240396,0.03303238823518351,9.226842742574917,288.40167316395645,352.2538779234011,512.606390777224,True,False,4490.0,True,True,True,True,True,True,True
outlet_block,"{""outlet_block_factor"": 0.5}",1550650313,3238.377744035278,0.107899709306294,0.04571519081639269,0.5317928634591252,0.030409712486051475,9.206785423992452,290.37987627094697,353.971016195681,427.6879708884999,True,False,3301.0,True,True,True,True,True,True,True
outlet_block,"{""outlet_block_factor"": 0.5}",854746376,3263.375250432285,0.0949766375647979,0.04610080754510725,0.4850997272107659,0.038292335691457347,8.041210770451327,294.9897630683498,346.762952736847,516.6443611985735,True,False,3310.0,False,True,True,True,True,True,True
outlet_block,"{""outlet_block_factor"": 0.5}",396089147,3548.4522616769086,0.0938115164523135,0.052378025718077544,0.4806856977862736,0.032189744393687325,8.643011148856719,285.69363394372647,353.90124683719216,443.7610271749148,True,False,3606.0,True,True,True,True,True,True,True
outlet_block,"{""outlet_block_factor"": 0.5}",481229918,2127.5667526909356,0.09010448731159877,0.047926542161595635,0.49040823060265754,0.03528189531553217,9.193225972479095,291.95573362984493,349.1987687386144,440.0102111242243,True,False,2179.0,True,True,True,True,True,True,True
outlet_block,"{""outlet_block_factor"": 0.5}",877630424,3711.4043169763413,0.10326220781173381,0.053545212687455254,0.5291402679511583,0.03004825600051771,9.106349552664877,293.9069758778533,350.8961555138065,446.9502066622787,True,False,3775.0,True,True,True,True,True,True,True
outlet_block,"{""outlet_block_factor"": 0.45}",510840674,2667.572283454963,0.09554280490201393,0.052462224971989005,0.5202562067716485,0.034813212590586076,8.298642074626166,289.53279937292064,345.8101792408788,493.32744451303824,True,False,2713.0,False,True,True,True,True,True,False
outlet_block,"{""outlet_block_factor"": 0.45}",305536047,4444.95335656702,0.09615425086706776,0.05130848682209012,0.5283088619156033,0.027083430276929457,8.873746460385743,286.02635456786294,354.6506562940485,426.1874461076623,True,False,4507.0,True,True,True,True,True,True,True
outlet_block,"{""outlet_block_factor"": 0.45}",240082554,2069.6627991729947,0.09035719903272296,0.054584655822622646,0.4683273120049366,0.028211718397405702,9.18108488596983,290.50203556977243,353.8307750299194,536.385537313782,True,False,2129.0,True,True,True,True,True,True,True
outlet_block,"{""outlet_block_factor"": 0.45}",1350128324,4127.060790753347,0.09904281441727286,0.05091326824295854,0.4558886049630571,0.0397671270929813,8.031249468132613,292.7505358120365,351.17303090292035,574.2920904832944,True,False,4167.0,False,False,True,True,True,True,False
outlet_block,"{""outlet_block_factor"": 0.45}",2111476013,2532.2176503164933,0.09060414942955033,0.05182834479715796,0.4528305860164315,0.02945083343414401,8.247452988330654,293.09655650585626,348.8058928725265,525.2189486857241,True,False,2589.0,True,True,True,True,True,True,True
outlet_block,"{""outlet_block_factor"": 0.45}",1513563282,4967.017379263205,0.10910639800850519,0.04845617212745547,0.5274119797879437,0.029318613137794665,9.896240025323145,287.9558964682424,350.3067264776658,494.65767317483375,True,False,5024.0,True,True,True,True,True,True,True
outlet_block,"{""outlet_block_factor"": 0.4}",230148588,4672.942753824784,0.09144499052018272,0.05151708885582304,0.45028735902995515,0.02850099549650376,8.328253248152702,290.84124586307564,352.52395368886937,518.4633894450219,True,False,4723.0,True,True,True,True,True,True,True
outlet_block,"{""outlet_block_factor"": 0.4}",2135095140,4294.557702544914,0.09192532432755444,0.051639992091063694,0.4611493913761045,0.029564229892194503,8.284948170839042,287.2851282342994,351.79450673631715,531.7215717663216,True,False,4343.0,True,True,True,True,True,True,True
outlet_block,"{""outlet_block_factor"": 0.4}",390657574,2517.505955752559,0.09906304526037393,0.05414997133863543,0.47972885649023067,0.03932755981210843,9.3964147383879,288.18467394601396,350.5628409634047,426.03060705667275,True,False,2553.0,False,False,False,True,True,True,False
outlet_block,"{""outlet_block_factor"": 0.4}",745755425,2836.9780743761653,0.09633745663855488,0.04918014752707529,0.4649542474099488,0.03227876092576833,9.35929535912577,285.7505534641995,345.6289273582884,500.2214271688659,True,False,2881.0,False,True,True,True,True,True,False
outlet_block,"{""outlet_block_factor"": 0.4}",1417773876,4724.120141159962,0.09229684728320084,0.0470215034186681,0.45918738050244795,0.0382085766736667,9.029478431734388,287.54219057487745,351.84985350043723,430.4089926888311,True,False,4761.0,False,False,False,True,True,True,False
outlet_block,"{""outlet_block_factor"": 0.4}",74579121,2271.040612584593,0.1075970466586624,0.052124274175322095,0.498569763880024,0.03553832712195072,9.875361300549356,294.75579386029705,345.1458768171429,471.11353630140434,True,False,2311.0,False,False,False,True,True,True,False
outlet_block,"{""outlet_block_factor"": 0.35}",920593501,3524.797914130201,0.09064643782104981,0.04592901135677631,0.5274182728066452,0.03340533921714591,8.711559993803014,288.25288354707726,352.6901338170234,490.48002525747955,True,False,3563.0,False,False,False,True,True,True,False
outlet_block,"{""outlet_block_factor"": 0.35}",1697713086,3650.260567316952,0.09248083593323277,0.052431391733406725,0.5056625324816404,0.03261205678444704,9.790178603686895,285.386022684273,349.8288331979874,501.8183721713425,True,False,3689.0,False,False,False,True,True,True,False
outlet_block,"{""outlet_block_factor"": 0.35}",654198900,2514.707589548026,0.09680626934830967,0.04775219445139816,0.5399485828076389,0.03257587780195526,9.910499699397237,287.39518737416694,352.4402675628181,547.0164809862624,True,False,2554.0,False,False,False,True,True,True,False
outlet_block,"{""outlet_block_factor"": 0.35}",1089695483,1521.2977447987082,0.10710371174667652,0.0480971352722613,0.5407061596541693,0.03899868236172549,8.476896682372566,290.62632635724793,348.4450350512914,554.4347292763794,True,False,1554.0,False,False,False,True,True,True,False
outlet_block,"{""outlet_block_factor"": 0.35}",624597429,2742.3825109838963,0.10219557145091414,0.05203621152535375,0.45493416800764436,0.0353893345754968,9.538395646966714,286.4957012735631,352.5015243811809,550.5695688635085,True,False,2778.0,False,False,False,True,True,True,False
outlet_block,"{""outlet_block_factor"": 0.35}",966596155,2854.778607045779,0.10609401535956213,0.052844990634059494,0.4529658569751584,0.038625029496981336,9.687332881219,292.233297817837,349.6124033278279,549.42621268852,True,False,2887.0,False,False,False,False,True,True,False
